Nodes,Instance,Solver_Canonical,EmbeddingRep,EmbeddingSeed,K_exact,Exact_rows,Unique_strict,Strict_occurrences,Families_complete_linkage,Exact_unique_bitstrings_for_families
150,0,DC-OSQA,1,9150001,59,2,2,2,2,2
150,0,DC-OSQA,2,9150002,59,422,422,427,59,422
150,0,DC-OSQA,3,9150003,59,780,780,883,62,780
150,0,DC-OSQA,4,9150004,59,419,419,470,38,419
150,0,DC-OSQA,5,9150005,59,563,563,676,42,563
150,0,QA-Base,1,9150001,59,6,6,6,2,6
150,0,QA-Base,2,9150002,59,516,516,622,39,516
150,0,QA-Base,3,9150003,59,502,502,832,25,502
150,0,QA-Base,4,9150004,59,456,456,701,28,456
150,0,QA-Base,5,9150005,59,484,484,740,25,484
150,1,DC-OSQA,1,9150101,64,12,12,12,5,12
150,1,DC-OSQA,2,9150102,64,298,298,299,85,298
150,1,DC-OSQA,3,9150103,64,182,182,182,49,182
150,1,DC-OSQA,4,9150104,64,122,122,122,37,122
150,1,DC-OSQA,5,9150105,64,405,405,407,89,405
150,1,QA-Base,1,9150101,64,14,14,16,2,14
150,1,QA-Base,2,9150102,64,241,241,383,19,241
150,1,QA-Base,3,9150103,64,154,154,307,10,154
150,1,QA-Base,4,9150104,64,427,427,545,29,427
150,1,QA-Base,5,9150105,64,108,108,134,12,108
150,2,DC-OSQA,1,9150201,60,575,575,648,42,575
150,2,DC-OSQA,2,9150202,60,622,622,831,39,622
150,2,DC-OSQA,3,9150203,60,696,696,959,40,696
150,2,DC-OSQA,4,9150204,60,679,679,853,44,679
150,2,DC-OSQA,5,9150205,60,699,699,844,44,699
150,2,QA-Base,1,9150201,60,161,161,271,8,161
150,2,QA-Base,2,9150202,60,137,137,380,7,137
150,2,QA-Base,3,9150203,60,223,223,619,11,223
150,2,QA-Base,4,9150204,60,258,258,790,9,258
150,2,QA-Base,5,9150205,60,245,245,715,11,245
150,3,DC-OSQA,1,9150301,60,615,608,894,30,608
150,3,DC-OSQA,2,9150302,60,420,420,773,18,420
150,3,DC-OSQA,3,9150303,60,313,313,690,14,313
150,3,DC-OSQA,4,9150304,60,278,278,803,12,278
150,3,DC-OSQA,5,9150305,60,241,241,579,7,241
150,3,QA-Base,1,9150301,60,453,423,795,20,423
150,3,QA-Base,2,9150302,60,153,153,255,8,153
150,3,QA-Base,3,9150303,60,218,218,395,10,218
150,3,QA-Base,4,9150304,60,242,242,550,10,242
150,3,QA-Base,5,9150305,60,206,206,641,9,206
150,4,DC-OSQA,1,9150401,61,631,631,877,42,631
150,4,DC-OSQA,2,9150402,61,610,610,870,39,610
150,4,DC-OSQA,3,9150403,61,490,490,558,39,490
150,4,DC-OSQA,4,9150404,61,246,246,278,24,246
150,4,DC-OSQA,5,9150405,61,638,638,908,37,638
150,4,QA-Base,1,9150401,61,86,86,95,9,86
150,4,QA-Base,2,9150402,61,206,206,410,12,206
150,4,QA-Base,3,9150403,61,315,315,564,17,315
150,4,QA-Base,4,9150404,61,191,191,215,16,191
150,4,QA-Base,5,9150405,61,381,381,837,18,381
150,5,DC-OSQA,1,9150501,58,0,0,0,0,0
150,5,DC-OSQA,2,9150502,58,746,745,938,50,745
150,5,DC-OSQA,3,9150503,58,831,831,955,58,831
150,5,DC-OSQA,4,9150504,58,737,737,897,53,737
150,5,DC-OSQA,5,9150505,58,861,861,990,63,861
150,5,QA-Base,1,9150501,58,13,13,14,2,13
150,5,QA-Base,2,9150502,58,333,333,855,14,333
150,5,QA-Base,3,9150503,58,329,329,897,16,329
150,5,QA-Base,4,9150504,58,465,465,939,19,465
150,5,QA-Base,5,9150505,58,255,255,957,9,255
150,6,DC-OSQA,1,9150601,64,734,734,736,124,734
150,6,DC-OSQA,2,9150602,64,951,951,961,195,951
150,6,DC-OSQA,3,9150603,64,133,133,133,36,133
150,6,DC-OSQA,4,9150604,64,903,902,905,177,902
150,6,DC-OSQA,5,9150605,64,480,480,484,142,480
150,6,QA-Base,1,9150601,64,371,371,546,27,371
150,6,QA-Base,2,9150602,64,689,686,890,57,686
150,6,QA-Base,3,9150603,64,275,275,315,32,275
150,6,QA-Base,4,9150604,64,718,708,863,73,708
150,6,QA-Base,5,9150605,64,552,552,648,55,552
150,7,DC-OSQA,1,9150701,70,912,912,912,415,912
150,7,DC-OSQA,2,9150702,70,890,890,890,419,890
150,7,DC-OSQA,3,9150703,70,811,811,811,294,811
150,7,DC-OSQA,4,9150704,70,956,956,956,425,956
150,7,DC-OSQA,5,9150705,70,0,0,0,0,0
150,7,QA-Base,1,9150701,70,431,431,449,102,431
150,7,QA-Base,2,9150702,70,473,473,477,123,473
150,7,QA-Base,3,9150703,70,381,380,388,86,380
150,7,QA-Base,4,9150704,70,740,740,741,216,740
150,7,QA-Base,5,9150705,70,2,2,2,1,2
150,8,DC-OSQA,1,9150801,67,863,863,863,336,863
150,8,DC-OSQA,2,9150802,67,924,924,925,325,924
150,8,DC-OSQA,3,9150803,67,777,777,778,251,777
150,8,DC-OSQA,4,9150804,67,906,906,906,354,906
150,8,DC-OSQA,5,9150805,67,26,26,26,18,26
150,8,QA-Base,1,9150801,67,739,739,754,157,739
150,8,QA-Base,2,9150802,67,436,436,455,71,436
150,8,QA-Base,3,9150803,67,486,486,515,76,486
150,8,QA-Base,4,9150804,67,686,686,716,94,686
150,8,QA-Base,5,9150805,67,378,378,388,60,378
150,9,DC-OSQA,1,9150901,65,571,571,595,74,571
150,9,DC-OSQA,2,9150902,65,271,271,277,44,271
150,9,DC-OSQA,3,9150903,65,654,653,685,69,653
150,9,DC-OSQA,4,9150904,65,545,545,555,82,545
150,9,DC-OSQA,5,9150905,65,170,169,171,35,169
150,9,QA-Base,1,9150901,65,9,9,9,4,9
150,9,QA-Base,2,9150902,65,1,1,1,1,1
150,9,QA-Base,3,9150903,65,111,110,120,10,110
150,9,QA-Base,4,9150904,65,2,2,2,1,2
150,9,QA-Base,5,9150905,65,7,7,7,1,7
150,10,DC-OSQA,1,9151001,61,788,788,872,67,788
150,10,DC-OSQA,2,9151002,61,600,600,733,50,600
150,10,DC-OSQA,3,9151003,61,3,3,3,3,3
150,10,DC-OSQA,4,9151004,61,662,662,838,54,662
150,10,DC-OSQA,5,9151005,61,774,774,872,59,774
150,10,QA-Base,1,9151001,61,210,210,281,12,210
150,10,QA-Base,2,9151002,61,282,282,383,23,282
150,10,QA-Base,3,9151003,61,8,8,8,3,8
150,10,QA-Base,4,9151004,61,322,322,521,20,322
150,10,QA-Base,5,9151005,61,360,360,446,28,360
150,11,DC-OSQA,1,9151101,62,538,538,565,64,538
150,11,DC-OSQA,2,9151102,62,135,135,135,26,135
150,11,DC-OSQA,3,9151103,62,537,537,583,62,537
150,11,DC-OSQA,4,9151104,62,420,420,440,50,420
150,11,DC-OSQA,5,9151105,62,89,89,91,18,89
150,11,QA-Base,1,9151101,62,8,8,8,3,8
150,11,QA-Base,2,9151102,62,4,4,4,2,4
150,11,QA-Base,3,9151103,62,15,15,15,3,15
150,11,QA-Base,4,9151104,62,5,5,5,2,5
150,11,QA-Base,5,9151105,62,4,4,4,2,4
150,12,DC-OSQA,1,9151201,69,5,5,5,3,5
150,12,DC-OSQA,2,9151202,69,15,15,15,7,15
150,12,DC-OSQA,3,9151203,69,303,303,303,84,303
150,12,DC-OSQA,4,9151204,69,155,155,155,51,155
150,12,DC-OSQA,5,9151205,69,2,2,2,2,2
150,12,QA-Base,1,9151201,69,1,1,1,1,1
150,12,QA-Base,2,9151202,69,15,15,16,5,15
150,12,QA-Base,3,9151203,69,15,15,15,7,15
150,12,QA-Base,4,9151204,69,35,35,36,15,35
150,12,QA-Base,5,9151205,69,0,0,0,0,0
150,13,DC-OSQA,1,9151301,66,82,82,83,14,82
150,13,DC-OSQA,2,9151302,66,581,581,651,51,581
150,13,DC-OSQA,3,9151303,66,161,161,169,22,161
150,13,DC-OSQA,4,9151304,66,9,9,9,2,9
150,13,DC-OSQA,5,9151305,66,288,288,316,30,288
150,13,QA-Base,1,9151301,66,0,0,0,0,0
150,13,QA-Base,2,9151302,66,1,1,1,1,1
150,13,QA-Base,3,9151303,66,4,4,4,1,4
150,13,QA-Base,4,9151304,66,0,0,0,0,0
150,13,QA-Base,5,9151305,66,4,4,4,1,4
150,14,DC-OSQA,1,9151401,60,32,32,32,10,32
150,14,DC-OSQA,2,9151402,60,679,668,943,35,668
150,14,DC-OSQA,3,9151403,60,897,897,941,80,897
150,14,DC-OSQA,4,9151404,60,414,414,435,40,414
150,14,DC-OSQA,5,9151405,60,427,427,581,30,427
150,14,QA-Base,1,9151401,60,210,210,284,11,210
150,14,QA-Base,2,9151402,60,303,300,628,14,300
150,14,QA-Base,3,9151403,60,532,532,676,35,532
150,14,QA-Base,4,9151404,60,582,582,794,38,582
150,14,QA-Base,5,9151405,60,149,149,171,14,149
150,15,DC-OSQA,1,9151501,66,219,219,219,66,219
150,15,DC-OSQA,2,9151502,66,15,15,15,7,15
150,15,DC-OSQA,3,9151503,66,45,45,45,17,45
150,15,DC-OSQA,4,9151504,66,188,188,188,64,188
150,15,DC-OSQA,5,9151505,66,92,92,92,34,92
150,15,QA-Base,1,9151501,66,1,1,1,1,1
150,15,QA-Base,2,9151502,66,0,0,0,0,0
150,15,QA-Base,3,9151503,66,34,34,34,9,34
150,15,QA-Base,4,9151504,66,1,1,1,1,1
150,15,QA-Base,5,9151505,66,0,0,0,0,0
150,16,DC-OSQA,1,9151601,67,852,852,852,272,852
150,16,DC-OSQA,2,9151602,67,888,888,889,235,888
150,16,DC-OSQA,3,9151603,67,787,787,787,200,787
150,16,DC-OSQA,4,9151604,67,633,633,634,197,633
150,16,DC-OSQA,5,9151605,67,740,740,741,255,740
150,16,QA-Base,1,9151601,67,234,234,237,53,234
150,16,QA-Base,2,9151602,67,362,362,367,72,362
150,16,QA-Base,3,9151603,67,630,630,650,107,630
150,16,QA-Base,4,9151604,67,381,381,384,88,381
150,16,QA-Base,5,9151605,67,210,210,213,46,210
150,17,DC-OSQA,1,9151701,65,890,890,927,99,890
150,17,DC-OSQA,2,9151702,65,559,558,600,56,558
150,17,DC-OSQA,3,9151703,65,785,785,967,52,785
150,17,DC-OSQA,4,9151704,65,591,591,658,62,591
150,17,DC-OSQA,5,9151705,65,866,866,954,78,866
150,17,QA-Base,1,9151701,65,110,110,116,17,110
150,17,QA-Base,2,9151702,65,356,343,424,32,343
150,17,QA-Base,3,9151703,65,602,602,867,41,602
150,17,QA-Base,4,9151704,65,327,327,401,28,327
150,17,QA-Base,5,9151705,65,367,367,527,25,367
150,18,DC-OSQA,1,9151801,68,26,26,26,9,26
150,18,DC-OSQA,2,9151802,68,633,582,928,38,582
150,18,DC-OSQA,3,9151803,68,533,524,908,32,524
150,18,DC-OSQA,4,9151804,68,60,54,75,4,54
150,18,DC-OSQA,5,9151805,68,596,596,924,31,596
150,18,QA-Base,1,9151801,68,150,150,555,7,150
150,18,QA-Base,2,9151802,68,453,373,920,19,373
150,18,QA-Base,3,9151803,68,147,146,904,5,146
150,18,QA-Base,4,9151804,68,160,160,316,12,160
150,18,QA-Base,5,9151805,68,147,147,853,5,147
150,19,DC-OSQA,1,9151901,62,882,882,887,197,882
150,19,DC-OSQA,2,9151902,62,100,100,100,46,100
150,19,DC-OSQA,3,9151903,62,808,808,809,199,808
150,19,DC-OSQA,4,9151904,62,871,871,873,225,871
150,19,DC-OSQA,5,9151905,62,935,935,940,214,935
150,19,QA-Base,1,9151901,62,669,669,730,68,669
150,19,QA-Base,2,9151902,62,23,23,23,10,23
150,19,QA-Base,3,9151903,62,289,289,306,35,289
150,19,QA-Base,4,9151904,62,772,772,871,76,772
150,19,QA-Base,5,9151905,62,691,689,722,90,689
