Instance,EmbeddingRep,EmbeddingSeed,DC-OSQA__Families_complete_linkage,QA-Base__Families_complete_linkage,DC-OSQA__Strict_occurrences,QA-Base__Strict_occurrences,DC-OSQA__Unique_strict,QA-Base__Unique_strict
0,1,9150001,2,2,2,6,2,6
0,2,9150002,59,39,427,622,422,516
0,3,9150003,62,25,883,832,780,502
0,4,9150004,38,28,470,701,419,456
0,5,9150005,42,25,676,740,563,484
1,1,9150101,5,2,12,16,12,14
1,2,9150102,85,19,299,383,298,241
1,3,9150103,49,10,182,307,182,154
1,4,9150104,37,29,122,545,122,427
1,5,9150105,89,12,407,134,405,108
2,1,9150201,42,8,648,271,575,161
2,2,9150202,39,7,831,380,622,137
2,3,9150203,40,11,959,619,696,223
2,4,9150204,44,9,853,790,679,258
2,5,9150205,44,11,844,715,699,245
3,1,9150301,30,20,894,795,608,423
3,2,9150302,18,8,773,255,420,153
3,3,9150303,14,10,690,395,313,218
3,4,9150304,12,10,803,550,278,242
3,5,9150305,7,9,579,641,241,206
4,1,9150401,42,9,877,95,631,86
4,2,9150402,39,12,870,410,610,206
4,3,9150403,39,17,558,564,490,315
4,4,9150404,24,16,278,215,246,191
4,5,9150405,37,18,908,837,638,381
5,1,9150501,0,2,0,14,0,13
5,2,9150502,50,14,938,855,745,333
5,3,9150503,58,16,955,897,831,329
5,4,9150504,53,19,897,939,737,465
5,5,9150505,63,9,990,957,861,255
6,1,9150601,124,27,736,546,734,371
6,2,9150602,195,57,961,890,951,686
6,3,9150603,36,32,133,315,133,275
6,4,9150604,177,73,905,863,902,708
6,5,9150605,142,55,484,648,480,552
7,1,9150701,415,102,912,449,912,431
7,2,9150702,419,123,890,477,890,473
7,3,9150703,294,86,811,388,811,380
7,4,9150704,425,216,956,741,956,740
7,5,9150705,0,1,0,2,0,2
8,1,9150801,336,157,863,754,863,739
8,2,9150802,325,71,925,455,924,436
8,3,9150803,251,76,778,515,777,486
8,4,9150804,354,94,906,716,906,686
8,5,9150805,18,60,26,388,26,378
9,1,9150901,74,4,595,9,571,9
9,2,9150902,44,1,277,1,271,1
9,3,9150903,69,10,685,120,653,110
9,4,9150904,82,1,555,2,545,2
9,5,9150905,35,1,171,7,169,7
10,1,9151001,67,12,872,281,788,210
10,2,9151002,50,23,733,383,600,282
10,3,9151003,3,3,3,8,3,8
10,4,9151004,54,20,838,521,662,322
10,5,9151005,59,28,872,446,774,360
11,1,9151101,64,3,565,8,538,8
11,2,9151102,26,2,135,4,135,4
11,3,9151103,62,3,583,15,537,15
11,4,9151104,50,2,440,5,420,5
11,5,9151105,18,2,91,4,89,4
12,1,9151201,3,1,5,1,5,1
12,2,9151202,7,5,15,16,15,15
12,3,9151203,84,7,303,15,303,15
12,4,9151204,51,15,155,36,155,35
12,5,9151205,2,0,2,0,2,0
13,1,9151301,14,0,83,0,82,0
13,2,9151302,51,1,651,1,581,1
13,3,9151303,22,1,169,4,161,4
13,4,9151304,2,0,9,0,9,0
13,5,9151305,30,1,316,4,288,4
14,1,9151401,10,11,32,284,32,210
14,2,9151402,35,14,943,628,668,300
14,3,9151403,80,35,941,676,897,532
14,4,9151404,40,38,435,794,414,582
14,5,9151405,30,14,581,171,427,149
15,1,9151501,66,1,219,1,219,1
15,2,9151502,7,0,15,0,15,0
15,3,9151503,17,9,45,34,45,34
15,4,9151504,64,1,188,1,188,1
15,5,9151505,34,0,92,0,92,0
16,1,9151601,272,53,852,237,852,234
16,2,9151602,235,72,889,367,888,362
16,3,9151603,200,107,787,650,787,630
16,4,9151604,197,88,634,384,633,381
16,5,9151605,255,46,741,213,740,210
17,1,9151701,99,17,927,116,890,110
17,2,9151702,56,32,600,424,558,343
17,3,9151703,52,41,967,867,785,602
17,4,9151704,62,28,658,401,591,327
17,5,9151705,78,25,954,527,866,367
18,1,9151801,9,7,26,555,26,150
18,2,9151802,38,19,928,920,582,373
18,3,9151803,32,5,908,904,524,146
18,4,9151804,4,12,75,316,54,160
18,5,9151805,31,5,924,853,596,147
19,1,9151901,197,68,887,730,882,669
19,2,9151902,46,10,100,23,100,23
19,3,9151903,199,35,809,306,808,289
19,4,9151904,225,76,873,871,871,772
19,5,9151905,214,90,940,722,935,689
