N,included,schedule,dc_gain_mean,dc_gain_ci_lo,dc_gain_ci_hi,shuffle_gain_mean,shuffle_gain_ci_lo,shuffle_gain_ci_hi,dc_minus_shuffle_mean,dc_minus_shuffle_ci_lo,dc_minus_shuffle_ci_hi,dc_gt_shuffle
18,32,linear,0.19159382473165115,0.021577275860044043,0.3879278111935855,-0.23157615583122215,-0.301595876114704,-0.16277851656702216,0.42316998056287336,0.2463585120176427,0.6277530430369236,30
18,32,convex_power,0.35186227628244515,0.014567694103210703,0.7243648876622525,-0.7374224595430224,-0.9545737171804463,-0.5382965773056894,1.0892847358254678,0.7331165440463054,1.530184877461069,30
18,32,trig,0.09725720750977697,0.016874220231374828,0.20060417974674688,-0.014503253502908322,-0.0643134348141677,0.035637672320733255,0.11176046101268529,0.031224597416708508,0.2031260469529592,25
20,48,linear,0.23939827460610882,0.09593146980841495,0.41314021115326016,-0.21137504329583448,-0.2841917506433052,-0.14627032624474273,0.4507733179019433,0.28434892534361456,0.6403540681162995,43
20,48,convex_power,0.3357156610709933,0.020046861134850963,0.7280664081432779,-0.7437047847104106,-1.02177073921081,-0.5010548804018945,1.0794204457814038,0.6425883277014784,1.6114903691807412,42
20,48,trig,0.07636610913468055,0.013536120054372327,0.1430975394608121,-0.060055332427256664,-0.10945447630096557,-0.004799567126783266,0.13642144156193722,0.06557035711936271,0.2210042360258685,37
14,32,linear,0.19023579717001732,0.006077090107612925,0.4073752101690274,-0.1483969699161093,-0.2371535585564841,-0.08051022459409472,0.3386327670861266,0.17594891347143457,0.5337630913876155,29
14,32,convex_power,0.3017020874331827,-0.0015033520108438797,0.6544262088099123,-0.5767704091277996,-0.8792643688964497,-0.3500100927329074,0.8784724965609824,0.45059754137917324,1.4045888988465338,26
14,32,trig,0.054637303223976266,-0.02382870320450044,0.13304463678499032,-0.06213393161901888,-0.10776937703340256,-0.018295732746385854,0.11677123484299516,0.04911029131731034,0.20323203907961898,23
16,37,linear,0.14368348153599442,0.03430112425474581,0.26712561237723437,-0.165187292317579,-0.23931633012852274,-0.10207820244369262,0.3088707738535735,0.15146642489276207,0.4918843720603649,28
16,37,convex_power,0.2551472261316717,0.011709870318786762,0.5543671018942206,-0.49771984531010055,-0.6340094749788967,-0.3776146449833721,0.7528670714417722,0.4486256521175138,1.1331279333647875,33
16,37,trig,0.04812130386062724,-0.016175225627021048,0.11049567432958973,-0.046465617104691805,-0.10095343724397945,-0.004879158959249291,0.09458692096531905,0.042497801707300616,0.1543181592389296,29
