N,included,s,base_yield_mean,base_yield_ci_lo,base_yield_ci_hi,dc_yield_mean,dc_yield_ci_lo,dc_yield_ci_hi,base_seff_mean,base_seff_ci_lo,base_seff_ci_hi,dc_seff_mean,dc_seff_ci_lo,dc_seff_ci_hi,dc_base_yield_mean,dc_base_yield_ci_lo,dc_base_yield_ci_hi,dc_base_seff_mean,dc_base_seff_ci_lo,dc_base_seff_ci_hi
18,32,0.05,7.710088164282062e-05,6.182036752692434e-05,9.369014254355035e-05,6.328604996584669e-05,5.05520132083242e-05,7.692153558902508e-05,10.377110475746978,8.351618388612012,12.590021522629128,10.390895371432004,8.365359743438843,12.543595085331217,-1.3814831676973909e-05,-1.6944432671207567e-05,-1.1010211072238524e-05,0.013784895685024182,0.007833654585191805,0.021359393364545294
18,32,0.1,0.00011774364217042566,9.541546681581904e-05,0.00014233492849075367,8.804159177778733e-05,7.078937242276948e-05,0.00010654549244287306,10.379967893943626,8.353074478462513,12.59273851703328,10.39068813076176,8.365456757470698,12.543190769936691,-2.970205039263835e-05,-3.599945041900161e-05,-2.3967064009742706e-05,0.010720236818134804,0.004129890582898366,0.019413761763490793
18,32,0.15,0.00022201879319664957,0.00017958165782006808,0.0002681843198208741,0.0001449773558753036,0.00011649479110279369,0.00017568227486762763,10.28334261016341,8.275953295205648,12.458351704843029,10.33445107051699,8.331682273675206,12.472856398282735,-7.704143732134594e-05,-9.332791822633248e-05,-6.194107353737257e-05,0.0511084603535821,0.022452133417918192,0.08865163507366584
18,32,0.2,0.0003455952460609089,0.0002802123583558484,0.0004168593881971007,0.00021325023815206535,0.00017184167708970006,0.0002576303202675172,10.230968013354044,8.2435492189262,12.384510705750758,10.298331198712212,8.308120755181044,12.428245320330431,-0.00013234500790884355,-0.00015970566530539547,-0.00010668513583960539,0.06736318535816901,0.028935770664074184,0.11758010724512089
18,32,0.25,0.0005903195482871301,0.0004857884419418812,0.0007019959044378912,0.0003272239691143924,0.0002665597691635594,0.0003914973849256594,10.21068935254805,8.23414808334618,12.367345077437008,10.279376174482856,8.298335595264671,12.400293694910816,-0.0002630955791727376,-0.00031489582804399057,-0.00021424857457420863,0.06868682193480233,0.02701385332385124,0.12431377541015372
18,32,0.3,0.0009515800304368331,0.000784898160687891,0.001126659929234415,0.0005001818370349013,0.00040988138384254316,0.0005960361491990716,10.058119222666752,8.119174449704285,12.16280173744502,10.172567481410793,8.2209555823985,12.270567190440802,-0.0004513981934019316,-0.0005375073968742828,-0.0003688499324768561,0.11444825874404273,0.036774460555660714,0.21641430263987416
18,32,0.35,0.0015911594305057875,0.0013239052537114039,0.0018741720947027408,0.0008077956324783157,0.000666550801724951,0.0009538024724686856,10.01489707113258,8.090438895929717,12.104043063334451,10.118722844178922,8.182907206241818,12.193296552996285,-0.0007833637980274717,-0.0009230838763522104,-0.0006477034660357729,0.10382577304634139,0.03430343947352664,0.19348085305551874
18,32,0.39999999999999997,0.0029159901447424054,0.0024438614317374837,0.0034131436373084595,0.0014180443131922686,0.0011813918182032514,0.0016601356370523881,9.884957013381436,8.001847458126685,11.929746233934168,10.0867605995779,8.153914065658102,12.1612079439615,-0.0014979458315501363,-0.0017671625851037956,-0.001236808212884598,0.2018035861964671,0.0867006034036281,0.35253663334078905
18,32,0.44999999999999996,0.005113130639382322,0.004337793621094633,0.005899937695093107,0.002375512403890089,0.0019920112524680895,0.0027553097499391677,9.753244131116752,7.89987311353858,11.771272085373802,9.915469928494495,8.023818266131086,11.950288772561409,-0.002737618235492234,-0.0031868360806874933,-0.0023138594596234744,0.16222579737774387,0.04956066934039485,0.3012642977643184
18,32,0.49999999999999994,0.00963454975906833,0.008299155430619855,0.011002139407449306,0.004503917819091554,0.0038192525100044406,0.00518246799474634,9.656664999848033,7.840877042093082,11.633850368207815,9.876976609512331,8.007640348754016,11.875885851157054,-0.005130631939976776,-0.005868045003612966,-0.004392794944900479,0.2203116096643001,0.07197914735510762,0.41590996204535724
18,32,0.5499999999999999,0.01858536741077388,0.01633913126189696,0.020852741821028958,0.00907007192900351,0.0077451766145289905,0.010367269187513564,9.400611596336717,7.6375964010967605,11.31607948946392,9.66735167491557,7.861524423679866,11.62429133282553,-0.009515295481770368,-0.010614184353989519,-0.008377741714362957,0.26674007857885634,0.1395701623035227,0.4267414624871789
18,32,0.6,0.036694235926686226,0.03302558727216123,0.040235198414080034,0.018504788207286283,0.01620084207001866,0.02071567735269045,9.28165117347228,7.562950658926779,11.151983761856572,9.610011416810465,7.82652037734241,11.522005683380339,-0.018189447719399933,-0.019847059523108373,-0.01644726341793215,0.3283602433381837,0.1452064643665636,0.5609589183510028
18,32,0.65,0.07156585462979792,0.06651355609296604,0.0763443079105134,0.03952486372712754,0.035431231716387804,0.04342718676469797,9.080989802676893,7.414954073827859,10.93227896641009,9.373582140214348,7.649019216449139,11.226634452446207,-0.03204099090267038,-0.034222907437346045,-0.02979679644190011,0.29259233753745606,0.10531138863458862,0.5335517927079363
18,32,0.7,0.1406836016086301,0.1341471986982571,0.14658652553122573,0.0856044649585665,0.07893925619438863,0.09177865582603413,8.903469762216686,7.2782721192427635,10.695805715368621,9.220137162225003,7.552632345826441,11.04003050407485,-0.05507913665006365,-0.0590071528276111,-0.05142573091836061,0.316667400008317,0.14781549916366157,0.5337346959336463
18,32,0.75,0.2568196586506069,0.24899551647131343,0.26399001218797336,0.1767890429380216,0.1677413962388971,0.18509033820042592,8.693802176823185,7.122741796083386,10.422698666698162,8.976168316506396,7.371900254808448,10.722586971644871,-0.08003061571258532,-0.08800833891091503,-0.07261754060461222,0.2823661396832083,0.09248498442404132,0.51890624817908
18,32,0.7999999999999999,0.420048897027197,0.40998792240026843,0.4301078242662207,0.3323501996344387,0.3225404579534626,0.3416862092510696,8.499747420374574,6.968026639659109,10.18643152336742,8.770958256219874,7.211566563086384,10.477555639944613,-0.08769869739275835,-0.09766461480189316,-0.07863581734900799,0.2712108358453,0.08466230098043794,0.49514939748056497
18,32,0.85,0.60845718258233,0.5990006883094231,0.6180676564450094,0.5407923257889973,0.5309681394852958,0.5511278779298547,8.34111924934026,6.841399712795441,9.990754586210087,8.597371919458466,7.091551963084022,10.249732913454343,-0.06766485679333256,-0.07352825224618442,-0.062454811553618504,0.25625267011820596,0.07093580110103472,0.47008153837626016
18,32,0.9,0.781411286928421,0.7730670849940555,0.7893205605122955,0.7438728857822166,0.7349346797578409,0.7525016240232841,8.225926438614517,6.753482760302195,9.860428633009649,8.448527464161247,6.963790457421699,10.069742386610885,-0.03753840114620447,-0.041202549258775846,-0.03360311453657204,0.2226010255467286,0.03969561273389726,0.43294884937428585
18,32,0.95,0.9156732006627313,0.9021370704818451,0.9273834801375912,0.8936150266085453,0.8768655637070122,0.9080892240942178,8.170700696784413,6.712310334067978,9.79542196187803,8.368785754200552,6.889977297596348,9.977839482480109,-0.02205817405418614,-0.029312540770690922,-0.015125648777307595,0.19808505741613688,0.021346984237035717,0.39816791655247036
18,32,1.0,0.9669079296524234,0.9528424471876632,0.9789686585646571,0.9549220236080916,0.9360864416334232,0.9709329730686411,8.16040028733148,6.703916732058204,9.782301070007387,8.351994112063133,6.873975035098843,9.9592745388412,-0.011985906044331855,-0.019531917517425428,-0.005217451090291293,0.19159382473165218,0.016624158021606626,0.38651182509216203
20,48,0.05,2.437683793779359e-05,1.8802402344507456e-05,3.066095890916547e-05,1.9970295879534215e-05,1.53167114791267e-05,2.5237934106208872e-05,12.268809238358088,9.46484608596577,15.604962589431274,12.283643492549322,9.418513346824607,15.649077059178072,-4.406542058259383e-06,-5.389112588191622e-06,-3.52066931967934e-06,0.014834254191231902,0.009902957808756906,0.02050848471980436
20,48,0.1,3.9071572293399186e-05,3.0460456687424676e-05,4.8695841330236544e-05,2.916312585194512e-05,2.248747859973005e-05,3.6760097236087624e-05,12.274047459929443,9.468733509571251,15.611768109113607,12.283611259673437,9.418408679975967,15.649215541827253,-9.908446441454076e-06,-1.1931588200248194e-05,-8.054696164563072e-06,0.009563799743996607,0.004583449695763025,0.015252813297349127
20,48,0.15,7.648563435466368e-05,6.07492798647736e-05,9.413402377914372e-05,5.052527840528591e-05,3.918459902771821e-05,6.342802522992499e-05,12.135533528499325,9.361566954056096,15.422976479675118,12.181953671683607,9.350960469678244,15.506220867837612,-2.596035594937778e-05,-3.083799749465705e-05,-2.1434401787196604e-05,0.046420143184281754,0.02469176837115349,0.0709911656630303
20,48,0.2,0.0001230997181819261,9.856827359175252e-05,0.00015000201327670446,7.730538730897395e-05,6.032410124849392e-05,9.665121831596713e-05,12.059946070531923,9.303535120585137,15.312105534554876,12.120390767358195,9.310937609839986,15.42483471473581,-4.579433087295215e-05,-5.396858769497074e-05,-3.8174609003111264e-05,0.06044469682626958,0.030933635943697652,0.09325385968230059
20,48,0.25,0.00022196953128338667,0.00018193943533448026,0.000265987662709176,0.0001258701094673399,9.950036371300259e-05,0.00015584157866419484,11.993861795004774,9.277771025864123,15.20158522815283,12.075865913242552,9.283697073980402,15.35323499700328,-9.609942181604672e-05,-0.000111747548290363,-8.138142117365956e-05,0.08200411823779032,0.03679070192374074,0.13773170584919328
20,48,0.3,0.0003758439649346539,0.0003112276648553993,0.00044501961038342247,0.0002008697182988566,0.00016033145865328863,0.0002468190940337841,11.786347703726785,9.133080312760224,14.899594891317168,11.924235128520943,9.175572679305727,15.128465951718276,-0.0001749742466357972,-0.00020185127941471908,-0.00014955305614052885,0.13788742479415694,0.0557833613202871,0.23901264185947083
20,48,0.35,0.0006695939085264872,0.000564682612582045,0.0007824005815403228,0.000337507992861632,0.00027405237607464267,0.0004084864433376608,11.737729344732427,9.089201271495055,14.85280259210114,11.839217835281637,9.119646180760329,15.000536146807232,-0.00033208591566485517,-0.0003785844389346729,-0.00028830888315608074,0.10148849054920701,0.03680849983666692,0.1830573368660021
20,48,0.39999999999999997,0.0013068469463304382,0.0011279244566162823,0.001489000663742713,0.0006254612637142566,0.0005192308971847319,0.0007420329533202251,11.452497585175928,8.92131884145387,14.406370819953239,11.68814312766762,9.040905999269004,14.745649622318112,-0.0006813856826161821,-0.0007623504612330374,-0.000603619298802008,0.23564554249168743,0.10929398553322153,0.3927166630514833
20,48,0.44999999999999996,0.0024876829195314837,0.0021754277900109882,0.002803405116791607,0.0011486089688625592,0.0009662134517294121,0.0013518622497320212,11.401038770517829,8.861974829181278,14.371461627587948,11.546402952843822,8.926819302876783,14.597139898603618,-0.0013390739506689243,-0.001485437296871678,-0.0011960704320013369,0.1453641823259876,0.021135536512397343,0.3180668265898696
20,48,0.49999999999999994,0.005129657039418576,0.004590144351876875,0.005684591292087969,0.002324755759427139,0.002013194986158396,0.0026690441232599853,11.065411892253506,8.67911308284897,13.845565227356781,11.336103394700485,8.814008556262019,14.248089063065354,-0.0028049012799914396,-0.0030949872911293585,-0.0025228739656829014,0.2706915024469791,0.11361648965716657,0.45791562257527474
20,48,0.5499999999999999,0.011272900557379182,0.01028207810677,0.012245840482448079,0.005170310759607361,0.004562816032506354,0.005821104158727793,10.87791107419446,8.510571991103408,13.604385614052385,11.151406016610492,8.678731609016431,14.008369729883494,-0.00610258979777182,-0.0066051561515848714,-0.005595065983441967,0.27349494241603217,0.13393338028951668,0.44542120832342724
20,48,0.6,0.024615668288105852,0.022887024985210436,0.026217252733231666,0.011766302140883304,0.010696390300849781,0.01288616851987459,10.598557206262393,8.364090737904393,13.2034284977497,10.92492404267727,8.52378441436994,13.659168671334651,-0.01284936614722256,-0.013859915260007107,-0.01185197508781867,0.32636683641487646,0.15122175430996804,0.5496046702633072
20,48,0.65,0.0549008577256428,0.05204969936198996,0.05744318821391069,0.028519712022703814,0.02653378881086433,0.03054920765273605,10.402235579369053,8.21039264318978,12.932179151677769,10.705587609697345,8.384330048217311,13.332912943265764,-0.02638114570293898,-0.02836096249345621,-0.02442936623018854,0.3033520303282892,0.15155740760219955,0.4947218119407678
20,48,0.7,0.11847477641484233,0.11396911686267609,0.12267904624788765,0.06949542403166815,0.0659348477086874,0.07292272087257869,10.118930471257015,8.015540574865206,12.571419253523489,10.447646908093867,8.196411078879644,13.016529501889142,-0.04897935238317419,-0.05247241152025626,-0.045474816688436136,0.32871643683685436,0.1536509811717991,0.5345609914118141
20,48,0.75,0.2296169332049507,0.22267055851037917,0.23683347887060838,0.15803599880869829,0.15286350299212356,0.16270532297522228,9.824231933812628,7.79683420079724,12.175187071347587,10.11748337571018,7.974377053549045,12.544396524813934,-0.07158093439625243,-0.07745803635915721,-0.06582020619061132,0.29325144189755104,0.13776325842814527,0.48233311651340494
20,48,0.7999999999999999,0.3918703090305842,0.38198222792414877,0.4018341732137645,0.3134912575506878,0.3065843212215714,0.32025755172671605,9.580211944400052,7.613003837290163,11.834689692822195,9.885300968832585,7.8016611044952855,12.2356334919318,-0.07837905147989645,-0.08508679919469417,-0.07183628439499873,0.3050890244325322,0.13851803087203596,0.4995682904160373
20,48,0.85,0.5831324549473932,0.5737838318715963,0.5923368109116876,0.5233899943648938,0.5153203961638626,0.5313145257801787,9.394203828734605,7.486912292555333,11.609655396126453,9.681380962000338,7.646958407941985,11.981865053059137,-0.0597424605824995,-0.06383149490306339,-0.055920466518465044,0.28717713326573074,0.12392273484002524,0.47733628127804273
20,48,0.9,0.7694830399750656,0.7626595560603999,0.7761590929204223,0.7319316452848939,0.7259454360054892,0.7377622078246944,9.266084872771588,7.386023777163987,11.439041151633598,9.524663494037503,7.518780262757442,11.78683138846787,-0.03755139469017157,-0.04103621155950086,-0.03405903471815349,0.25857862126591724,0.10445985961863989,0.4381773379061096
20,48,0.95,0.9173548381050955,0.906639059830304,0.9251476410640698,0.8954276833183402,0.8848615174134152,0.9041574001660528,9.204870361516624,7.332337205595737,11.363706110258251,9.44812853004151,7.464492248479078,11.701617749590778,-0.021927154786755682,-0.026327197990708807,-0.01795068268263141,0.24325816852488377,0.09099688517298991,0.41247645671104
20,48,1.0,0.9719828845751938,0.9605304966957595,0.9799276540859971,0.9616218826616079,0.949118192437565,0.9713846428688349,9.191182340072197,7.32135715531685,11.346956616422585,9.430580614678307,7.452106256601631,11.679064410327744,-0.010361001913585938,-0.014677251004915296,-0.006914509467594397,0.23939827460611043,0.08784603026453638,0.40847684299678255
14,32,0.05,0.0009174736347734294,0.0006837682288671162,0.0012154163718613145,0.0007940526009814392,0.0005915839172258655,0.0010528214296917947,9.256966244678354,6.9502711514129345,12.343599961672382,9.26957098115156,6.89952481150455,12.267037511982377,-0.00012342103379199023,-0.00015936893653265593,-9.447750602057943e-05,0.012604736473202219,0.006445607188145442,0.020260718530083273
14,32,0.1,0.0012403521562822622,0.0009425354408232948,0.0016139188842488833,0.0010037706149204455,0.0007565173735325574,0.001319772051601685,9.257454094056909,6.950494627382336,12.344349927058769,9.268819709954009,6.898907599364564,12.266159669826786,-0.00023658154136181663,-0.0002956138920130756,-0.00018868774900271585,0.01136561589710311,0.0052246852280579585,0.01907965401122507
14,32,0.15,0.001979429937293919,0.00152415662419727,0.0025522123513534315,0.001446835996459576,0.0010974333818861686,0.0018902229387609526,9.167803283080902,6.8851965903725,12.221738436594315,9.222898633641773,6.872299931692548,12.207406433279454,-0.0005325939408343434,-0.0006612359923606491,-0.00042846448495599174,0.055095350560870796,0.026459638102521485,0.09059700717923388
14,32,0.2,0.00273770942433188,0.0021341343147216253,0.003490035223718057,0.0019142207007979074,0.0014638782627087643,0.0024829630046238663,9.124233792889454,6.854806800602506,12.155717719154493,9.194252835150534,6.856246938310225,12.168889036989295,-0.0008234887235339728,-0.0010123141628474283,-0.0006715346941990348,0.07001904226108113,0.03230010908246526,0.11721173766798697
14,32,0.25,0.003959457549885568,0.0032015836853147503,0.004882777248646152,0.0025679909588054426,0.002013124113993644,0.003254794799315933,9.09052202843474,6.836117738371248,12.102953699482578,9.16974052261092,6.843174292661656,12.137297642228535,-0.0013914665910801259,-0.0016439465351194003,-0.0011845106058084348,0.07921849417618064,0.03536617146005556,0.13380618235674682
14,32,0.3,0.005606512960819495,0.004589036791306084,0.006858669580183081,0.003512848185204021,0.0027707837374436038,0.004423107217233667,8.925177646873276,6.732340530914103,11.856193716204421,9.068290681291193,6.782848375338028,12.002441225641538,-0.0020936647756154723,-0.002445003564129542,-0.001800482161006328,0.14311303441791934,0.05957504985465273,0.25136974955538877
14,32,0.35,0.00821029163207382,0.0069009692276726245,0.009789895419450512,0.004934341622551376,0.003999897500591669,0.00607710308973797,8.923588323338741,6.733774793857362,11.857324412215641,9.037035022703513,6.766738694171193,11.952336156273217,-0.0032759500095224424,-0.0037606995135077074,-0.0028674415623763344,0.11344669936476931,0.04531669388215326,0.20007087183485744
14,32,0.39999999999999997,0.012642036401100627,0.011032696129212908,0.014535054563172558,0.007196605571624653,0.006030177968964261,0.008606510306138371,8.745218303177849,6.611945867250503,11.591575153754444,8.964922382799037,6.715335585991457,11.841656818959784,-0.005445430829475973,-0.006054955043738002,-0.004876628018220064,0.21970407962118602,0.10338824538413408,0.36668788685913734
14,32,0.44999999999999996,0.018847392081021774,0.016793016695735095,0.021237777162830453,0.010396178923639051,0.00885210237871454,0.012208988624986372,8.651586139145083,6.572167641670682,11.420156881537954,8.827776283312833,6.63430791292911,11.621169825550297,-0.008451213157382715,-0.009217175816033747,-0.0077031282495230394,0.17619014416774986,0.06396000866730386,0.3195841329894992
14,32,0.49999999999999994,0.030124588614580488,0.027474913681894572,0.03306477140815849,0.01677359417852957,0.014816988148059256,0.019013138749415036,8.51033797655534,6.469517655235807,11.221990723111757,8.780846204950564,6.591453415069631,11.58283484620999,-0.013350994436050919,-0.014571957058658117,-0.012163822528770518,0.2705082283952214,0.11684278051528478,0.4673967100257993
14,32,0.5499999999999999,0.04971765335964819,0.046578792301479294,0.05297060823190902,0.027143252714479957,0.02453523741788244,0.02993660759109737,8.34354268538463,6.395712116323997,10.92149940367823,8.55911666414517,6.48008872580938,11.186332047628396,-0.022574400645168243,-0.024225469788005025,-0.020916245723076474,0.2155739787605404,0.08517614860012167,0.3815183881504429
14,32,0.6,0.08211549125815927,0.07808057315049047,0.08598481336844346,0.046848187195703286,0.04365222471650087,0.050187259451000936,8.149947971076795,6.295157230238075,10.563759537558859,8.499181195267052,6.434919926177942,11.131273302913067,-0.03526730406245597,-0.03819772218840266,-0.032453760535457794,0.3492332241902554,0.12407308750462356,0.6562763022067831
14,32,0.65,0.13598432318992362,0.13109704169277864,0.14034884669298603,0.08282004481716485,0.07863899530826371,0.08681923185537256,8.018465922472018,6.195119622701007,10.415191056765087,8.273862508119473,6.325746610590784,10.745550321210578,-0.053164278372758784,-0.05778435737269632,-0.04884280694046288,0.2553965856474576,0.11065015313392355,0.4358461120073616
14,32,0.7,0.22281143681627005,0.21716721510134893,0.22804450688376487,0.14917896105677722,0.14382227197078296,0.153820780903394,7.794373076085122,6.087294576667127,9.994332847375315,8.090871280063173,6.22972453385333,10.46170790295232,-0.07363247575949282,-0.07906619911110291,-0.068578686236119,0.2964982039780505,0.12326956061042023,0.5253925285203332
14,32,0.75,0.34537307251916843,0.3372496184971056,0.35322142381677324,0.25924533457868304,0.25149963538752373,0.2660718872662445,7.614797471159598,5.9789618788235375,9.70689632743768,7.885410802767737,6.11637401743374,10.135974192130456,-0.08612773794048549,-0.09393457212650849,-0.07921335942113768,0.27061333160814066,0.08087648668288974,0.5142295693220653
14,32,0.7999999999999999,0.4993819805278422,0.4896545504988366,0.5083810125655098,0.415981139155915,0.405783380394532,0.42518735207842906,7.437619762614232,5.880372138203833,9.408722226497652,7.687566890382143,6.008241102983492,9.795519486736419,-0.08340084137192724,-0.09060621308990978,-0.0769424031463218,0.24994712776791295,0.06100104262390945,0.4780864053386734
14,32,0.85,0.6673140276061592,0.6580334232252805,0.6758076524152319,0.6053396523749851,0.5936684609548766,0.6154438592217295,7.271427705751343,5.783991645180452,9.128210943234942,7.514511380185173,5.911720431801809,9.522057828789517,-0.06197437523117376,-0.06707654288639549,-0.05715453421997045,0.24308367443383144,0.04507796098874148,0.4797306318400359
14,32,0.9,0.8259354374730135,0.8200615623126783,0.8311465990847673,0.7867160537442109,0.7786115898482919,0.7935160488830354,7.156865830569324,5.716426335103077,8.940090586255968,7.387370082491244,5.848306337836106,9.315076651082878,-0.03921938372880247,-0.042613575676572896,-0.03603673665515166,0.23050425192191773,0.0340991729689258,0.4613577479764831
14,32,0.95,0.9448361059779373,0.9406073057866983,0.9481257989148357,0.9263634307870232,0.9205496157922012,0.9309547485864254,7.106041258989944,5.683430217677031,8.864179722302408,7.308196601228452,5.807126169634403,9.183226250745756,-0.01847267519091404,-0.021635075938318215,-0.0159486365522191,0.2021553422385056,0.01601619141308722,0.4182027014919577
14,32,1.0,0.9868479563327233,0.9832774382406904,0.9890254158036079,0.9805668534464643,0.9750573305023925,0.9845538480064528,7.095985737458688,5.676264016398456,8.845975850082004,7.286221534628704,5.794489547201474,9.147263339215758,-0.006281102886259115,-0.009144182571779248,-0.004198032963066956,0.1902357971700166,0.007821403947825276,0.40013563391791745
16,37,0.05,0.00022914251505677874,0.00018330991234162764,0.0002800906383047656,0.00019234793432391437,0.00015448206298365296,0.0002361788417008371,8.409186208814218,6.715401292731039,10.344603937028833,8.419968760241565,6.748261308739147,10.278711866554847,-3.679458073286444e-05,-4.497610939565774e-05,-2.9724766019199256e-05,0.010782551427351003,0.005594357006944361,0.01741841506062343
16,37,0.1,0.000332948270604642,0.0002691736697443598,0.00040366254901630545,0.0002565417808877314,0.00020720344895621787,0.00031332895837814993,8.412794192153177,6.718030968031702,10.347852040821905,8.41965228349989,6.747932675399575,10.278614603224836,-7.640648971691056e-05,-9.185183782439592e-05,-6.294792472628526e-05,0.0068580913467160415,0.0021101207478507757,0.013472066479089823
16,37,0.15,0.0005810560969700035,0.0004733924820518507,0.0006997555460666467,0.0003961421675398682,0.0003213636795048638,0.0004822263359585079,8.340599972568116,6.673841345380872,10.244263858907722,8.375078085137922,6.716881588060166,10.211592707127451,-0.00018491392943013543,-0.00022039658198235227,-0.00015324583288284832,0.03447811256980804,0.013513431949830842,0.06286595136128381
16,37,0.2,0.0008592824649183744,0.0007053463731660083,0.0010297245625590162,0.0005550945856372946,0.0004519808787520049,0.0006731484331726842,8.30504344527478,6.649470001336577,10.19880466898131,8.346779183537723,6.698083558719285,10.178004838063215,-0.00030418787928107973,-0.00036025736785387383,-0.00025366553810615217,0.0417357382629433,0.014627322324171674,0.07866105055534532
16,37,0.25,0.0013793091747672827,0.0011581684662533085,0.0016234268387334942,0.0008087243262548206,0.0006688459005971209,0.0009696892317865444,8.296093971882106,6.6409970095450825,10.182033932858898,8.335048991256551,6.687693758073384,10.164000624681238,-0.0005705848485124619,-0.000660418937935434,-0.0004862732941306059,0.03895501937444331,0.01001317201814349,0.0769065130534524
16,37,0.3,0.002101767308570348,0.0017853215430841632,0.002446239308550093,0.001174755234656089,0.0009773023445825222,0.0013972472923142116,8.187656909003234,6.575089154972097,10.030197356805482,8.254315465923577,6.633488377067998,10.060842966773269,-0.0009270120739142592,-0.001055969440307278,-0.0008041177941701668,0.06665855692034502,0.012464088495386725,0.13869494709472985
16,37,0.35,0.0033432050677955766,0.002889527288598131,0.00383864289293775,0.0017980916245007564,0.0015156750877033305,0.002113366003886563,8.16088517515775,6.552404089841885,9.994849123017646,8.21909644206058,6.605814564574465,10.015418019583493,-0.0015451134432948206,-0.0017387039166793716,-0.001360305919522068,0.0582112669028339,0.011127718027156373,0.12144869017810052
16,37,0.39999999999999997,0.005789463695490003,0.005089097951747418,0.006532706820807922,0.0029440733827975785,0.002529659534821641,0.0034032714871568073,8.078341296564837,6.4981211183413,9.871794125245863,8.203685812784562,6.597202225905015,9.99043637571016,-0.0028453903126924246,-0.003177876974126729,-0.0025215841397517786,0.12534451621972265,0.05240850067300261,0.22002971228858484
16,37,0.44999999999999996,0.00937989130679056,0.008400047318154198,0.010383311950052663,0.004632878956932035,0.004051121130467908,0.005281010462671053,7.973026939799988,6.421400786342009,9.725024230839534,8.063363756741188,6.486640988245556,9.816767122476083,-0.004747012349858524,-0.005201280526033162,-0.004297559188905814,0.09033681694120203,0.01164460151857416,0.18883256125088285
16,37,0.49999999999999994,0.016800032171753757,0.015318576265776635,0.018261204995158656,0.008374553901691844,0.007470755770768433,0.009360846162654179,7.9011582139876895,6.375364384827769,9.626843380291026,8.07313444740922,6.503491750189746,9.81028865394276,-0.00842547827006192,-0.009130331352172475,-0.007698606548149321,0.17197623342152962,0.07217925288861152,0.2967038114946963
16,37,0.5499999999999999,0.030370100139128234,0.02822025014928866,0.0324347630914433,0.015313078479364991,0.013841729969801285,0.016858598624226066,7.749634391169231,6.28210432345816,9.411305831406164,7.885039013715085,6.377699138602152,9.559049626030312,-0.01505702165976324,-0.016028952616065247,-0.014049277696523253,0.1354046225458583,0.03708437542191151,0.25843137133211674
16,37,0.6,0.05604637792101473,0.05290931489326794,0.05895132252677165,0.029567170008004635,0.027371325885539227,0.031835020810171276,7.618531412648382,6.189753658466148,9.243931975797135,7.864675641510126,6.3622273176438275,9.528454998130377,-0.02647920791301011,-0.028150370633971307,-0.024791911216157925,0.24614422886174384,0.1128892830885285,0.41148828973635004
16,37,0.65,0.10174493418528734,0.09782370211393794,0.10510270825146914,0.05833340219663551,0.054919339005350815,0.061732361940182376,7.507026604111976,6.122091550746838,9.07351392589096,7.699652434500224,6.255726212956123,9.296296973788914,-0.04341153198865185,-0.046430801748915694,-0.040530578021731,0.19262583038824974,0.08303761327559907,0.3208802037896874
16,37,0.7,0.18350142549149853,0.17937878319057174,0.18754148185504144,0.11677945929389436,0.11193833205331957,0.12152534537252982,7.3294128004586145,6.006508327901587,8.834934020168898,7.546083393916679,6.140818987468862,9.101199986521454,-0.06672196619760418,-0.07107020390864148,-0.06258108519197784,0.2166705934580628,0.0861855845906519,0.37689574069611764
16,37,0.75,0.305130936081229,0.29915876958951176,0.31131374377417353,0.22188174432891927,0.21607201047094826,0.2275089899483235,7.160509076034752,5.890286999752982,8.600420234016468,7.395035642874583,6.051036725660393,8.895075173099388,-0.0832491917523097,-0.09044644425160778,-0.07646158729148604,0.23452656683982936,0.09532707611196196,0.40435910222341975
16,37,0.7999999999999999,0.4644669935198467,0.45545466203309776,0.47375317058807204,0.3816985299247227,0.37400365945116737,0.3891837385337457,7.0080575250412105,5.778206495391044,8.386178245149368,7.220466841639231,5.917540384787706,8.661839311112006,-0.08276846359512408,-0.09012936445570208,-0.0760804105984068,0.21240931659802156,0.08716547202422767,0.3603669845318929
16,37,0.85,0.6422293888664383,0.6334346594949491,0.6517330409211072,0.5801004432179442,0.570575164542747,0.5895864216626959,6.869450713308651,5.682234279085421,8.194614739223974,7.0618188015650265,5.802106324353691,8.461080765592287,-0.062128945648494256,-0.06627348908155799,-0.05811009049719313,0.19236808825637625,0.07166047849504976,0.32965182364723283
16,37,0.9,0.8109801808468156,0.8053644847357659,0.8168164804823318,0.7726353212586096,0.7656925765070747,0.779486767184567,6.774737714754505,5.61149030412119,8.065802303007375,6.944023563061592,5.7139486173444,8.312035156232014,-0.03834485958820595,-0.04155786817461019,-0.03508803803242739,0.16928584830708676,0.05306465429955017,0.3019504876105503
16,37,0.95,0.9395204727608923,0.9369024799966763,0.9420670271893831,0.9198880401102287,0.9146244870227044,0.9244544348984367,6.733765086309408,5.579962196595833,8.014704962715893,6.882871197593502,5.67056628305238,8.234422886206765,-0.01963243265066332,-0.02325152835788786,-0.01637533958511019,0.14910611128409343,0.03842573814842689,0.27436976266565616
16,37,1.0,0.9852964237158361,0.983463408809142,0.9868333477724437,0.977520909327849,0.9725279549161233,0.9814880916573844,6.726325192615246,5.574483070220216,8.00466871518326,6.870008674151241,5.659877556618217,8.219546833049499,-0.007775514387987214,-0.0110961170016315,-0.004967099198524682,0.14368348153599508,0.03422885157451206,0.267416422803609
