N,included,alpha,dc_gain_mean,dc_gain_ci_lo,dc_gain_ci_hi,yield_gain_mean,yield_gain_ci_lo,yield_gain_ci_hi,eub_budget_mean,eub_budget_ci_lo,eub_budget_ci_hi
18,32,0.05,0.11412447686648484,0.0319738852577723,0.2038637845508342,-0.005283984520522804,-0.008811851368958883,-0.0022548124878346396,0.032574122271800475,0.006499995456488816,0.06731099907732943
18,32,0.1,0.19159382473165115,0.021577275860044043,0.3879278111935855,-0.011985906044331855,-0.01976559834359717,-0.005484618911934324,0.05019057309134886,0.006880523079608755,0.10712414331806823
18,32,0.15,0.22218615125423458,-0.06386069063407458,0.5413961730454219,-0.019952510863535028,-0.03210340452077948,-0.009792889653925127,0.056196366820896564,-6.96916042664147e-05,0.1331658277212193
18,32,0.2,0.17823096617808698,-0.23687564629290642,0.6110113344753325,-0.02935710634976279,-0.04610641234977848,-0.015335574990602167,0.049727140062659644,-0.01412884857297531,0.13496144792340758
20,48,0.05,0.1569960751224137,0.07692748582946321,0.2509082805127302,-0.004245728317991001,-0.006014111552702206,-0.00279102278956267,0.031924723976582116,0.009726053235655827,0.06053808301938879
20,48,0.1,0.23939827460610882,0.09593146980841495,0.41314021115326016,-0.010361001913585938,-0.014626835673378209,-0.006882243470686375,0.053409564602745964,0.010935942360735513,0.10950630606024488
20,48,0.15,0.2526857416878436,0.04984903322431858,0.5004519953887323,-0.01840100633541619,-0.026267635840445985,-0.012355605973383298,0.06313412966314787,0.003524817130856905,0.14751962083897344
20,48,0.2,0.20191216026617662,-0.07188845510377047,0.5170018093793429,-0.029125287299699276,-0.04028651966335423,-0.020164244989683926,0.06100243502683095,-0.013934424194147092,0.16313017493652296
14,32,0.05,0.13088515689114866,0.023045646931707683,0.2658628057802324,-0.002641385447811964,-0.003857002931601043,-0.0017352551329504044,0.036098160330493595,0.012471941942198953,0.06866452546289242
14,32,0.1,0.19023579717001732,0.006077090107612925,0.4073752101690274,-0.006281102886259115,-0.0091560238562272,-0.004245412008625021,0.053245688313907566,0.015151139160690606,0.10473473156753194
14,32,0.15,0.15535385054038942,-0.09378033639462052,0.42728195093726457,-0.010872788324239598,-0.015810184792535546,-0.007249173553656547,0.052163529007824,0.005951181447052919,0.11567609761698418
14,32,0.2,0.06667850102190243,-0.2677969947796124,0.4125636771003051,-0.017007803736715604,-0.023902757718122458,-0.011803195173611654,0.038743099663232985,-0.016885614338636043,0.10583386694727925
16,37,0.05,0.09793701119122739,0.03195958575361375,0.17567260684067665,-0.003238150040456965,-0.00461136942461112,-0.002116375169890104,0.01615241424046555,0.005228261177502162,0.03229165984539099
16,37,0.1,0.14368348153599442,0.03430112425474581,0.26712561237723437,-0.007775514387987214,-0.011068506675427877,-0.0050543234159777205,0.02108570700249346,0.004230923211620404,0.04611783918156654
16,37,0.15,0.13598243797960843,-0.0049312014849583205,0.28898184138363914,-0.013510852573987734,-0.019231000679522527,-0.008770548574296199,0.01787385301932923,-0.003130403740397322,0.047872576357607846
16,37,0.2,0.07520173342413723,-0.08515566679301378,0.2457915699051957,-0.021249707139620395,-0.030913782012357154,-0.01391455051194264,0.007900294880828863,-0.016966296425237556,0.040409985075692774
