N,included,scheme,mean,ci_lo,ci_hi,se,dc_minus_control_mean,dc_minus_control_ci_lo,dc_minus_control_ci_hi,dc_gt_control
18,32,dc,0.19159382473165115,0.021577275860044043,0.3879278111935855,0.09398467780339476,,,,
18,32,homogeneous,0.06683374859092887,0.036392689893772326,0.09870110751882713,0.01571127812520729,0.1247600761407233,-0.0432577730940894,0.3042865996719404,21
18,32,shuffle,-0.23157615583122215,-0.301595876114704,-0.16277851656702216,0.0355873733473992,0.42316998056287336,0.2463585120176427,0.6277530430369236,30
18,32,anti,-0.20354950324903565,-0.292326678880704,-0.1210486917478205,0.04314719646027461,0.39514332798068785,0.17505961922468902,0.6388071544786778,24
18,32,random,-0.2625595879647961,-0.34462493576400344,-0.18555937021200516,0.041111285457562555,0.4541534126964483,0.2717352724202833,0.6521551407720901,30
20,48,dc,0.23939827460610882,0.09593146980841495,0.41314021115326016,0.08162097246382825,,,,
20,48,homogeneous,0.08915808805022496,0.052991672678445206,0.13352880411460188,0.02018746622988659,0.15024018655588545,0.015199804827903543,0.3030842125950312,26
20,48,shuffle,-0.21137504329583448,-0.2841917506433052,-0.14627032624474273,0.03474066157897814,0.4507733179019433,0.28434892534361456,0.6403540681162995,43
20,48,anti,-0.19018114055846655,-0.28742419699239014,-0.11384682924633091,0.04373269236946768,0.42957941516457687,0.24074562901813684,0.6447242316750394,36
20,48,random,-0.3696751451985106,-0.5317530834914549,-0.23127988744876266,0.07653590284307461,0.6090734198046209,0.3702460584879457,0.8709182312596893,44
14,32,dc,0.19023579717001732,0.006077090107612925,0.4073752101690274,0.10311846457521044,,,,
14,32,homogeneous,0.09605702995831439,0.03547481895702115,0.18836976895384636,0.040047337651924975,0.09417876721170224,-0.06207668129261482,0.25773714854165364,16
14,32,shuffle,-0.1483969699161093,-0.2371535585564841,-0.08051022459409472,0.04104914506203133,0.3386327670861266,0.17594891347143457,0.5337630913876155,29
14,32,anti,-0.2151215499783247,-0.3504410031888995,-0.11006671836076659,0.06188686636727289,0.40535734714834126,0.16264635997377844,0.7116046271861327,22
14,32,random,-0.2374192899790631,-0.32043569128801447,-0.16835832208967053,0.038951109013676245,0.4276550871490796,0.22936647466466112,0.6813727183006157,30
16,37,dc,0.14368348153599442,0.03430112425474581,0.26712561237723437,0.060238502783308695,,,,
16,37,homogeneous,0.04840791755299943,0.028670796663939287,0.06744080411687411,0.010079114727608515,0.09527556398299569,-0.008782721034148039,0.21350550636015667,19
16,37,shuffle,-0.165187292317579,-0.23931633012852274,-0.10207820244369262,0.03518129946327012,0.3088707738535735,0.15146642489276207,0.4918843720603649,28
16,37,anti,-0.1292679091463239,-0.22566474035901796,-0.04909313613362469,0.044325845722230015,0.27295139068231905,0.10487085108330262,0.47266395913710046,25
16,37,random,-0.22862729423150013,-0.3083522359582275,-0.16249330236250342,0.03727887274084345,0.3723107757674952,0.216088526951632,0.5600921557811154,31
