N,seed,degeneracy,seff_base,seff_dc,dc_gain,dc_relative_gain,dc_log_ratio,shuffle_gain,dc_minus_shuffle,dc_minus_shuffle_relative,ent_base,ent_dc,yld_base,yld_dc,eub_budget_mean,eub_budget_fraction_mean,eub_peak_gain_descriptive,eub_peak_B_descriptive
12,12043,13,9.9990,10.4639,0.4649,0.046495,0.045446,-0.4771,0.9420,0.094208,0.9285,0.9504,0.9885,0.9841,0.2482,0.019089,0.6695,75
12,12046,7,5.3572,5.5857,0.2286,0.042663,0.041778,0.0344,0.1942,0.036243,0.9129,0.9342,0.9903,0.9883,0.0632,0.009033,0.2629,32
12,12047,6,4.9145,5.1620,0.2475,0.050365,0.049138,-0.0574,0.3049,0.062044,0.9425,0.9575,0.9901,0.9879,0.0157,0.002618,0.0820,10
12,12048,6,5.1160,5.2402,0.1241,0.024266,0.023976,-0.1006,0.2247,0.043924,0.9548,0.9607,0.9904,0.9877,0.0034,0.000575,0.0253,10
12,12050,5,4.1113,4.2691,0.1579,0.038401,0.037682,-0.0355,0.1934,0.047032,0.9303,0.9450,0.9906,0.9880,0.0151,0.003026,0.0678,13
12,12051,6,4.9976,5.0109,0.0133,0.002664,0.002661,-0.0380,0.0513,0.010270,0.9477,0.9488,0.9916,0.9882,-0.0005,-0.000088,0.0025,13
12,12052,9,5.9116,6.2701,0.3585,0.060640,0.058873,-0.0735,0.4320,0.073081,0.8830,0.9032,0.9888,0.9867,0.0657,0.007299,0.2272,24
12,12053,4,3.9997,3.9699,-0.0298,-0.007454,-0.007482,-0.0553,0.0255,0.006369,1.0000,0.9973,0.9900,0.9882,-0.0022,-0.000545,0.0000,178
12,12055,13,10.7026,10.9300,0.2274,0.021248,0.021025,-0.4567,0.6841,0.063916,0.9561,0.9619,0.9891,0.9830,0.0227,0.001748,0.1132,42
12,12059,4,3.9984,3.9487,-0.0497,-0.012423,-0.012501,-0.0545,0.0048,0.001201,0.9999,0.9953,0.9895,0.9881,-0.0031,-0.000779,0.0000,178
12,12060,4,3.9985,3.9624,-0.0361,-0.009032,-0.009073,-0.0538,0.0177,0.004426,0.9999,0.9966,0.9913,0.9862,-0.0036,-0.000900,0.0000,178
12,12061,9,7.6296,8.0782,0.4486,0.058796,0.057132,-0.0853,0.5339,0.069974,0.9617,0.9755,0.9894,0.9775,0.0183,0.002038,0.1131,18
12,12063,6,5.9873,5.9659,-0.0214,-0.003581,-0.003587,-0.1972,0.1758,0.029362,0.9994,0.9984,0.9891,0.9863,-0.0027,-0.000458,0.0000,237
12,12066,5,3.2353,3.3885,0.1532,0.047348,0.046261,0.0127,0.1405,0.043434,0.8463,0.8699,0.9915,0.9880,0.0244,0.004887,0.1191,13
12,12067,12,11.9634,11.7723,-0.1911,-0.015972,-0.016101,-0.3931,0.2020,0.016885,0.9994,0.9961,0.9880,0.9816,-0.0187,-0.001554,0.0000,562
12,12070,15,9.8830,10.9811,1.0981,0.111109,0.105359,-0.0616,1.1597,0.117340,0.8971,0.9335,0.9892,0.9844,0.2592,0.017282,1.0435,56
12,12072,4,3.9945,3.9940,-0.0005,-0.000123,-0.000123,-0.0760,0.0755,0.018901,0.9995,0.9995,0.9920,0.9894,-0.0009,-0.000216,0.0000,133
12,12075,7,5.3624,5.5546,0.1922,0.035838,0.035211,-0.0789,0.2711,0.050548,0.9142,0.9321,0.9895,0.9872,0.0528,0.007539,0.2207,32
12,12076,4,3.1596,3.2377,0.0781,0.024703,0.024402,0.0136,0.0645,0.020399,0.8993,0.9119,0.9923,0.9884,0.0077,0.001931,0.0436,10
12,12077,13,9.1972,9.5049,0.3077,0.033457,0.032909,-0.2794,0.5871,0.063831,0.9139,0.9290,0.9891,0.9850,0.1097,0.008442,0.4503,56
12,12079,5,3.9271,4.1197,0.1925,0.049026,0.047863,0.0076,0.1849,0.047089,0.9065,0.9283,0.9908,0.9856,0.0237,0.004734,0.1157,13
12,12080,4,2.5993,2.6711,0.0718,0.027627,0.027252,0.0922,-0.0204,-0.007835,0.8357,0.8424,0.9921,0.9859,-0.0036,-0.000910,0.0116,4
12,12081,12,8.2898,9.2655,0.9757,0.117694,0.111268,-0.1283,1.1040,0.133171,0.9080,0.9365,0.9910,0.9821,0.0954,0.007947,0.4139,32
12,12083,9,6.5159,6.8258,0.3100,0.047570,0.046473,0.2796,0.0304,0.004658,0.9193,0.9389,0.9695,0.9627,0.0517,0.005740,0.2660,24
12,12084,4,3.9910,3.9504,-0.0406,-0.010170,-0.010222,-0.0486,0.0080,0.002004,0.9992,0.9955,0.9918,0.9868,-0.0038,-0.000955,0.0000,178
12,12089,4,3.9993,3.9344,-0.0649,-0.016225,-0.016358,-0.0820,0.0171,0.004284,0.9999,0.9941,0.9901,0.9883,-0.0040,-0.000989,0.0000,178
12,12091,5,3.9919,4.1894,0.1975,0.049486,0.048300,-0.1532,0.3507,0.087863,0.9235,0.9414,0.9908,0.9886,0.0170,0.003403,0.0777,10
12,12093,9,6.3591,6.6021,0.2430,0.038215,0.037503,-0.0406,0.2836,0.044597,0.9195,0.9285,0.9885,0.9869,0.0171,0.001901,0.0745,18
12,12095,10,7.8780,8.0085,0.1304,0.016554,0.016418,-0.4599,0.5904,0.074937,0.9277,0.9366,0.9897,0.9830,0.0513,0.005131,0.2248,56
12,12097,6,5.0515,5.1551,0.1036,0.020506,0.020299,-0.0722,0.1758,0.034807,0.9510,0.9571,0.9904,0.9880,0.0053,0.000879,0.0307,10
12,12098,6,5.0506,5.2737,0.2231,0.044171,0.043223,-0.0903,0.3134,0.062059,0.9503,0.9625,0.9908,0.9875,0.0109,0.001820,0.0617,10
12,12099,5,4.0759,4.0918,0.0159,0.003909,0.003901,-0.0224,0.0383,0.009397,0.9265,0.9367,0.9914,0.9861,0.0193,0.003852,0.1141,18
14,14042,7,4.9100,5.2455,0.3354,0.068316,0.066084,0.0186,0.3168,0.064521,0.8933,0.9171,0.9899,0.9854,0.0564,0.008051,0.1995,32
14,14043,8,6.3669,6.3847,0.0178,0.002796,0.002792,-0.0619,0.0797,0.012522,0.9354,0.9372,0.9889,0.9854,0.0024,0.000302,0.0229,24
14,14044,5,4.4310,4.4340,0.0030,0.000667,0.000667,-0.0422,0.0451,0.010183,0.9611,0.9604,0.9895,0.9848,-0.0037,-0.000733,0.0000,316
14,14045,6,5.1072,5.1462,0.0389,0.007625,0.007596,-0.0511,0.0900,0.017630,0.9543,0.9557,0.9896,0.9874,-0.0013,-0.000220,0.0029,7
14,14048,6,4.5365,4.8833,0.3467,0.076427,0.073647,0.0314,0.3153,0.069498,0.9112,0.9355,0.9890,0.9832,0.0330,0.005501,0.1241,13
14,14051,4,3.9918,3.9512,-0.0406,-0.010175,-0.010227,-0.0618,0.0212,0.005311,0.9993,0.9956,0.9895,0.9868,-0.0030,-0.000762,0.0000,178
14,14052,21,12.2943,14.5046,2.2103,0.179786,0.165333,0.1249,2.0854,0.169624,0.8822,0.9264,0.9880,0.9839,0.6207,0.029558,1.7167,100
14,14055,20,14.3827,14.8462,0.4635,0.032230,0.031721,-0.2148,0.6783,0.047163,0.9307,0.9410,0.9872,0.9814,0.1076,0.005378,0.4519,75
14,14056,6,5.1956,5.3325,0.1369,0.026351,0.026010,-0.1419,0.2788,0.053661,0.9594,0.9670,0.9900,0.9873,0.0067,0.001119,0.0388,10
14,14059,4,3.9995,3.9477,-0.0518,-0.012939,-0.013024,-0.0640,0.0123,0.003071,1.0000,0.9952,0.9902,0.9867,-0.0039,-0.000976,0.0000,178
14,14060,26,19.9337,18.8611,-1.0726,-0.053809,-0.055311,-1.1452,0.0726,0.003640,0.9571,0.9500,0.9860,0.9811,-0.0565,-0.002174,0.0483,237
14,14061,5,3.9794,3.5942,-0.3851,-0.096785,-0.101795,-0.0457,-0.3394,-0.085291,0.9184,0.8981,0.9898,0.9875,0.0022,0.000440,0.1013,24
14,14062,8,7.9944,7.9145,-0.0799,-0.009993,-0.010044,-0.1689,0.0890,0.011132,0.9998,0.9974,0.9871,0.9843,-0.0066,-0.000820,0.0000,422
14,14066,43,24.4741,26.6189,2.1448,0.087635,0.084006,-0.0654,2.2102,0.090307,0.9084,0.9255,0.9867,0.9777,0.4501,0.010466,1.3387,178
14,14067,7,6.0389,6.3341,0.2952,0.048881,0.047724,-0.1113,0.4065,0.067319,0.9323,0.9623,0.9767,0.9373,0.1449,0.020701,0.5445,75
14,14069,9,6.7647,7.1283,0.3636,0.053755,0.052360,-0.3392,0.7029,0.103901,0.9145,0.9352,0.9888,0.9859,0.0875,0.009726,0.3194,42
14,14072,10,7.2490,7.2872,0.0382,0.005270,0.005257,-0.4560,0.4942,0.068179,0.9143,0.9238,0.9393,0.9162,0.0398,0.003980,0.2571,56
14,14074,8,5.6482,5.8754,0.2272,0.040226,0.039438,0.0199,0.2073,0.036698,0.8996,0.9159,0.9857,0.9792,0.0412,0.005153,0.1882,24
14,14076,4,3.9983,3.9777,-0.0206,-0.005146,-0.005160,-0.0731,0.0525,0.013126,0.9998,0.9980,0.9905,0.9787,-0.0049,-0.001227,0.0000,178
14,14077,8,6.3155,6.4127,0.0972,0.015385,0.015268,-0.2222,0.3194,0.050575,0.9327,0.9379,0.9894,0.9860,0.0091,0.001137,0.0483,18
14,14080,7,5.2289,5.4425,0.2136,0.040853,0.040041,-0.1579,0.3715,0.071043,0.9068,0.9227,0.9891,0.9867,0.0297,0.004244,0.1395,18
14,14081,4,3.9887,3.9575,-0.0313,-0.007835,-0.007866,-0.0923,0.0610,0.015301,0.9990,0.9961,0.9917,0.9840,-0.0042,-0.001043,0.0000,178
14,14085,8,6.2837,6.3621,0.0784,0.012471,0.012394,-0.0459,0.1243,0.019775,0.9311,0.9366,0.9888,0.9857,0.0114,0.001430,0.0643,24
14,14086,6,5.0101,5.3936,0.3834,0.076527,0.073740,-0.0145,0.3979,0.079422,0.9479,0.9702,0.9889,0.9831,0.0226,0.003769,0.1215,13
14,14087,4,3.9805,3.9147,-0.0658,-0.016530,-0.016668,-0.0715,0.0057,0.001435,0.9982,0.9922,0.9911,0.9818,-0.0066,-0.001644,0.0000,178
14,14088,13,9.2943,9.3805,0.0861,0.009265,0.009222,-0.6926,0.7787,0.083779,0.9195,0.9298,0.9894,0.9832,0.0754,0.005801,0.3581,42
14,14089,4,3.9992,3.9646,-0.0345,-0.008635,-0.008672,-0.0504,0.0159,0.003969,0.9999,0.9968,0.9898,0.9850,-0.0034,-0.000846,0.0000,178
14,14091,5,4.4599,4.3503,-0.1096,-0.024581,-0.024888,-0.1007,-0.0089,-0.001996,0.9634,0.9545,0.9863,0.9777,-0.0122,-0.002431,0.0000,316
14,14092,7,5.2941,5.5907,0.2966,0.056023,0.054510,-0.0447,0.3413,0.064468,0.9097,0.9327,0.9893,0.9850,0.0552,0.007882,0.2235,24
14,14098,12,9.9308,10.3285,0.3977,0.040052,0.039271,-0.1525,0.5502,0.055407,0.9609,0.9695,0.9865,0.9859,0.0263,0.002193,0.1292,24
14,14100,4,3.9904,3.9667,-0.0237,-0.005941,-0.005959,-0.0908,0.0671,0.016807,0.9991,0.9970,0.9891,0.9876,-0.0018,-0.000443,0.0000,178
14,14101,8,7.9990,7.8274,-0.1716,-0.021457,-0.021690,-0.1651,-0.0065,-0.000816,1.0000,0.9947,0.9873,0.9862,-0.0104,-0.001302,0.0000,422
16,16042,4,3.9969,3.8961,-0.1008,-0.025218,-0.025541,-0.0703,-0.0305,-0.007633,0.9997,0.9906,0.9897,0.9767,-0.0095,-0.002378,0.0000,178
16,16043,8,4.8473,5.3635,0.5162,0.106496,0.101198,0.0735,0.4428,0.091342,0.8638,0.8946,0.9885,0.9726,0.0637,0.007966,0.2017,32
16,16044,26,17.9060,19.3286,1.4226,0.079447,0.076449,-0.7244,2.1470,0.119902,0.9309,0.9412,0.9863,0.9800,0.0207,0.000797,0.2939,32
16,16045,4,3.9918,3.9162,-0.0756,-0.018939,-0.019120,-0.0925,0.0169,0.004239,0.9993,0.9923,0.9883,0.9857,-0.0050,-0.001245,0.0000,178
16,16046,5,4.0174,4.1565,0.1390,0.034608,0.034023,-0.1987,0.3378,0.084080,0.9236,0.9307,0.9877,0.9863,-0.0009,-0.000179,0.0255,6
16,16047,6,5.9979,5.9548,-0.0431,-0.007183,-0.007209,-0.1167,0.0736,0.012273,0.9999,0.9979,0.9878,0.9798,-0.0067,-0.001118,0.0000,237
16,16048,6,5.0338,4.8131,-0.2207,-0.043844,-0.044834,-0.0544,-0.1663,-0.033046,0.9499,0.9362,0.9874,0.9861,-0.0167,-0.002776,0.0000,422
16,16050,6,5.0950,5.1283,0.0334,0.006547,0.006526,-0.1008,0.1341,0.026328,0.9534,0.9541,0.9874,0.9863,-0.0021,-0.000356,0.0024,6
16,16051,6,4.9923,5.0555,0.0631,0.012641,0.012562,-0.0340,0.0971,0.019449,0.9469,0.9501,0.9781,0.9573,-0.0093,-0.001547,0.0000,422
16,16052,12,10.2634,10.5593,0.2959,0.028833,0.028426,-0.2645,0.5604,0.054603,0.9681,0.9742,0.9871,0.9835,0.0146,0.001220,0.0826,24
16,16053,6,5.0349,4.8375,-0.1975,-0.039221,-0.040011,-0.0934,-0.1041,-0.020668,0.9499,0.9375,0.9880,0.9856,-0.0156,-0.002596,0.0000,422
16,16056,13,9.3846,9.3127,-0.0719,-0.007660,-0.007690,-0.0802,0.0083,0.000882,0.9087,0.9094,0.9835,0.9650,-0.0259,-0.001989,0.0336,32
16,16057,10,8.1025,7.7399,-0.3626,-0.044750,-0.045782,-0.0604,-0.3021,-0.037289,0.9467,0.9435,0.9873,0.9850,0.0198,0.001983,0.1809,42
16,16059,24,13.7558,14.8774,1.1216,0.081538,0.078384,-0.6517,1.7734,0.128918,0.8911,0.9131,0.9866,0.9807,0.3700,0.015418,1.0786,133
16,16062,4,3.9816,3.9851,0.0035,0.000871,0.000871,-0.0924,0.0959,0.024078,0.9983,0.9986,0.9877,0.9865,-0.0002,-0.000055,0.0002,13
16,16064,4,3.9967,3.9839,-0.0128,-0.003214,-0.003219,-0.0554,0.0426,0.010656,0.9997,0.9985,0.9864,0.9796,-0.0029,-0.000727,0.0000,178
16,16065,7,5.4010,5.7836,0.3826,0.070831,0.068435,-0.3253,0.7079,0.131060,0.9149,0.9392,0.9886,0.9846,0.0517,0.007379,0.1928,18
16,16066,4,3.9943,3.9078,-0.0865,-0.021668,-0.021906,-0.1006,0.0141,0.003529,0.9995,0.9915,0.9870,0.9863,-0.0049,-0.001229,0.0000,178
16,16069,10,8.6253,9.1938,0.5685,0.065909,0.063828,-0.0323,0.6008,0.069658,0.9556,0.9821,0.9872,0.9703,0.1035,0.010353,0.5283,32
16,16070,6,5.0695,5.1649,0.0954,0.018816,0.018641,-0.0983,0.1937,0.038203,0.9519,0.9569,0.9900,0.9859,0.0025,0.000413,0.0191,10
16,16075,6,5.0415,4.8818,-0.1596,-0.031662,-0.032174,-0.0852,-0.0745,-0.014769,0.9500,0.9408,0.9667,0.9411,-0.0243,-0.004048,0.0000,422
16,16077,6,4.9755,4.9768,0.0013,0.000262,0.000262,-0.2774,0.2787,0.056013,0.9465,0.9465,0.9897,0.9808,-0.0049,-0.000822,0.0000,422
16,16078,6,4.4844,4.9290,0.4446,0.099142,0.094530,0.0564,0.3882,0.086555,0.9042,0.9400,0.9734,0.9594,0.0562,0.009375,0.2218,24
16,16079,6,4.9632,5.1150,0.1518,0.030581,0.030123,-0.0755,0.2272,0.045786,0.9442,0.9549,0.9889,0.9827,0.0110,0.001832,0.0623,13
16,16080,4,3.9929,3.9583,-0.0346,-0.008656,-0.008694,-0.0868,0.0522,0.013082,0.9994,0.9962,0.9692,0.9205,-0.0186,-0.004652,0.0000,178
16,16081,8,6.3880,6.6556,0.2675,0.041881,0.041028,-0.1404,0.4079,0.063856,0.9365,0.9496,0.9859,0.9845,0.0263,0.003287,0.1325,18
16,16082,18,15.0903,15.6355,0.5451,0.036124,0.035487,-0.4411,0.9863,0.065358,0.9688,0.9746,0.9842,0.9815,0.0215,0.001192,0.1234,32
16,16083,20,13.6062,13.5953,-0.0109,-0.000800,-0.000801,0.0283,-0.0392,-0.002883,0.9240,0.9266,0.9845,0.9829,0.0918,0.004588,0.3907,178
16,16084,4,3.1636,3.2758,0.1122,0.035472,0.034858,-0.0572,0.1694,0.053548,0.8991,0.9168,0.9901,0.9866,0.0125,0.003136,0.0627,10
16,16087,4,3.9990,3.9925,-0.0065,-0.001632,-0.001634,-0.0354,0.0288,0.007208,0.9999,0.9993,0.9858,0.9862,-0.0002,-0.000049,0.0005,1
16,16092,16,13.6419,13.8270,0.1851,0.013568,0.013477,-0.9356,1.1207,0.082151,0.9690,0.9724,0.9860,0.9834,0.0158,0.000990,0.0893,42
16,16093,8,6.4139,6.4946,0.0807,0.012575,0.012497,-0.0890,0.1696,0.026448,0.9386,0.9435,0.9865,0.9824,0.0107,0.001340,0.0563,24
16,16094,8,6.2631,6.2376,-0.0255,-0.004071,-0.004080,-0.0030,-0.0225,-0.003585,0.9301,0.9296,0.9860,0.9787,-0.0056,-0.000703,0.0000,750
16,16097,5,4.0145,3.8417,-0.1728,-0.043050,-0.044004,-0.0819,-0.0909,-0.022655,0.9219,0.9198,0.9889,0.9856,0.0133,0.002665,0.1102,18
16,16098,4,3.4032,3.1437,-0.2596,-0.076274,-0.079339,-0.2440,-0.0156,-0.004575,0.9348,0.8977,0.9773,0.9598,-0.0317,-0.007922,0.0000,422
16,16099,4,3.9995,3.9688,-0.0307,-0.007670,-0.007699,-0.0619,0.0313,0.007816,1.0000,0.9972,0.9867,0.9852,-0.0021,-0.000529,0.0000,178
16,16100,14,11.9452,12.7031,0.7579,0.063450,0.061519,-0.4094,1.1674,0.097727,0.9661,0.9802,0.9858,0.9833,0.0615,0.004391,0.2983,32
18,18042,4,3.9988,3.9570,-0.0418,-0.010451,-0.010506,-0.0537,0.0119,0.002974,0.9999,0.9961,0.9844,0.9847,-0.0022,-0.000539,0.0003,1
18,18043,6,4.9879,4.9192,-0.0687,-0.013773,-0.013869,-0.0701,0.0014,0.000287,0.9470,0.9416,0.9798,0.9653,-0.0164,-0.002729,0.0000,422
18,18047,24,20.0502,19.9091,-0.1411,-0.007035,-0.007060,-0.6046,0.4635,0.023119,0.9711,0.9702,0.9843,0.9818,-0.0161,-0.000670,0.0000,1778
18,18048,22,16.3145,16.2208,-0.0937,-0.005742,-0.005759,-0.5970,0.5034,0.030854,0.9379,0.9421,0.9836,0.9811,0.1173,0.005330,0.5046,100
18,18051,17,15.8628,14.5894,-1.2734,-0.080273,-0.083678,-0.6369,-0.6364,-0.040121,0.9798,0.9742,0.9849,0.9820,0.1360,0.007998,0.6822,133
18,18052,5,4.9484,4.9530,0.0046,0.000926,0.000926,-0.1989,0.2034,0.041112,0.9967,0.9971,0.8600,0.8341,-0.0132,-0.002639,0.0000,237
18,18053,9,6.4139,6.8135,0.3996,0.062308,0.060444,-0.0123,0.4119,0.064226,0.9211,0.9350,0.9846,0.9802,0.0226,0.002514,0.1039,18
18,18058,4,3.9999,3.9983,-0.0016,-0.000393,-0.000393,-0.0546,0.0531,0.013267,1.0000,0.9998,0.9684,0.9329,-0.0122,-0.003044,0.0000,178
18,18059,8,6.1544,6.4404,0.2860,0.046464,0.045417,-0.2992,0.5852,0.095079,0.9246,0.9409,0.9862,0.9795,0.0327,0.004086,0.1661,18
18,18060,8,5.9724,6.2845,0.3121,0.052261,0.050942,-0.3073,0.6194,0.103715,0.9255,0.9387,0.8405,0.8731,0.0531,0.006638,0.1935,13
18,18061,12,10.0225,10.1301,0.1076,0.010735,0.010678,-0.2181,0.3257,0.032498,0.9627,0.9653,0.9772,0.9666,-0.0043,-0.000362,0.0121,32
18,18064,8,6.2522,6.5071,0.2550,0.040780,0.039970,-0.0804,0.3353,0.053632,0.9273,0.9397,0.9041,0.8474,-0.0231,-0.002888,0.0200,32
18,18069,10,6.5579,6.7556,0.1977,0.030153,0.029707,-0.3361,0.5339,0.081407,0.8933,0.8968,0.9649,0.9483,-0.0249,-0.002488,0.0000,1778
18,18070,18,10.2939,12.2631,1.9692,0.191297,0.175042,-0.1609,2.1301,0.206932,0.8620,0.9180,0.9850,0.9699,0.5765,0.032028,1.9111,75
18,18071,4,3.9964,3.9935,-0.0029,-0.000737,-0.000738,-0.0537,0.0507,0.012691,0.9997,0.9994,0.9383,0.8862,-0.0189,-0.004732,0.0000,178
18,18073,11,7.9270,8.0687,0.1417,0.017879,0.017721,-0.3662,0.5079,0.064072,0.9252,0.9298,0.9832,0.9821,0.0145,0.001318,0.0592,32
18,18074,23,12.9888,14.6748,1.6860,0.129803,0.122043,-0.6607,2.3467,0.180667,0.8745,0.9124,0.9858,0.9779,0.6225,0.027066,1.8696,100
18,18075,4,3.9947,3.9499,-0.0448,-0.011214,-0.011277,-0.0695,0.0247,0.006186,0.9995,0.9954,0.8707,0.7851,-0.0373,-0.009335,0.0000,237
18,18076,4,3.9935,3.9286,-0.0649,-0.016252,-0.016385,-0.0570,-0.0079,-0.001974,0.9994,0.9935,0.9862,0.9783,-0.0061,-0.001520,0.0000,178
18,18077,20,16.4361,16.2871,-0.1490,-0.009067,-0.009109,-0.5963,0.4472,0.027210,0.9618,0.9584,0.9848,0.9810,-0.0545,-0.002725,0.0000,3162
18,18078,5,4.1428,4.1700,0.0271,0.006544,0.006522,-0.1491,0.1762,0.042536,0.9297,0.9326,0.9867,0.9832,0.0025,0.000496,0.0145,18
18,18081,5,4.0691,4.3376,0.2685,0.065994,0.063908,-0.0371,0.3056,0.075111,0.9240,0.9515,0.9809,0.9601,0.0245,0.004908,0.1287,18
18,18082,16,10.8221,11.4817,0.6595,0.060944,0.059159,-0.3337,0.9932,0.091778,0.9098,0.9270,0.9847,0.9831,0.1333,0.008334,0.4900,56
18,18086,10,8.2184,8.7564,0.5380,0.065469,0.063415,-0.2257,0.7637,0.092931,0.9511,0.9644,0.9856,0.9838,0.0280,0.002797,0.1372,18
18,18087,5,4.0177,4.3055,0.2878,0.071627,0.069178,-0.0510,0.3387,0.084311,0.9228,0.9417,0.9864,0.9859,0.0106,0.002113,0.0717,7
18,18090,5,3.9232,4.1955,0.2723,0.069409,0.067106,0.0742,0.1981,0.050507,0.9062,0.9342,0.9868,0.9800,0.0277,0.005548,0.1351,13
18,18092,6,5.0787,5.2065,0.1278,0.025170,0.024859,-0.0979,0.2257,0.044448,0.9526,0.9599,0.9849,0.9843,0.0078,0.001300,0.0407,10
18,18094,12,10.0955,9.9951,-0.1004,-0.009944,-0.009994,-0.1651,0.0647,0.006410,0.9644,0.9626,0.9660,0.9488,-0.0276,-0.002297,0.0000,1000
18,18096,14,11.6399,12.0765,0.4367,0.037514,0.036827,-0.3725,0.8092,0.069516,0.9583,0.9676,0.9850,0.9812,0.0388,0.002770,0.2016,32
18,18097,12,10.0453,9.8563,-0.1890,-0.018815,-0.018994,-0.2150,0.0260,0.002585,0.9634,0.9593,0.9856,0.9830,-0.0172,-0.001433,0.0000,750
18,18100,6,5.1314,5.0939,-0.0374,-0.007293,-0.007320,-0.0938,0.0564,0.010991,0.9556,0.9516,0.9866,0.9852,-0.0083,-0.001375,0.0000,422
18,18101,16,12.7827,13.1451,0.3623,0.028346,0.027952,-0.3103,0.6726,0.052617,0.9524,0.9598,0.9850,0.9817,0.0399,0.002492,0.2027,42
20,20042,18,12.3966,12.2981,-0.0985,-0.007944,-0.007976,-0.4263,0.3278,0.026442,0.9337,0.9322,0.9841,0.9801,-0.0165,-0.000916,0.0000,1778
20,20043,18,12.2459,11.5450,-0.7009,-0.057233,-0.058936,-0.0994,-0.6014,-0.049114,0.9316,0.9193,0.9838,0.9785,-0.0882,-0.004899,0.0000,2371
20,20044,14,10.9013,11.2818,0.3805,0.034900,0.034305,-0.4905,0.8709,0.079892,0.9407,0.9521,0.9850,0.9819,0.0815,0.005824,0.3279,56
20,20045,4,3.9944,3.9601,-0.0343,-0.008582,-0.008619,-0.0796,0.0454,0.011357,0.9995,0.9964,0.9867,0.9848,-0.0025,-0.000623,0.0000,178
20,20046,6,4.3874,4.8058,0.4184,0.095370,0.091093,0.0673,0.3512,0.080041,0.8875,0.9154,0.9847,0.9590,0.0338,0.005632,0.1172,56
20,20048,4,3.7333,3.6330,-0.1004,-0.026887,-0.027256,-0.2889,0.1885,0.050497,0.9751,0.9644,0.7721,0.7621,-0.0112,-0.002796,0.0000,316
20,20049,20,14.9172,14.5195,-0.3977,-0.026658,-0.027019,-0.7600,0.3624,0.024292,0.9377,0.9353,0.9782,0.9656,-0.0193,-0.000965,0.0790,100
20,20050,5,3.9332,4.1130,0.1798,0.045723,0.044708,-0.0401,0.2199,0.055909,0.9074,0.9262,0.9858,0.9676,0.0126,0.002528,0.0765,13
20,20051,12,10.1885,10.4326,0.2441,0.023959,0.023677,-0.2650,0.5091,0.049968,0.9665,0.9713,0.9834,0.9811,0.0101,0.000839,0.0637,24
20,20053,6,5.0825,5.4589,0.3764,0.074065,0.071451,-0.1336,0.5100,0.100347,0.9528,0.9738,0.9729,0.9418,0.0061,0.001025,0.0702,13
20,20054,36,31.9452,31.7177,-0.2275,-0.007122,-0.007148,-1.0266,0.7991,0.025014,0.9758,0.9751,0.9794,0.9789,0.0142,0.000393,0.1490,316
20,20055,12,10.5496,10.9544,0.4048,0.038375,0.037657,-0.5882,0.9931,0.094135,0.9709,0.9816,0.9532,0.9326,0.0216,0.001800,0.1777,42
20,20057,4,3.9997,3.9848,-0.0149,-0.003719,-0.003726,-0.0395,0.0246,0.006148,1.0000,0.9986,0.9838,0.9833,-0.0010,-0.000238,0.0000,178
20,20058,40,21.6893,23.7520,2.0627,0.095104,0.090849,-0.3051,2.3679,0.109172,0.8998,0.9148,0.9806,0.9791,0.3243,0.008108,0.8616,100
20,20059,10,6.6375,6.2989,-0.3385,-0.051003,-0.052350,-0.0215,-0.3170,-0.047757,0.8990,0.8939,0.9842,0.9817,0.0047,0.000467,0.0806,32
20,20060,10,7.9928,8.0023,0.0094,0.001179,0.001178,-0.2250,0.2344,0.029327,0.9457,0.9503,0.9736,0.9512,0.0057,0.000574,0.1215,42
20,20061,6,5.0269,5.1991,0.1722,0.034249,0.033676,-0.0317,0.2038,0.040551,0.9495,0.9562,0.9869,0.9727,-0.0056,-0.000932,0.0029,7
20,20062,50,33.9035,35.9164,2.0129,0.059372,0.057676,-0.7995,2.8124,0.082954,0.9271,0.9383,0.9819,0.9790,0.9247,0.018495,1.7637,750
20,20063,13,8.2672,8.5776,0.3105,0.037555,0.036867,0.0614,0.2491,0.030127,0.9042,0.9119,0.9833,0.9821,0.0289,0.002222,0.0991,32
20,20064,9,6.4845,6.5741,0.0896,0.013812,0.013718,-0.1216,0.2111,0.032558,0.9051,0.9118,0.9571,0.9320,0.0387,0.004301,0.2169,133
20,20065,4,3.9763,3.8388,-0.1375,-0.034578,-0.035189,-0.1957,0.0582,0.014647,0.9978,0.9850,0.9421,0.8594,-0.0379,-0.009471,0.0000,237
20,20066,5,4.0887,4.0115,-0.0771,-0.018867,-0.019047,-0.0697,-0.0074,-0.001812,0.9276,0.9237,0.9526,0.9280,-0.0112,-0.002238,0.0090,32
20,20067,40,19.2933,21.5765,2.2832,0.118341,0.111847,-0.0258,2.3090,0.119680,0.8720,0.9009,0.9835,0.9782,0.8067,0.020166,2.5321,178
20,20068,4,3.9887,3.9635,-0.0252,-0.006321,-0.006341,-0.0637,0.0385,0.009643,0.9990,0.9967,0.9855,0.9856,-0.0013,-0.000333,0.0001,1
20,20071,6,4.9605,4.9834,0.0229,0.004622,0.004612,-0.0030,0.0260,0.005232,0.9454,0.9446,0.9818,0.9759,-0.0079,-0.001314,0.0000,422
20,20072,16,12.7664,13.0347,0.2683,0.021012,0.020795,-0.3080,0.5763,0.045141,0.9542,0.9603,0.9797,0.9615,0.0140,0.000877,0.1515,56
20,20073,4,3.9908,3.9170,-0.0739,-0.018512,-0.018685,-0.0549,-0.0189,-0.004745,0.9992,0.9924,0.9624,0.9316,-0.0146,-0.003644,0.0000,178
20,20074,4,3.9996,3.9932,-0.0063,-0.001586,-0.001587,-0.1022,0.0959,0.023967,1.0000,0.9994,0.9578,0.9316,-0.0093,-0.002333,0.0000,178
20,20075,8,7.9863,7.9095,-0.0768,-0.009622,-0.009669,-0.1673,0.0904,0.011324,0.9996,0.9973,0.9839,0.9760,-0.0103,-0.001287,0.0000,422
20,20076,6,4.8666,4.6150,-0.2516,-0.051698,-0.053083,-0.1110,-0.1406,-0.028897,0.9390,0.9222,0.9791,0.9661,-0.0263,-0.004388,0.0000,422
20,20078,4,3.9971,3.9491,-0.0480,-0.012014,-0.012087,-0.0764,0.0284,0.007097,0.9997,0.9954,0.9850,0.9716,-0.0070,-0.001740,0.0000,178
20,20080,5,4.4384,4.6349,0.1965,0.044282,0.043329,-0.1282,0.3247,0.073162,0.9541,0.9755,0.8691,0.8709,0.0295,0.005903,0.1427,18
20,20081,10,6.0128,6.5697,0.5569,0.092621,0.088580,0.1050,0.4519,0.075156,0.8752,0.9017,0.9843,0.9834,0.0762,0.007616,0.2936,24
20,20082,10,7.0991,7.6925,0.5935,0.083596,0.080285,-0.5002,1.0936,0.154054,0.9022,0.9312,0.9594,0.9506,0.1082,0.010819,0.4500,32
20,20083,6,4.9413,5.0633,0.1220,0.024688,0.024388,-0.0405,0.1624,0.032876,0.9442,0.9518,0.9838,0.9827,0.0079,0.001323,0.0425,10
20,20084,36,23.0058,23.0451,0.0394,0.001711,0.001709,-0.5763,0.6157,0.026761,0.9316,0.9316,0.9809,0.9734,-0.0219,-0.000607,0.0587,422
20,20085,4,3.9963,3.9549,-0.0415,-0.010377,-0.010431,-0.0767,0.0353,0.008825,0.9997,0.9959,0.9857,0.9811,-0.0038,-0.000938,0.0000,178
20,20087,12,10.1104,10.5473,0.4370,0.043218,0.042311,-0.2307,0.6676,0.066035,0.9648,0.9738,0.9833,0.9792,0.0220,0.001837,0.1217,24
20,20088,4,3.0637,3.0307,-0.0330,-0.010760,-0.010818,-0.2518,0.2189,0.071434,0.8800,0.8855,0.9794,0.9732,0.0119,0.002964,0.0794,18
20,20089,12,9.8139,9.9653,0.1515,0.015436,0.015318,-0.0865,0.2380,0.024248,0.9581,0.9619,0.9834,0.9822,0.0112,0.000937,0.0604,24
20,20092,24,20.2126,20.8978,0.6853,0.033902,0.033340,-0.4893,1.1745,0.058108,0.9724,0.9775,0.9812,0.9800,0.0318,0.001324,0.1744,42
20,20094,6,5.0724,5.2178,0.1454,0.028668,0.028264,-0.0655,0.2109,0.041587,0.9522,0.9593,0.9841,0.9823,0.0047,0.000787,0.0327,10
20,20095,12,10.1302,10.3699,0.2397,0.023657,0.023382,-0.4472,0.6869,0.067805,0.9652,0.9696,0.9835,0.9812,0.0082,0.000686,0.0505,18
20,20096,4,3.0651,3.3865,0.3214,0.104852,0.099712,-0.0739,0.3952,0.128946,0.8828,0.9319,0.9880,0.9829,0.0344,0.008590,0.1720,10
20,20097,6,4.9919,5.3382,0.3463,0.069367,0.067067,-0.1008,0.4471,0.089566,0.9461,0.9666,0.9843,0.9836,0.0233,0.003880,0.1182,13
20,20098,16,10.8565,11.6240,0.7675,0.070692,0.068305,0.0470,0.7205,0.066362,0.9269,0.9401,0.9845,0.9780,0.0467,0.002920,0.2220,32
20,20099,10,6.2058,6.8020,0.5962,0.096068,0.091729,-0.1072,0.7034,0.113343,0.8678,0.8966,0.9843,0.9724,0.1325,0.013252,0.3813,75
20,20101,16,15.9700,15.7106,-0.2594,-0.016242,-0.016375,-0.3320,0.0726,0.004547,0.9997,0.9967,0.9817,0.9803,-0.0170,-0.001064,0.0000,750
