s,base_yield_mean,base_yield_ci_lo,base_yield_ci_hi,dc_yield_mean,dc_yield_ci_lo,dc_yield_ci_hi,base_seff_mean,base_seff_ci_lo,base_seff_ci_hi,dc_seff_mean,dc_seff_ci_lo,dc_seff_ci_hi,dc_base_yield_mean,dc_base_yield_ci_lo,dc_base_yield_ci_hi,dc_base_seff_mean,dc_base_seff_ci_lo,dc_base_seff_ci_hi
0.05,0.0026409342338763455,0.002256063664056388,0.003078873807494134,0.0023298986454457385,0.001971089219988487,0.0027180708788074495,7.203680812645789,6.1456777549200226,8.382188071471333,7.211499263155631,6.119683518708814,8.366256155570905,-0.0003110355884306071,-0.0003597523506652677,-0.0002689922724001729,0.007818450509841854,0.0048481663626730185,0.011383980281259106
0.1,0.0034201581322892225,0.0029502015052455797,0.003951245585695259,0.002836916642469084,0.002417655440772703,0.003293202021614515,7.2038805051077235,6.146031089706022,8.381620957964918,7.210978713804637,6.119258533935452,8.365613140148952,-0.0005832414898201395,-0.0006597595955433499,-0.0005152013826993678,0.007098208696911898,0.0039016403258505263,0.010943838022764066
0.15,0.00512972864512811,0.004460109522788235,0.0058984391061422965,0.003870119226978543,0.003315076675288956,0.004477078882256201,7.14742826281407,6.106701131131628,8.296266406323037,7.182029406406986,6.098130881606871,8.33084738298949,-0.0012596094181495667,-0.001428716994250772,-0.0011131834770465748,0.03460114359291666,0.01999708204927182,0.05222177020172489
0.2,0.006776453059379965,0.0059429136281579234,0.0077409529817128,0.0049041686261301065,0.00421914939712117,0.005652204373938521,7.123673150197526,6.091249586241572,8.264845813105033,7.165200542069677,6.086267907998653,8.310453912466329,-0.0018722844332498567,-0.0021034313970340426,-0.0016685720201070919,0.04152739187215161,0.02321715103852436,0.06320994182509998
0.25,0.009350584324795994,0.008338342401740648,0.010496083641151935,0.006316436890200175,0.005504098365723309,0.007198704113390056,7.098178236789725,6.075261361073692,8.232455053134887,7.148814717500276,6.072692149551919,8.290881849930281,-0.0030341474345958156,-0.0033555792934723046,-0.002742076422329199,0.05063648071055002,0.027311601584449344,0.0779486625982278
0.3,0.012658645314866431,0.011344612770310647,0.014134760120649922,0.00828556188464121,0.007244790404312238,0.009411595858465814,7.001126963328172,6.007772663808627,8.102102041714112,7.0856207230820125,6.029951392847334,8.214970794310004,-0.004373083430225218,-0.004828792914350641,-0.003965626994202764,0.0844937597538386,0.043920161873118896,0.13266000355234847
0.35,0.017705417144107432,0.016104608736568642,0.01951487709043301,0.011121462405036526,0.009887164230029874,0.01246630985082725,7.000184040649254,6.001691188527379,8.108521068181707,7.070322449525797,6.016670797344615,8.195844297535048,-0.006583954739070908,-0.007200641386226353,-0.006015333370030017,0.070138408876544,0.03623132097840927,0.11059235974405839
0.39999999999999997,0.025462799592507704,0.023514017714925825,0.027607744608970416,0.015280872719266418,0.01382790696307932,0.016875524429180153,6.878501770647354,5.919240749181557,7.945931482057678,7.026423162278412,5.985717192619595,8.135499389447201,-0.010181926873241279,-0.011089588987056385,-0.009326365480663311,0.14792139163105802,0.0834446927338077,0.22363184096869967
0.44999999999999996,0.03558404330247041,0.03319579432282137,0.038192646930485075,0.021010113112704617,0.019191378682114627,0.022978663678566335,6.840848064864439,5.89083124187017,7.898429636019241,6.940687869528107,5.925826767293608,8.022144247144343,-0.014573930189765804,-0.015649125245945323,-0.013541834396734167,0.0998398046636669,0.04753679006765298,0.1608208852854125
0.49999999999999994,0.05323705928427355,0.050268250510588565,0.056361133144886846,0.03175386352676883,0.029591422270963053,0.0341051496594762,6.7351681475427325,5.809536185114496,7.77507384833909,6.916965398237664,5.90447515446538,7.996304299200771,-0.02148319575750471,-0.023094890277063407,-0.01989914124972855,0.18179725069493205,0.09856050423776566,0.2819736639296549
0.5499999999999999,0.08011160981464698,0.07659743455122525,0.08364453081654752,0.047019122486463984,0.044329229728438585,0.04989245851980434,6.616352112826128,5.720386503060556,7.630521947748682,6.782975811639348,5.815471841001547,7.82529245934979,-0.03309248732818299,-0.03508618163439197,-0.031107561072328167,0.16662369881322092,0.09419970737121353,0.24976118080761617
0.6,0.12045938218374738,0.11590778453896267,0.12448918937630091,0.07498487492453426,0.07160258949151446,0.07820333434634169,6.507449500914316,5.627133525625697,7.489253800913142,6.748920285732183,5.777840311972082,7.7883272866429545,-0.04547450725921314,-0.047977950539747405,-0.04289502459086363,0.24147078481786838,0.14002601802048892,0.3629422961183115
0.65,0.18318979267005517,0.17820492024755563,0.1873452531743791,0.11934920153100034,0.11481109814715969,0.12358873986678741,6.411501007369667,5.539295892511469,7.375858396177097,6.616998033085271,5.68713527720381,7.613015791775076,-0.06384059113905484,-0.06746240714150434,-0.060259226270231905,0.20549702571560546,0.12387545283967864,0.29899395958368247
0.7,0.27388044967986697,0.268167299967486,0.2787831188358163,0.19407735168668613,0.18743285406613872,0.1999360117980635,6.264505212726059,5.425922754676299,7.1993685623989405,6.486608021350435,5.574926348964976,7.466195892209264,-0.07980309799318079,-0.08404199157458542,-0.07544604239642165,0.22210280862437298,0.12570497115325596,0.336588712178541
0.75,0.39528631232132533,0.38945628060215004,0.4009545397622136,0.30630670026798185,0.297615333749251,0.3140780405022091,6.130782353382746,5.310066506138226,7.054826924186707,6.389575991860432,5.500991943509005,7.337394179714369,-0.08897961205334337,-0.0947526578848327,-0.08355600904571442,0.2587936384776844,0.15836373924751054,0.37520747440045754
0.7999999999999999,0.5411593955800852,0.5338365521654818,0.548391543897622,0.45744905438315747,0.4479250797705654,0.46664586529881674,6.005494934440494,5.200442235240378,6.908137101828985,6.246847348283791,5.3840625478041275,7.1730932058362535,-0.08371034119692781,-0.09113320097893955,-0.07699428485134299,0.241352413843296,0.14620923405088565,0.35007290373096467
0.85,0.6984062137773155,0.6908097757817816,0.7058964197038123,0.6342498215667799,0.6251171713691394,0.6426057461363653,5.908544387671292,5.125337221739361,6.799240197772593,6.1372704829177485,5.293956427518564,7.047989206234441,-0.06415639221053526,-0.06945406353033647,-0.05946076948045486,0.22872609524645493,0.1342313108737662,0.33859947961142334
0.9,0.8459583248714626,0.8413783244694021,0.8504153001867055,0.8067989305334374,0.8000307872623698,0.8131565267398151,5.832827439515424,5.064345026621659,6.710386560092297,6.052675748627178,5.225719216742338,6.95387724391886,-0.03915939433802494,-0.041688823916504254,-0.03675778439806491,0.2198483091117553,0.13059614491398716,0.3254171866966458
0.95,0.9525302699270988,0.9504376490772298,0.9544038956953257,0.9366044647990808,0.9336503606595138,0.939221142193901,5.79545210880735,5.033112243395417,6.6723083404158245,5.994310101597042,5.177776265333328,6.885675486858807,-0.015925805128018198,-0.017810138840780518,-0.014209229972771402,0.19885799278969407,0.11524906045330188,0.29938101389347316
1.0,0.9896005905496755,0.9880327241554381,0.9905487409324585,0.9854846829197904,0.9835965168645503,0.9868726090170856,5.789005297086019,5.026815813643593,6.664698033715926,5.980550972893198,5.165269209128601,6.8681521738328986,-0.004115907629884886,-0.004975624071896469,-0.0033608468645071683,0.19154567580717768,0.10845856228092887,0.2911187431623519
