Graph_Type,Graph_M,Nodes,Instance,Graph_Seed,Embedding_Seed,Logical_Variables,Physical_Qubits,Mean_Chain_Length,Min_Chain_Length,Max_Chain_Length,Mapping_SHA256
BA,2,20,0,20042,20042,20,21,1.05,1,2,603ab5682b07c868b17f9e4756b9bd6eea9540bdf3b5de9e2533bf6530df54ff
BA,2,20,1,20043,20043,20,22,1.1,1,2,467ba88523fa341808b07401f416b0c12d39bb2eea4922eed3ff23bb07571bab
BA,2,20,2,20044,20044,20,22,1.1,1,2,db6a82b6a94af627e06b793e62d98d76798a70e3b6bcd76e7d84a3d57849530e
BA,2,20,3,20045,20045,20,22,1.1,1,2,4ee1815914e547b2acf31594c85c39ff6fe61cd7af695b13200f9db0538591dd
BA,2,20,4,20046,20046,20,22,1.1,1,2,0c569fe0dc32a6d13bf15872e55bbff6e9216c0b22df343cfc5d583e951c8250
BA,2,20,5,20047,20047,20,21,1.05,1,2,6862432f14b27a66b8be57ac29e7d1c9ea6dfc06037196af87e603f830c8c7d6
BA,2,20,6,20048,20048,20,22,1.1,1,2,140238c0f08bc5dc492d6e2ac8f5449c38cfcaf9c4a46a7c95e97d980357370c
BA,2,20,7,20049,20049,20,22,1.1,1,2,d07957b99bf84bda55ffbe542b17a06d42bfcd46fae7f56883ef9e15fe9016a1
BA,2,20,8,20050,20050,20,22,1.1,1,2,527e0c116269e9b356c6e3766ca17093f406ea2fc4d43e8e2ee2d543d75d10c2
BA,2,20,9,20051,20051,20,22,1.1,1,2,775bcff2505bd26ab25ea1c67c129b38346783b99dbe55f067c741055a8debff
BA,2,30,0,30042,30042,30,33,1.1,1,2,1779c21f052fe5f718836c3b31efe013a289cd48b277ba4a3b58c9e7aacc1fe3
BA,2,30,1,30043,30043,30,34,1.1333333333333333,1,2,505e1a0f58e8d981faaa836ca733592b9422eef18569860277cc3d78d3a202cd
BA,2,30,2,30044,30044,30,38,1.2666666666666666,1,2,f9ec92fd2a5ed0210e50a68648153d8d5f8b99e410936b494cbc0d305dc95138
BA,2,30,3,30045,30045,30,33,1.1,1,2,57d09a232b3acc2a03d35b8ad72297b17d92e4ceb1014945b7700b6b8944edfa
BA,2,30,4,30046,30046,30,34,1.1333333333333333,1,2,92ed515aa37870a1ce8e2e8e2946bc95c55fef748d712a2929a37d0d30670f00
BA,2,30,5,30047,30047,30,35,1.1666666666666667,1,2,b302075aa88881d856c2685cee09b1185a2219c6f17699650ab08467dddeb11a
BA,2,30,6,30048,30048,30,34,1.1333333333333333,1,2,96b7853373c5bd439a0d0fb7a429d30df3dfbb10c25c58829d58348b6b942938
BA,2,30,7,30049,30049,30,35,1.1666666666666667,1,2,80d5e10f2d5d09a0af5aa344023fe6d0b85cf1343eaf77506cefa5ec625da272
BA,2,30,8,30050,30050,30,38,1.2666666666666666,1,2,c0b09fed59ba0ad32c01039a895c251152e039c2b223eb0ed6ab77c8e7ab6d73
BA,2,30,9,30051,30051,30,33,1.1,1,2,1ba1bf4572e26e7e58e65b04b3e1e5fb5120a512e0dc341a806bff2cda6b3b71
BA,2,40,0,40042,40042,40,45,1.125,1,2,40d2eda6dc9c6d2c75f50edfa6a351d7bfd405fd62d359045f7717df6a442fe2
BA,2,40,1,40043,40043,40,51,1.275,1,2,3cb47dca7715c49281da4881761cfca86ad21c2b2bdec5fde2ea3929f7cf1e39
BA,2,40,2,40044,40044,40,45,1.125,1,3,eaa1d93e8e51fc256e388eae4349441227f6d614ffe3a49a742fb31bf0e90d65
BA,2,40,3,40045,40045,40,48,1.2,1,3,29412a1d619b58a0d7307fbfcd48a8595d465d197c2dc315aaa59c429ccd0143
BA,2,40,4,40046,40046,40,49,1.225,1,3,03267becd6f9e4cb36c068407dc635fea32174f5624d5a3861476475cccad0a0
BA,2,40,5,40047,40047,40,46,1.15,1,3,0874a2ca6d0db87124c94e5d9248f30e61fe4820bcdd9fe09949092d7c2ea6e6
BA,2,40,6,40048,40048,40,49,1.225,1,3,3e745b65d8cd300a40b9f71f58c9775184d6c31c10da18cc1d94fcac3a39dfdf
BA,2,40,7,40049,40049,40,53,1.325,1,3,e06ba7608f70337a7ccb043faee33cb62f6ac3636f16c65f81288d82a2552a4b
BA,2,40,8,40050,40050,40,46,1.15,1,3,bb4459fdcf8ff905226a4343c2da00ffb1b2397496de99aa0d63a0793d97e91f
BA,2,40,9,40051,40051,40,51,1.275,1,3,cbe90fea239daf0b12ccaaeb8d93260a63cb660b2a412fe54858c3553e7ff7a6
BA,2,50,0,50042,50042,50,62,1.24,1,3,995c615b5630d681ffc89f4ba1c7f837fc47a935dde90c201d9c68450bd1e527
BA,2,50,1,50043,50043,50,64,1.28,1,3,6a68891680e38630bffddd076ee3ddb47d1ebdd3a0d0c81a7757c237c495c499
BA,2,50,2,50044,50044,50,62,1.24,1,3,213038b8c77f4cd74235ddf23351b3bb3f64ee0234ce3a2ac86667a5ca860c6d
BA,2,50,3,50045,50045,50,59,1.18,1,3,6e2de92e1e45e99a475de87fdb9d0aa02ae32f65e5f71f16fba18c48add0063e
BA,2,50,4,50046,50046,50,60,1.2,1,3,c3b38a673ac74acf09c7b00a4eb530b0281e78b7633a6c18ccb9c02c6f4d8358
BA,2,50,5,50047,50047,50,59,1.18,1,2,7dbdf63afb8d53a3641e762cd8c43796ca4fa8bbad71f2cf7d7094a217c498fd
BA,2,50,6,50048,50048,50,65,1.3,1,3,5e4d237b3ff3bc15a1ea27b25670d6c3e1324e5368d1ffd3579906eef320b12e
BA,2,50,7,50049,50049,50,60,1.2,1,3,5e54611c9395425a53527d4e5a4008828e3f90c54808a526bfd0fbde86d0d6bc
BA,2,50,8,50050,50050,50,62,1.24,1,3,92791b221573dd09fa83c51ce8b96a07a65b481a860aeef964421354ad980380
BA,2,50,9,50051,50051,50,60,1.2,1,2,0c7f7e1e6e45c405c44cb02ef25d8991fceb57116b021dba0fd25f7e1d0aa115
BA,2,60,0,60042,60042,60,76,1.2666666666666666,1,3,f2a000e5ae1e91b32a7044999f11e1dd952efc1e2947966d245433070b354263
BA,2,60,1,60043,60043,60,73,1.2166666666666666,1,3,562461c396016c4c4e302b9cd3ca145a67ba79ed71b19583ddb9c58c9852256c
BA,2,60,2,60044,60044,60,73,1.2166666666666666,1,4,0b254301e5ea055afc9b1b4bfe322338cf54666bb1aebf8435ef8fa33bb2dff1
BA,2,60,3,60045,60045,60,82,1.3666666666666667,1,4,d77a5d8e108bb41c58543dfb44e13c7f3f00499caa239619423cc6a0768f10d2
BA,2,60,4,60046,60046,60,73,1.2166666666666666,1,4,5dbabaf132eb8397b402f4cfdfc5b61aed7efc377ad1dc2c4b1491ebb8d43f88
BA,2,60,5,60047,60047,60,72,1.2,1,3,8be10e0f071d9b7ac96b620378dec445516c69a6bae2139edd52c088feef01ad
BA,2,60,6,60048,60048,60,75,1.25,1,4,50fba91d6322112cbc8d019321164f2f96535334396ec0ea729ff772e3373c66
BA,2,60,7,60049,60049,60,72,1.2,1,3,2cfc2a3f10bc933c81381b342c947e3e8c5d71a1e780e3af532dc14b3c06c1a5
BA,2,60,8,60050,60050,60,78,1.3,1,4,57deca9af52f2bcbdfe1a4348d0bce9092345a1079b55950776f9527e42894aa
BA,2,60,9,60051,60051,60,85,1.4166666666666667,1,4,80dd71954b7ec1889e016d10e02b0aff5803aaa99a7602f4448b945f3557e1b7
BA,2,70,0,70042,70042,70,83,1.1857142857142857,1,4,a9df3dff42fec146992968be6d2a963fce858bd973e884ecb1b94e07b7b3da6d
BA,2,70,1,70043,70043,70,96,1.3714285714285714,1,4,3168a9de69f47541db8332baf44adac735e867158cb6dc6e2c09e2a300adfa40
BA,2,70,2,70044,70044,70,93,1.3285714285714285,1,4,284b36b442ff89037a06e7aa3ccf7c2df7fcc3c2aab37d8427184ff5e3e69914
BA,2,70,3,70045,70045,70,90,1.2857142857142858,1,4,a63b1f83acbb3a47109acbacd00631a6689c1869d077b4d6a899daab274ee50f
BA,2,70,4,70046,70046,70,103,1.4714285714285715,1,4,dcec432ce93274f39735ca99a9bfe40340687de2bfc534a5c2998a4a7f1957a4
BA,2,70,5,70047,70047,70,95,1.3571428571428572,1,4,b077522e10bb3d341de0c1dcd803ef494466fddab2ee175cb5a053b2defcd401
BA,2,70,6,70048,70048,70,105,1.5,1,4,7f395c76027c23bc63f06dbde7514461331e69e39be6a41b0d069fa01b671264
BA,2,70,7,70049,70049,70,105,1.5,1,4,e705f0e9948921e684fd83bef7de0bd0cd4ac05f90994cc061530553b3f6fbc0
BA,2,70,8,70050,70050,70,96,1.3714285714285714,1,4,622134083b53e5a69bbfbed3574f7762d3e3d99bf9fcd0d1ea66329676b3ded3
BA,2,70,9,70051,70051,70,94,1.3428571428571427,1,4,6bc00aabc7046e91e3667f55465c0447b50e70d0806f343430bd3fbadd7e62df
BA,2,70,10,70052,70052,70,88,1.2571428571428571,1,3,c630283a537a5bacee8cfb0a6bbe2baccaf7caf58c32bc4c0339089accec3c90
BA,2,70,11,70053,70053,70,95,1.3571428571428572,1,4,1a6efd40d0b9245ed3c0da35f26821c94267e5c4cb53ca0d9ee28a7f781ac011
BA,2,70,12,70054,70054,70,81,1.1571428571428573,1,3,33e4005d705eefabc8d317b0a1754636f6d8dba484e07a21b79d68156bb937c2
BA,2,70,13,70055,70055,70,89,1.2714285714285714,1,4,46823080b709f20c84145b5166b24a05a21102eddf7a902458891a6841633853
BA,2,70,14,70056,70056,70,101,1.4428571428571428,1,4,f7a54e8bab80170fbaffb860e7e04b9545bdf7a51ea1a6bed9d1ab6de410088c
BA,2,70,15,70057,70057,70,104,1.4857142857142858,1,5,43aefb7272ae2a8e900ebc068b774555949cf64d41962b8dac7cf22df409f078
BA,2,70,16,70058,70058,70,87,1.2428571428571429,1,3,a0706ab4cd88e45e4e235cfeb6febcbf0ef59a16b10a5692f99ab55752c7886d
BA,2,70,17,70059,70059,70,92,1.3142857142857143,1,4,b299c215ecd1e23b8538635e977da4b0b2987a0a7227abc7d9038af5cfef035c
BA,2,70,18,70060,70060,70,91,1.3,1,3,57e4cd0dc62b5c19843a67305e502427b77c4b367fc168cb3ad0c60eeb68119c
BA,2,70,19,70061,70061,70,95,1.3571428571428572,1,3,b3fd56f7eae62b99bb04ae4ea1826f731e13d44fda457f8428677865554e91c1
BA,2,80,0,80042,80042,80,107,1.3375,1,4,8dd81920634fd0c0ea2a4e65fd1fbc4259ee140e0f8f0a62896db8cae3e4027d
BA,2,80,1,80043,80043,80,119,1.4875,1,5,674a5a7595228a2ffbd2bd0fa8fad39122ae63212b8db70b0741ef9b4f6d0450
BA,2,80,2,80044,80044,80,112,1.4,1,4,bffd351100b5e8b6daaaf77823ea725c4245d696c40b5f5c85e9fe9fc436f5f5
BA,2,80,3,80045,80045,80,103,1.2875,1,3,16907f16e50f02446fb871c3cc0ef40d660a4f33c83f41b5df3169cf8258dd8d
BA,2,80,4,80046,80046,80,115,1.4375,1,4,98ea247fae5177c1647e21974b18e9e4ce8a692987a98026472584f963806508
BA,2,80,5,80047,80047,80,126,1.575,1,5,dd81a8899e282000320eb198d9328d36475fdad3bc891462f619a9899b9f722b
BA,2,80,6,80048,80048,80,121,1.5125,1,6,d70bd9f428b79fc086a98567e795ab2991f73aa9bc0a94f8f9671def09dc1ae7
BA,2,80,7,80049,80049,80,111,1.3875,1,4,86677c24f4c3421db4fa7043d9a60a99cc08ccd08a6cc03587e5ee3c08e32ce4
BA,2,80,8,80050,80050,80,125,1.5625,1,5,9cd96863cd14ddb0263d7c3ca1bde9c98677e74a6901e9e0902345183a5cc584
BA,2,80,9,80051,80051,80,108,1.35,1,4,8b1c88e749a8caeb4c85ed5f08e2f01f80484b6d306044cf031ea20bf6ddb315
BA,2,80,10,80052,80052,80,107,1.3375,1,4,71665dfd42cc626e7d22c2cfa7ba6c2cdded3bd7ec23195541294cfa6ea21b23
BA,2,80,11,80053,80053,80,113,1.4125,1,5,7e06585baf7f9367cec2607dfd741a9560f6689ca8de5c6a090079e658bfa607
BA,2,80,12,80054,80054,80,112,1.4,1,4,a89588c6d84ae689147ea7bf0f89762312af6d21bc3fe37b679930a839d66ffd
BA,2,80,13,80055,80055,80,108,1.35,1,3,970a7d8bbf2fa832c91d9bd8943a1e6b9356fe03a8d34611dc3df2059f1b268c
BA,2,80,14,80056,80056,80,108,1.35,1,4,b3ab0aa468c8270086095a1354900087fed9dcd32fb2513cd45e866e8e7b3285
BA,2,80,15,80057,80057,80,101,1.2625,1,4,5672dee294a7c52e18bc7625c95e1ac4dc1f6fd5675af0c86e9d7c1f5a3b36d9
BA,2,80,16,80058,80058,80,104,1.3,1,6,5ae696464c275eb1708a732f7ed1fedd799aaab217568e259f75d214f71954c1
BA,2,80,17,80059,80059,80,112,1.4,1,3,4a840bf799cd37ea42e6c9f00845bd5e12bff23e374d156e51f5897acefe4647
BA,2,80,18,80060,80060,80,108,1.35,1,5,b6d328e3b0c2a06798c8bda0f2a8abb32f472f5b10659ac7fab6070e3b5e6cdf
BA,2,80,19,80061,80061,80,123,1.5375,1,4,b283f9783d729320615995b6c998d952cbe207fe2b4c121e49e1c4cff0f463ea
BA,2,90,0,90042,90042,90,134,1.488888888888889,1,4,0813b1cffdf677f2a73edce92c910e1439bb06fb71635c1a98123cb1f58cd2e5
BA,2,90,1,90043,90043,90,143,1.5888888888888888,1,6,8476c4f68938dbed96e61a7f6a38074762087106731d39297dd219c274c0fff0
BA,2,90,2,90044,90044,90,132,1.4666666666666666,1,5,592cd68e619906f556197c2fee920b2775ca0f897c5b0eb032049b46d6226400
BA,2,90,3,90045,90045,90,125,1.3888888888888888,1,4,f77ec8362df6391545ad2a7ad6e216625677743b3685021a85190de03e219cb2
BA,2,90,4,90046,90046,90,120,1.3333333333333333,1,5,9264d986ab08723503a0d1a649352ff6bd60b85d098644ba19abf965071e3129
BA,2,90,5,90047,90047,90,132,1.4666666666666666,1,5,9d7219fa8dcf41bb915f62da24c22d8b4853ce0735c055739082c957a05a1c68
BA,2,90,6,90048,90048,90,125,1.3888888888888888,1,3,5ef1f3b57ed7b1c6ab9df0a8151dfeb3206752bfafcfea7d757fd5bf201644ed
BA,2,90,7,90049,90049,90,148,1.6444444444444444,1,6,8d309d33edbc62c3f09a18674b95f7afcba7fed77e812d25a4ef397d9a58fc63
BA,2,90,8,90050,90050,90,125,1.3888888888888888,1,4,5c1995c84eefe57cdedddfeb165935884eea818d0c5300732d734c49e660a23c
BA,2,90,9,90051,90051,90,127,1.4111111111111112,1,4,9f7ba3bf53ec2a354b19395c4018aeac3cfa20aac617b2878e0bd51e64e0bf8f
BA,2,90,10,90052,90052,90,129,1.4333333333333333,1,4,9a1bb3f71871edd28c2d9ed391355ec8dc0e78732e31930fc205b48cf7fba2d8
BA,2,90,11,90053,90053,90,138,1.5333333333333334,1,5,318c001d14f97d8e9a6f8a359d4d16be9e2d14b53a9a939773c143987ffd6105
BA,2,90,12,90054,90054,90,138,1.5333333333333334,1,4,87999bd5e7bd21fde2f3586c77b4044c4842a04ecd07bbeefcd225ff6baac643
BA,2,90,13,90055,90055,90,132,1.4666666666666666,1,5,4cb414c6cffcb59cab74e1c349c9d6d3028e4ec431667e93632af8ab67966065
BA,2,90,14,90056,90056,90,140,1.5555555555555556,1,5,82bb20928f1df2723b057282a86d473ee34eb6e609c18f91882b4b6253a56785
BA,2,90,15,90057,90057,90,141,1.5666666666666667,1,4,a60d380f0f4173dae30d5e3d674511fd9ad2a7791f355370a5b2be0429631137
BA,2,90,16,90058,90058,90,121,1.3444444444444446,1,5,e75c1108869caf9c8066e5013845378a88f2e8a4bae335a705b9e07420c00bac
BA,2,90,17,90059,90059,90,128,1.4222222222222223,1,5,f3d3af499bb390e5737947199cc384e4501254d571eab4474ab7661bd04bbe2f
BA,2,90,18,90060,90060,90,125,1.3888888888888888,1,4,ae2402a956dd19fc4858afa59e91261f5e55cba3252ba20fd0b0a77f2456ce17
BA,2,90,19,90061,90061,90,140,1.5555555555555556,1,5,b2751de9ffa424b32b20e5e5ab79c482bf95fd417229ec2c77857842d9d1acd1
BA,2,100,0,100042,100042,100,155,1.55,1,5,2f44a02942e9273d6278f2bc7d66a167227066a0be2e9e497932d19612898dbd
BA,2,100,1,100043,100043,100,149,1.49,1,6,5e6fa14228531af931b67fc0e60821a9219f0f289e9dc2bd8d58c68180da3042
BA,2,100,2,100044,100044,100,143,1.43,1,6,62c44628c49dbe57e3915747c37edeea7ce4520266597407c2858341c4936599
BA,2,100,3,100045,100045,100,141,1.41,1,4,b225aef302fea238b055b664547adba14b753a0e7cb4df16f9d84d6c3cd4b544
BA,2,100,4,100046,100046,100,143,1.43,1,5,88c0e8c93bcd084d66c06cdf1f1c059f9bfeed2672e7b4004277a0cd35fece98
BA,2,100,5,100047,100047,100,143,1.43,1,5,3ddda55dd42ee61b79af5667484e723ac3d07ef8fdce4d65be6437cae309b167
BA,2,100,6,100048,100048,100,143,1.43,1,5,e36192e95151d905d4408d7907b67b7e02c68478afefbcc506a5a6294b342c89
BA,2,100,7,100049,100049,100,140,1.4,1,5,db007b9033ba75c70c347b0cc7dfa5f0d6916e67e2522b44a37d93008e9720da
BA,2,100,8,100050,100050,100,146,1.46,1,4,0e7a928badb93e91b95f280eae299c62e8f8fd2e630af9bdc252697b4df0925b
BA,2,100,9,100051,100051,100,132,1.32,1,6,d4afbc40df673cb92649543fdc41f41a7024042b62fb40244031b2b8ba04cbd3
BA,2,100,10,100052,100052,100,144,1.44,1,4,4078a78f322676a7d5f1fc7733ad44ec1ed77273031bf9ff4300c3375ed81483
BA,2,100,11,100053,100053,100,153,1.53,1,6,ef165198d68231a99711254196b31b536a5af904afc022f04b442dcf32947af1
BA,2,100,12,100054,100054,100,156,1.56,1,5,08fac47bff507618a86acc79aa0d57abf56b62f7ab6dfec6ff0514b59870b014
BA,2,100,13,100055,100055,100,145,1.45,1,4,f0fc76b442d1ef852b83c0efe7027893461d8ac7befe66826670856b637eea12
BA,2,100,14,100056,100056,100,159,1.59,1,6,9448405ecd6b2a20816d500ee3bd6785fc29404c78a676609ee38f8ee54e1727
BA,2,100,15,100057,100057,100,143,1.43,1,6,29d97bc7322fb6982be24ae4f69581c9a085709b46e1d0f0a1284e8d9ab4104c
BA,2,100,16,100058,100058,100,140,1.4,1,5,caad12f38a18b33153f34fe5a1d1c613dbdd38a37c88032a0cbeed0afc7c1c9f
BA,2,100,17,100059,100059,100,140,1.4,1,5,b15ca57c98372b5e1dc8e1547df18245208974ca033fefe4ebaf5a0c3087b0f2
BA,2,100,18,100060,100060,100,152,1.52,1,6,db6273586bd48c25a2104e78ae05217c7f437d95215c4ac2e908664febbf8cd2
BA,2,100,19,100061,100061,100,169,1.69,1,5,6f4e9c2ca1330d89678dd884ac6dac4f9d0f5e8072683045879d3d6b3da2fa97
BA,2,120,0,120042,120042,120,179,1.4916666666666667,1,6,0521e03b3fe873831c50dbd05fe1850fcae137621076f73642dc11333bdb78d9
BA,2,120,1,120043,120043,120,222,1.85,1,6,d5de9edea9e70e2374fdfa0dfa30ee6a61b4f05a3c0e198484ffdec192de35ab
BA,2,120,2,120044,120044,120,187,1.5583333333333333,1,5,13db49c7995ba5f614af2d00571190112ecd2b15c95e13f4499be47feaa37941
BA,2,120,3,120045,120045,120,184,1.5333333333333334,1,5,e90b6c6dce237efd24abe04950febac2ea87ea5e70ac5ffb9f9f03a22f82e15b
BA,2,120,4,120046,120046,120,181,1.5083333333333333,1,5,ad76c3ecd67359f20038abb312575097883a7193724dd75fd5bbd8552903d1f1
BA,2,120,5,120047,120047,120,208,1.7333333333333334,1,6,45439026510f3cb0a15723b38c80f751984af756cda720a57e28b662902cc9d6
BA,2,120,6,120048,120048,120,193,1.6083333333333334,1,6,eb1f7c091174d6205e717f13bd0b2e3e603283106953c6733bf7c18af7b9b4c8
BA,2,120,7,120049,120049,120,178,1.4833333333333334,1,5,ebfe6ce3b31f014fa87ffb98924442c2196317663d7da7c3b43af60ca4c26057
BA,2,120,8,120050,120050,120,190,1.5833333333333333,1,6,907660b2723f776b35ccc60b0e7d6d5f732c3d4bff87202371183ed808933d0a
BA,2,120,9,120051,120051,120,197,1.6416666666666666,1,8,0441f1c6134a904e4cc29e5918c2cb66b491187f7d77715044158d2b25a39cdf
BA,2,120,10,120052,120052,120,196,1.6333333333333333,1,5,cc4d6cda30817c1174ac8343848d24177e7024b3941b18d5a07c51ee33efb31a
BA,2,120,11,120053,120053,120,204,1.7,1,6,f5d05b3454317378bbcc0dbdda804ff7682206886e189bff3c6e2a66d17ee5c0
BA,2,120,12,120054,120054,120,176,1.4666666666666666,1,7,9443897d93a9bc7c55c070baac7c3cc685c301801d105dd0f063ff994a893bcf
BA,2,120,13,120055,120055,120,213,1.775,1,6,f682f189f5de4c2fb41b26087980e44377b22cb74b715ae1c3ec8bb6e1330f8e
BA,2,120,14,120056,120056,120,204,1.7,1,6,c6fa790f373d600917a90906950c25713746a204f01cfd986333b7138b6def29
BA,2,120,15,120057,120057,120,189,1.575,1,7,fbcc9dd16ef5ac5a1696fd611d9e13440eac3deb74267f38d7e9d641b578d213
BA,2,120,16,120058,120058,120,183,1.525,1,6,e0682dbb04573aec72f9944fc2026da9fa5fcbee784fb88b06d304a93ea1ecd8
BA,2,120,17,120059,120059,120,187,1.5583333333333333,1,6,a7d274a540e9df4641c275a48be817f55e38d60c78afe856d0f9f9a9cde57c7e
BA,2,120,18,120060,120060,120,179,1.4916666666666667,1,5,b34bf96884a8c3b06a9a49cb76f5004e3564d0bc84d3323ac0a8782c99635a8e
BA,2,120,19,120061,120061,120,174,1.45,1,6,0e130cad2a180d97621d7288312f123592662e7e6fca3205c00d6f1d36d994dc
BA,2,150,0,150042,150042,150,226,1.5066666666666666,1,6,b6c604b0a1af64687a1e03864323980c9caa0b08375942d08a80ddf1fd4b2ae6
BA,2,150,1,150043,150043,150,259,1.7266666666666666,1,8,84e3d25ed653b20b237f2e5422a566b514de1f8ab7ca1fa0d5e6dcebf8abf4f8
BA,2,150,2,150044,150044,150,276,1.84,1,8,915fbde89a6868ed497c52b143ef394ec12edf8da55f7fbcd1b731f13ece4f7c
BA,2,150,3,150045,150045,150,245,1.6333333333333333,1,6,c0d87f3ee9d529f9cba65a16e430cf2cfcb455370d5b66904ff28465b456427a
BA,2,150,4,150046,150046,150,226,1.5066666666666666,1,7,ce514ab13f15f463b67b0d95cf7889d484c42dee4fdb247a2897f569588b3f1e
BA,2,150,5,150047,150047,150,244,1.6266666666666667,1,9,68aa49d8dc0992bc638452d634c5928db92a325476f90f198409c2680b53d238
BA,2,150,6,150048,150048,150,243,1.62,1,6,68d38df20c7969695d9716e5c0e7ab29c5616fd863c9bd6d41eeec9e1f471204
BA,2,150,7,150049,150049,150,258,1.72,1,8,e8f8c8a321468b62c273e61da99b2af8bd5f7d6dc32209f9c11f91910bb539d7
BA,2,150,8,150050,150050,150,237,1.58,1,6,00ff9f30add35f43d2f9ed35b0b626a05445f0bbac6a5a93e105fcd44d668981
BA,2,150,9,150051,150051,150,257,1.7133333333333334,1,7,7bfb745c9618b7cc6aec24a5cf7873746ce350c4b5a7b59fbc5417e8b81f15e0
BA,2,150,10,150052,150052,150,252,1.68,1,7,79435528ab1e5ab55a2f64a2badeeac913178f9eb80c0a88f093a9b62bc972c1
BA,2,150,11,150053,150053,150,251,1.6733333333333333,1,7,67a2daf48947d1635feff5e4972a9edb1c5d5a0fe9503aa90df61f1c78f35506
BA,2,150,12,150054,150054,150,264,1.76,1,7,05f3e53f8da8a59dabb2c4f77ff0cde08d3c1cf29b64c3811bab1692bc72f83f
BA,2,150,13,150055,150055,150,258,1.72,1,7,ea2c9957997137e860314aa9f996e673d38f58a0e3acf95899772e4f25432e81
BA,2,150,14,150056,150056,150,254,1.6933333333333334,1,7,3423fd5373634df5331aedb010027406a23d2fa6e5101018bc9b0146c9e72a77
BA,2,150,15,150057,150057,150,250,1.6666666666666667,1,8,90cd0db126c2a25f9ecb1da9542d4770c8924e3a270ee540e5a6a9ed4fd76e30
BA,2,150,16,150058,150058,150,239,1.5933333333333333,1,7,44269387004a4c97d43c86a89a7786a9ac2bab6dfb04f103629b533eb7d9ece1
BA,2,150,17,150059,150059,150,274,1.8266666666666667,1,7,60c9b7dd8322ce23e2c256e5af0159921123903e33f994b63cce8040812f6539
BA,2,150,18,150060,150060,150,253,1.6866666666666668,1,6,1157e41d8d408bcfc759d43965dcb63026102ff277e8323ec27accaf30c19439
BA,2,150,19,150061,150061,150,248,1.6533333333333333,1,7,d89d10a2e9baf48a394cde30cd015083a46892a44dc7ca0064b1e107f1307aa3
