Graph_M,Nodes,Instance,K_exact,Graph_Seed,Edges,Graph_Type,Control,source_dataset,metadata_role,kexact_status,graph_generation_rule,legacy_source_sha256
3,70,0,37,70042,201,BA,BA_m34_size_alpha_sweep,qa_bam34_n70_150_alpha_sweep,graph-level K_exact and graph identity recorded by the original BAM34 experiment runner,recorded experiment metadata; independent solver certification depends on verification of core.get_exact_K,"networkx.barabasi_albert_graph(N, m=Graph_M, seed=42 + 1000*N + Instance)",3c1d40589fbb606f54e683d4d1d09290ad3e06a3757d3a3900ded5d9e4d4248f
3,70,1,34,70043,201,BA,BA_m34_size_alpha_sweep,qa_bam34_n70_150_alpha_sweep,graph-level K_exact and graph identity recorded by the original BAM34 experiment runner,recorded experiment metadata; independent solver certification depends on verification of core.get_exact_K,"networkx.barabasi_albert_graph(N, m=Graph_M, seed=42 + 1000*N + Instance)",3c1d40589fbb606f54e683d4d1d09290ad3e06a3757d3a3900ded5d9e4d4248f
3,70,2,36,70044,201,BA,BA_m34_size_alpha_sweep,qa_bam34_n70_150_alpha_sweep,graph-level K_exact and graph identity recorded by the original BAM34 experiment runner,recorded experiment metadata; independent solver certification depends on verification of core.get_exact_K,"networkx.barabasi_albert_graph(N, m=Graph_M, seed=42 + 1000*N + Instance)",3c1d40589fbb606f54e683d4d1d09290ad3e06a3757d3a3900ded5d9e4d4248f
3,70,3,37,70045,201,BA,BA_m34_size_alpha_sweep,qa_bam34_n70_150_alpha_sweep,graph-level K_exact and graph identity recorded by the original BAM34 experiment runner,recorded experiment metadata; independent solver certification depends on verification of core.get_exact_K,"networkx.barabasi_albert_graph(N, m=Graph_M, seed=42 + 1000*N + Instance)",3c1d40589fbb606f54e683d4d1d09290ad3e06a3757d3a3900ded5d9e4d4248f
3,70,4,35,70046,201,BA,BA_m34_size_alpha_sweep,qa_bam34_n70_150_alpha_sweep,graph-level K_exact and graph identity recorded by the original BAM34 experiment runner,recorded experiment metadata; independent solver certification depends on verification of core.get_exact_K,"networkx.barabasi_albert_graph(N, m=Graph_M, seed=42 + 1000*N + Instance)",3c1d40589fbb606f54e683d4d1d09290ad3e06a3757d3a3900ded5d9e4d4248f
3,70,5,34,70047,201,BA,BA_m34_size_alpha_sweep,qa_bam34_n70_150_alpha_sweep,graph-level K_exact and graph identity recorded by the original BAM34 experiment runner,recorded experiment metadata; independent solver certification depends on verification of core.get_exact_K,"networkx.barabasi_albert_graph(N, m=Graph_M, seed=42 + 1000*N + Instance)",3c1d40589fbb606f54e683d4d1d09290ad3e06a3757d3a3900ded5d9e4d4248f
3,70,6,38,70048,201,BA,BA_m34_size_alpha_sweep,qa_bam34_n70_150_alpha_sweep,graph-level K_exact and graph identity recorded by the original BAM34 experiment runner,recorded experiment metadata; independent solver certification depends on verification of core.get_exact_K,"networkx.barabasi_albert_graph(N, m=Graph_M, seed=42 + 1000*N + Instance)",3c1d40589fbb606f54e683d4d1d09290ad3e06a3757d3a3900ded5d9e4d4248f
3,70,7,37,70049,201,BA,BA_m34_size_alpha_sweep,qa_bam34_n70_150_alpha_sweep,graph-level K_exact and graph identity recorded by the original BAM34 experiment runner,recorded experiment metadata; independent solver certification depends on verification of core.get_exact_K,"networkx.barabasi_albert_graph(N, m=Graph_M, seed=42 + 1000*N + Instance)",3c1d40589fbb606f54e683d4d1d09290ad3e06a3757d3a3900ded5d9e4d4248f
3,70,8,37,70050,201,BA,BA_m34_size_alpha_sweep,qa_bam34_n70_150_alpha_sweep,graph-level K_exact and graph identity recorded by the original BAM34 experiment runner,recorded experiment metadata; independent solver certification depends on verification of core.get_exact_K,"networkx.barabasi_albert_graph(N, m=Graph_M, seed=42 + 1000*N + Instance)",3c1d40589fbb606f54e683d4d1d09290ad3e06a3757d3a3900ded5d9e4d4248f
3,70,9,33,70051,201,BA,BA_m34_size_alpha_sweep,qa_bam34_n70_150_alpha_sweep,graph-level K_exact and graph identity recorded by the original BAM34 experiment runner,recorded experiment metadata; independent solver certification depends on verification of core.get_exact_K,"networkx.barabasi_albert_graph(N, m=Graph_M, seed=42 + 1000*N + Instance)",3c1d40589fbb606f54e683d4d1d09290ad3e06a3757d3a3900ded5d9e4d4248f
3,90,0,44,90042,261,BA,BA_m34_size_alpha_sweep,qa_bam34_n70_150_alpha_sweep,graph-level K_exact and graph identity recorded by the original BAM34 experiment runner,recorded experiment metadata; independent solver certification depends on verification of core.get_exact_K,"networkx.barabasi_albert_graph(N, m=Graph_M, seed=42 + 1000*N + Instance)",3c1d40589fbb606f54e683d4d1d09290ad3e06a3757d3a3900ded5d9e4d4248f
3,90,1,45,90043,261,BA,BA_m34_size_alpha_sweep,qa_bam34_n70_150_alpha_sweep,graph-level K_exact and graph identity recorded by the original BAM34 experiment runner,recorded experiment metadata; independent solver certification depends on verification of core.get_exact_K,"networkx.barabasi_albert_graph(N, m=Graph_M, seed=42 + 1000*N + Instance)",3c1d40589fbb606f54e683d4d1d09290ad3e06a3757d3a3900ded5d9e4d4248f
3,90,2,45,90044,261,BA,BA_m34_size_alpha_sweep,qa_bam34_n70_150_alpha_sweep,graph-level K_exact and graph identity recorded by the original BAM34 experiment runner,recorded experiment metadata; independent solver certification depends on verification of core.get_exact_K,"networkx.barabasi_albert_graph(N, m=Graph_M, seed=42 + 1000*N + Instance)",3c1d40589fbb606f54e683d4d1d09290ad3e06a3757d3a3900ded5d9e4d4248f
3,90,3,43,90045,261,BA,BA_m34_size_alpha_sweep,qa_bam34_n70_150_alpha_sweep,graph-level K_exact and graph identity recorded by the original BAM34 experiment runner,recorded experiment metadata; independent solver certification depends on verification of core.get_exact_K,"networkx.barabasi_albert_graph(N, m=Graph_M, seed=42 + 1000*N + Instance)",3c1d40589fbb606f54e683d4d1d09290ad3e06a3757d3a3900ded5d9e4d4248f
3,90,4,45,90046,261,BA,BA_m34_size_alpha_sweep,qa_bam34_n70_150_alpha_sweep,graph-level K_exact and graph identity recorded by the original BAM34 experiment runner,recorded experiment metadata; independent solver certification depends on verification of core.get_exact_K,"networkx.barabasi_albert_graph(N, m=Graph_M, seed=42 + 1000*N + Instance)",3c1d40589fbb606f54e683d4d1d09290ad3e06a3757d3a3900ded5d9e4d4248f
3,90,5,44,90047,261,BA,BA_m34_size_alpha_sweep,qa_bam34_n70_150_alpha_sweep,graph-level K_exact and graph identity recorded by the original BAM34 experiment runner,recorded experiment metadata; independent solver certification depends on verification of core.get_exact_K,"networkx.barabasi_albert_graph(N, m=Graph_M, seed=42 + 1000*N + Instance)",3c1d40589fbb606f54e683d4d1d09290ad3e06a3757d3a3900ded5d9e4d4248f
3,90,6,43,90048,261,BA,BA_m34_size_alpha_sweep,qa_bam34_n70_150_alpha_sweep,graph-level K_exact and graph identity recorded by the original BAM34 experiment runner,recorded experiment metadata; independent solver certification depends on verification of core.get_exact_K,"networkx.barabasi_albert_graph(N, m=Graph_M, seed=42 + 1000*N + Instance)",3c1d40589fbb606f54e683d4d1d09290ad3e06a3757d3a3900ded5d9e4d4248f
3,90,7,47,90049,261,BA,BA_m34_size_alpha_sweep,qa_bam34_n70_150_alpha_sweep,graph-level K_exact and graph identity recorded by the original BAM34 experiment runner,recorded experiment metadata; independent solver certification depends on verification of core.get_exact_K,"networkx.barabasi_albert_graph(N, m=Graph_M, seed=42 + 1000*N + Instance)",3c1d40589fbb606f54e683d4d1d09290ad3e06a3757d3a3900ded5d9e4d4248f
3,90,8,48,90050,261,BA,BA_m34_size_alpha_sweep,qa_bam34_n70_150_alpha_sweep,graph-level K_exact and graph identity recorded by the original BAM34 experiment runner,recorded experiment metadata; independent solver certification depends on verification of core.get_exact_K,"networkx.barabasi_albert_graph(N, m=Graph_M, seed=42 + 1000*N + Instance)",3c1d40589fbb606f54e683d4d1d09290ad3e06a3757d3a3900ded5d9e4d4248f
3,90,9,46,90051,261,BA,BA_m34_size_alpha_sweep,qa_bam34_n70_150_alpha_sweep,graph-level K_exact and graph identity recorded by the original BAM34 experiment runner,recorded experiment metadata; independent solver certification depends on verification of core.get_exact_K,"networkx.barabasi_albert_graph(N, m=Graph_M, seed=42 + 1000*N + Instance)",3c1d40589fbb606f54e683d4d1d09290ad3e06a3757d3a3900ded5d9e4d4248f
3,120,0,59,120042,351,BA,BA_m34_size_alpha_sweep,qa_bam34_n70_150_alpha_sweep,graph-level K_exact and graph identity recorded by the original BAM34 experiment runner,recorded experiment metadata; independent solver certification depends on verification of core.get_exact_K,"networkx.barabasi_albert_graph(N, m=Graph_M, seed=42 + 1000*N + Instance)",3c1d40589fbb606f54e683d4d1d09290ad3e06a3757d3a3900ded5d9e4d4248f
3,120,1,59,120043,351,BA,BA_m34_size_alpha_sweep,qa_bam34_n70_150_alpha_sweep,graph-level K_exact and graph identity recorded by the original BAM34 experiment runner,recorded experiment metadata; independent solver certification depends on verification of core.get_exact_K,"networkx.barabasi_albert_graph(N, m=Graph_M, seed=42 + 1000*N + Instance)",3c1d40589fbb606f54e683d4d1d09290ad3e06a3757d3a3900ded5d9e4d4248f
3,120,2,63,120044,351,BA,BA_m34_size_alpha_sweep,qa_bam34_n70_150_alpha_sweep,graph-level K_exact and graph identity recorded by the original BAM34 experiment runner,recorded experiment metadata; independent solver certification depends on verification of core.get_exact_K,"networkx.barabasi_albert_graph(N, m=Graph_M, seed=42 + 1000*N + Instance)",3c1d40589fbb606f54e683d4d1d09290ad3e06a3757d3a3900ded5d9e4d4248f
3,120,3,54,120045,351,BA,BA_m34_size_alpha_sweep,qa_bam34_n70_150_alpha_sweep,graph-level K_exact and graph identity recorded by the original BAM34 experiment runner,recorded experiment metadata; independent solver certification depends on verification of core.get_exact_K,"networkx.barabasi_albert_graph(N, m=Graph_M, seed=42 + 1000*N + Instance)",3c1d40589fbb606f54e683d4d1d09290ad3e06a3757d3a3900ded5d9e4d4248f
3,120,4,58,120046,351,BA,BA_m34_size_alpha_sweep,qa_bam34_n70_150_alpha_sweep,graph-level K_exact and graph identity recorded by the original BAM34 experiment runner,recorded experiment metadata; independent solver certification depends on verification of core.get_exact_K,"networkx.barabasi_albert_graph(N, m=Graph_M, seed=42 + 1000*N + Instance)",3c1d40589fbb606f54e683d4d1d09290ad3e06a3757d3a3900ded5d9e4d4248f
3,120,5,58,120047,351,BA,BA_m34_size_alpha_sweep,qa_bam34_n70_150_alpha_sweep,graph-level K_exact and graph identity recorded by the original BAM34 experiment runner,recorded experiment metadata; independent solver certification depends on verification of core.get_exact_K,"networkx.barabasi_albert_graph(N, m=Graph_M, seed=42 + 1000*N + Instance)",3c1d40589fbb606f54e683d4d1d09290ad3e06a3757d3a3900ded5d9e4d4248f
3,120,6,57,120048,351,BA,BA_m34_size_alpha_sweep,qa_bam34_n70_150_alpha_sweep,graph-level K_exact and graph identity recorded by the original BAM34 experiment runner,recorded experiment metadata; independent solver certification depends on verification of core.get_exact_K,"networkx.barabasi_albert_graph(N, m=Graph_M, seed=42 + 1000*N + Instance)",3c1d40589fbb606f54e683d4d1d09290ad3e06a3757d3a3900ded5d9e4d4248f
3,120,7,62,120049,351,BA,BA_m34_size_alpha_sweep,qa_bam34_n70_150_alpha_sweep,graph-level K_exact and graph identity recorded by the original BAM34 experiment runner,recorded experiment metadata; independent solver certification depends on verification of core.get_exact_K,"networkx.barabasi_albert_graph(N, m=Graph_M, seed=42 + 1000*N + Instance)",3c1d40589fbb606f54e683d4d1d09290ad3e06a3757d3a3900ded5d9e4d4248f
3,120,8,63,120050,351,BA,BA_m34_size_alpha_sweep,qa_bam34_n70_150_alpha_sweep,graph-level K_exact and graph identity recorded by the original BAM34 experiment runner,recorded experiment metadata; independent solver certification depends on verification of core.get_exact_K,"networkx.barabasi_albert_graph(N, m=Graph_M, seed=42 + 1000*N + Instance)",3c1d40589fbb606f54e683d4d1d09290ad3e06a3757d3a3900ded5d9e4d4248f
3,120,9,58,120051,351,BA,BA_m34_size_alpha_sweep,qa_bam34_n70_150_alpha_sweep,graph-level K_exact and graph identity recorded by the original BAM34 experiment runner,recorded experiment metadata; independent solver certification depends on verification of core.get_exact_K,"networkx.barabasi_albert_graph(N, m=Graph_M, seed=42 + 1000*N + Instance)",3c1d40589fbb606f54e683d4d1d09290ad3e06a3757d3a3900ded5d9e4d4248f
3,150,0,73,150042,441,BA,BA_m34_size_alpha_sweep,qa_bam34_n70_150_alpha_sweep,graph-level K_exact and graph identity recorded by the original BAM34 experiment runner,recorded experiment metadata; independent solver certification depends on verification of core.get_exact_K,"networkx.barabasi_albert_graph(N, m=Graph_M, seed=42 + 1000*N + Instance)",3c1d40589fbb606f54e683d4d1d09290ad3e06a3757d3a3900ded5d9e4d4248f
3,150,1,75,150043,441,BA,BA_m34_size_alpha_sweep,qa_bam34_n70_150_alpha_sweep,graph-level K_exact and graph identity recorded by the original BAM34 experiment runner,recorded experiment metadata; independent solver certification depends on verification of core.get_exact_K,"networkx.barabasi_albert_graph(N, m=Graph_M, seed=42 + 1000*N + Instance)",3c1d40589fbb606f54e683d4d1d09290ad3e06a3757d3a3900ded5d9e4d4248f
3,150,2,69,150044,441,BA,BA_m34_size_alpha_sweep,qa_bam34_n70_150_alpha_sweep,graph-level K_exact and graph identity recorded by the original BAM34 experiment runner,recorded experiment metadata; independent solver certification depends on verification of core.get_exact_K,"networkx.barabasi_albert_graph(N, m=Graph_M, seed=42 + 1000*N + Instance)",3c1d40589fbb606f54e683d4d1d09290ad3e06a3757d3a3900ded5d9e4d4248f
3,150,3,76,150045,441,BA,BA_m34_size_alpha_sweep,qa_bam34_n70_150_alpha_sweep,graph-level K_exact and graph identity recorded by the original BAM34 experiment runner,recorded experiment metadata; independent solver certification depends on verification of core.get_exact_K,"networkx.barabasi_albert_graph(N, m=Graph_M, seed=42 + 1000*N + Instance)",3c1d40589fbb606f54e683d4d1d09290ad3e06a3757d3a3900ded5d9e4d4248f
3,150,4,76,150046,441,BA,BA_m34_size_alpha_sweep,qa_bam34_n70_150_alpha_sweep,graph-level K_exact and graph identity recorded by the original BAM34 experiment runner,recorded experiment metadata; independent solver certification depends on verification of core.get_exact_K,"networkx.barabasi_albert_graph(N, m=Graph_M, seed=42 + 1000*N + Instance)",3c1d40589fbb606f54e683d4d1d09290ad3e06a3757d3a3900ded5d9e4d4248f
3,150,5,74,150047,441,BA,BA_m34_size_alpha_sweep,qa_bam34_n70_150_alpha_sweep,graph-level K_exact and graph identity recorded by the original BAM34 experiment runner,recorded experiment metadata; independent solver certification depends on verification of core.get_exact_K,"networkx.barabasi_albert_graph(N, m=Graph_M, seed=42 + 1000*N + Instance)",3c1d40589fbb606f54e683d4d1d09290ad3e06a3757d3a3900ded5d9e4d4248f
3,150,6,77,150048,441,BA,BA_m34_size_alpha_sweep,qa_bam34_n70_150_alpha_sweep,graph-level K_exact and graph identity recorded by the original BAM34 experiment runner,recorded experiment metadata; independent solver certification depends on verification of core.get_exact_K,"networkx.barabasi_albert_graph(N, m=Graph_M, seed=42 + 1000*N + Instance)",3c1d40589fbb606f54e683d4d1d09290ad3e06a3757d3a3900ded5d9e4d4248f
3,150,7,77,150049,441,BA,BA_m34_size_alpha_sweep,qa_bam34_n70_150_alpha_sweep,graph-level K_exact and graph identity recorded by the original BAM34 experiment runner,recorded experiment metadata; independent solver certification depends on verification of core.get_exact_K,"networkx.barabasi_albert_graph(N, m=Graph_M, seed=42 + 1000*N + Instance)",3c1d40589fbb606f54e683d4d1d09290ad3e06a3757d3a3900ded5d9e4d4248f
3,150,8,80,150050,441,BA,BA_m34_size_alpha_sweep,qa_bam34_n70_150_alpha_sweep,graph-level K_exact and graph identity recorded by the original BAM34 experiment runner,recorded experiment metadata; independent solver certification depends on verification of core.get_exact_K,"networkx.barabasi_albert_graph(N, m=Graph_M, seed=42 + 1000*N + Instance)",3c1d40589fbb606f54e683d4d1d09290ad3e06a3757d3a3900ded5d9e4d4248f
3,150,9,76,150051,441,BA,BA_m34_size_alpha_sweep,qa_bam34_n70_150_alpha_sweep,graph-level K_exact and graph identity recorded by the original BAM34 experiment runner,recorded experiment metadata; independent solver certification depends on verification of core.get_exact_K,"networkx.barabasi_albert_graph(N, m=Graph_M, seed=42 + 1000*N + Instance)",3c1d40589fbb606f54e683d4d1d09290ad3e06a3757d3a3900ded5d9e4d4248f
4,70,0,40,70042,264,BA,BA_m34_size_alpha_sweep,qa_bam34_n70_150_alpha_sweep,graph-level K_exact and graph identity recorded by the original BAM34 experiment runner,recorded experiment metadata; independent solver certification depends on verification of core.get_exact_K,"networkx.barabasi_albert_graph(N, m=Graph_M, seed=42 + 1000*N + Instance)",3c1d40589fbb606f54e683d4d1d09290ad3e06a3757d3a3900ded5d9e4d4248f
4,70,1,40,70043,264,BA,BA_m34_size_alpha_sweep,qa_bam34_n70_150_alpha_sweep,graph-level K_exact and graph identity recorded by the original BAM34 experiment runner,recorded experiment metadata; independent solver certification depends on verification of core.get_exact_K,"networkx.barabasi_albert_graph(N, m=Graph_M, seed=42 + 1000*N + Instance)",3c1d40589fbb606f54e683d4d1d09290ad3e06a3757d3a3900ded5d9e4d4248f
4,70,2,42,70044,264,BA,BA_m34_size_alpha_sweep,qa_bam34_n70_150_alpha_sweep,graph-level K_exact and graph identity recorded by the original BAM34 experiment runner,recorded experiment metadata; independent solver certification depends on verification of core.get_exact_K,"networkx.barabasi_albert_graph(N, m=Graph_M, seed=42 + 1000*N + Instance)",3c1d40589fbb606f54e683d4d1d09290ad3e06a3757d3a3900ded5d9e4d4248f
4,70,3,37,70045,264,BA,BA_m34_size_alpha_sweep,qa_bam34_n70_150_alpha_sweep,graph-level K_exact and graph identity recorded by the original BAM34 experiment runner,recorded experiment metadata; independent solver certification depends on verification of core.get_exact_K,"networkx.barabasi_albert_graph(N, m=Graph_M, seed=42 + 1000*N + Instance)",3c1d40589fbb606f54e683d4d1d09290ad3e06a3757d3a3900ded5d9e4d4248f
4,70,4,42,70046,264,BA,BA_m34_size_alpha_sweep,qa_bam34_n70_150_alpha_sweep,graph-level K_exact and graph identity recorded by the original BAM34 experiment runner,recorded experiment metadata; independent solver certification depends on verification of core.get_exact_K,"networkx.barabasi_albert_graph(N, m=Graph_M, seed=42 + 1000*N + Instance)",3c1d40589fbb606f54e683d4d1d09290ad3e06a3757d3a3900ded5d9e4d4248f
4,70,5,41,70047,264,BA,BA_m34_size_alpha_sweep,qa_bam34_n70_150_alpha_sweep,graph-level K_exact and graph identity recorded by the original BAM34 experiment runner,recorded experiment metadata; independent solver certification depends on verification of core.get_exact_K,"networkx.barabasi_albert_graph(N, m=Graph_M, seed=42 + 1000*N + Instance)",3c1d40589fbb606f54e683d4d1d09290ad3e06a3757d3a3900ded5d9e4d4248f
4,70,6,41,70048,264,BA,BA_m34_size_alpha_sweep,qa_bam34_n70_150_alpha_sweep,graph-level K_exact and graph identity recorded by the original BAM34 experiment runner,recorded experiment metadata; independent solver certification depends on verification of core.get_exact_K,"networkx.barabasi_albert_graph(N, m=Graph_M, seed=42 + 1000*N + Instance)",3c1d40589fbb606f54e683d4d1d09290ad3e06a3757d3a3900ded5d9e4d4248f
4,70,7,38,70049,264,BA,BA_m34_size_alpha_sweep,qa_bam34_n70_150_alpha_sweep,graph-level K_exact and graph identity recorded by the original BAM34 experiment runner,recorded experiment metadata; independent solver certification depends on verification of core.get_exact_K,"networkx.barabasi_albert_graph(N, m=Graph_M, seed=42 + 1000*N + Instance)",3c1d40589fbb606f54e683d4d1d09290ad3e06a3757d3a3900ded5d9e4d4248f
4,70,8,38,70050,264,BA,BA_m34_size_alpha_sweep,qa_bam34_n70_150_alpha_sweep,graph-level K_exact and graph identity recorded by the original BAM34 experiment runner,recorded experiment metadata; independent solver certification depends on verification of core.get_exact_K,"networkx.barabasi_albert_graph(N, m=Graph_M, seed=42 + 1000*N + Instance)",3c1d40589fbb606f54e683d4d1d09290ad3e06a3757d3a3900ded5d9e4d4248f
4,70,9,39,70051,264,BA,BA_m34_size_alpha_sweep,qa_bam34_n70_150_alpha_sweep,graph-level K_exact and graph identity recorded by the original BAM34 experiment runner,recorded experiment metadata; independent solver certification depends on verification of core.get_exact_K,"networkx.barabasi_albert_graph(N, m=Graph_M, seed=42 + 1000*N + Instance)",3c1d40589fbb606f54e683d4d1d09290ad3e06a3757d3a3900ded5d9e4d4248f
4,90,0,53,90042,344,BA,BA_m34_size_alpha_sweep,qa_bam34_n70_150_alpha_sweep,graph-level K_exact and graph identity recorded by the original BAM34 experiment runner,recorded experiment metadata; independent solver certification depends on verification of core.get_exact_K,"networkx.barabasi_albert_graph(N, m=Graph_M, seed=42 + 1000*N + Instance)",3c1d40589fbb606f54e683d4d1d09290ad3e06a3757d3a3900ded5d9e4d4248f
4,90,1,52,90043,344,BA,BA_m34_size_alpha_sweep,qa_bam34_n70_150_alpha_sweep,graph-level K_exact and graph identity recorded by the original BAM34 experiment runner,recorded experiment metadata; independent solver certification depends on verification of core.get_exact_K,"networkx.barabasi_albert_graph(N, m=Graph_M, seed=42 + 1000*N + Instance)",3c1d40589fbb606f54e683d4d1d09290ad3e06a3757d3a3900ded5d9e4d4248f
4,90,2,48,90044,344,BA,BA_m34_size_alpha_sweep,qa_bam34_n70_150_alpha_sweep,graph-level K_exact and graph identity recorded by the original BAM34 experiment runner,recorded experiment metadata; independent solver certification depends on verification of core.get_exact_K,"networkx.barabasi_albert_graph(N, m=Graph_M, seed=42 + 1000*N + Instance)",3c1d40589fbb606f54e683d4d1d09290ad3e06a3757d3a3900ded5d9e4d4248f
4,90,3,49,90045,344,BA,BA_m34_size_alpha_sweep,qa_bam34_n70_150_alpha_sweep,graph-level K_exact and graph identity recorded by the original BAM34 experiment runner,recorded experiment metadata; independent solver certification depends on verification of core.get_exact_K,"networkx.barabasi_albert_graph(N, m=Graph_M, seed=42 + 1000*N + Instance)",3c1d40589fbb606f54e683d4d1d09290ad3e06a3757d3a3900ded5d9e4d4248f
4,90,4,50,90046,344,BA,BA_m34_size_alpha_sweep,qa_bam34_n70_150_alpha_sweep,graph-level K_exact and graph identity recorded by the original BAM34 experiment runner,recorded experiment metadata; independent solver certification depends on verification of core.get_exact_K,"networkx.barabasi_albert_graph(N, m=Graph_M, seed=42 + 1000*N + Instance)",3c1d40589fbb606f54e683d4d1d09290ad3e06a3757d3a3900ded5d9e4d4248f
4,90,5,51,90047,344,BA,BA_m34_size_alpha_sweep,qa_bam34_n70_150_alpha_sweep,graph-level K_exact and graph identity recorded by the original BAM34 experiment runner,recorded experiment metadata; independent solver certification depends on verification of core.get_exact_K,"networkx.barabasi_albert_graph(N, m=Graph_M, seed=42 + 1000*N + Instance)",3c1d40589fbb606f54e683d4d1d09290ad3e06a3757d3a3900ded5d9e4d4248f
4,90,6,49,90048,344,BA,BA_m34_size_alpha_sweep,qa_bam34_n70_150_alpha_sweep,graph-level K_exact and graph identity recorded by the original BAM34 experiment runner,recorded experiment metadata; independent solver certification depends on verification of core.get_exact_K,"networkx.barabasi_albert_graph(N, m=Graph_M, seed=42 + 1000*N + Instance)",3c1d40589fbb606f54e683d4d1d09290ad3e06a3757d3a3900ded5d9e4d4248f
4,90,7,52,90049,344,BA,BA_m34_size_alpha_sweep,qa_bam34_n70_150_alpha_sweep,graph-level K_exact and graph identity recorded by the original BAM34 experiment runner,recorded experiment metadata; independent solver certification depends on verification of core.get_exact_K,"networkx.barabasi_albert_graph(N, m=Graph_M, seed=42 + 1000*N + Instance)",3c1d40589fbb606f54e683d4d1d09290ad3e06a3757d3a3900ded5d9e4d4248f
4,90,8,52,90050,344,BA,BA_m34_size_alpha_sweep,qa_bam34_n70_150_alpha_sweep,graph-level K_exact and graph identity recorded by the original BAM34 experiment runner,recorded experiment metadata; independent solver certification depends on verification of core.get_exact_K,"networkx.barabasi_albert_graph(N, m=Graph_M, seed=42 + 1000*N + Instance)",3c1d40589fbb606f54e683d4d1d09290ad3e06a3757d3a3900ded5d9e4d4248f
4,90,9,47,90051,344,BA,BA_m34_size_alpha_sweep,qa_bam34_n70_150_alpha_sweep,graph-level K_exact and graph identity recorded by the original BAM34 experiment runner,recorded experiment metadata; independent solver certification depends on verification of core.get_exact_K,"networkx.barabasi_albert_graph(N, m=Graph_M, seed=42 + 1000*N + Instance)",3c1d40589fbb606f54e683d4d1d09290ad3e06a3757d3a3900ded5d9e4d4248f
4,120,0,68,120042,464,BA,BA_m34_size_alpha_sweep,qa_bam34_n70_150_alpha_sweep,graph-level K_exact and graph identity recorded by the original BAM34 experiment runner,recorded experiment metadata; independent solver certification depends on verification of core.get_exact_K,"networkx.barabasi_albert_graph(N, m=Graph_M, seed=42 + 1000*N + Instance)",3c1d40589fbb606f54e683d4d1d09290ad3e06a3757d3a3900ded5d9e4d4248f
4,120,1,66,120043,464,BA,BA_m34_size_alpha_sweep,qa_bam34_n70_150_alpha_sweep,graph-level K_exact and graph identity recorded by the original BAM34 experiment runner,recorded experiment metadata; independent solver certification depends on verification of core.get_exact_K,"networkx.barabasi_albert_graph(N, m=Graph_M, seed=42 + 1000*N + Instance)",3c1d40589fbb606f54e683d4d1d09290ad3e06a3757d3a3900ded5d9e4d4248f
4,120,2,68,120044,464,BA,BA_m34_size_alpha_sweep,qa_bam34_n70_150_alpha_sweep,graph-level K_exact and graph identity recorded by the original BAM34 experiment runner,recorded experiment metadata; independent solver certification depends on verification of core.get_exact_K,"networkx.barabasi_albert_graph(N, m=Graph_M, seed=42 + 1000*N + Instance)",3c1d40589fbb606f54e683d4d1d09290ad3e06a3757d3a3900ded5d9e4d4248f
4,120,3,65,120045,464,BA,BA_m34_size_alpha_sweep,qa_bam34_n70_150_alpha_sweep,graph-level K_exact and graph identity recorded by the original BAM34 experiment runner,recorded experiment metadata; independent solver certification depends on verification of core.get_exact_K,"networkx.barabasi_albert_graph(N, m=Graph_M, seed=42 + 1000*N + Instance)",3c1d40589fbb606f54e683d4d1d09290ad3e06a3757d3a3900ded5d9e4d4248f
4,120,4,69,120046,464,BA,BA_m34_size_alpha_sweep,qa_bam34_n70_150_alpha_sweep,graph-level K_exact and graph identity recorded by the original BAM34 experiment runner,recorded experiment metadata; independent solver certification depends on verification of core.get_exact_K,"networkx.barabasi_albert_graph(N, m=Graph_M, seed=42 + 1000*N + Instance)",3c1d40589fbb606f54e683d4d1d09290ad3e06a3757d3a3900ded5d9e4d4248f
4,120,5,69,120047,464,BA,BA_m34_size_alpha_sweep,qa_bam34_n70_150_alpha_sweep,graph-level K_exact and graph identity recorded by the original BAM34 experiment runner,recorded experiment metadata; independent solver certification depends on verification of core.get_exact_K,"networkx.barabasi_albert_graph(N, m=Graph_M, seed=42 + 1000*N + Instance)",3c1d40589fbb606f54e683d4d1d09290ad3e06a3757d3a3900ded5d9e4d4248f
4,120,6,68,120048,464,BA,BA_m34_size_alpha_sweep,qa_bam34_n70_150_alpha_sweep,graph-level K_exact and graph identity recorded by the original BAM34 experiment runner,recorded experiment metadata; independent solver certification depends on verification of core.get_exact_K,"networkx.barabasi_albert_graph(N, m=Graph_M, seed=42 + 1000*N + Instance)",3c1d40589fbb606f54e683d4d1d09290ad3e06a3757d3a3900ded5d9e4d4248f
4,120,7,66,120049,464,BA,BA_m34_size_alpha_sweep,qa_bam34_n70_150_alpha_sweep,graph-level K_exact and graph identity recorded by the original BAM34 experiment runner,recorded experiment metadata; independent solver certification depends on verification of core.get_exact_K,"networkx.barabasi_albert_graph(N, m=Graph_M, seed=42 + 1000*N + Instance)",3c1d40589fbb606f54e683d4d1d09290ad3e06a3757d3a3900ded5d9e4d4248f
4,120,8,64,120050,464,BA,BA_m34_size_alpha_sweep,qa_bam34_n70_150_alpha_sweep,graph-level K_exact and graph identity recorded by the original BAM34 experiment runner,recorded experiment metadata; independent solver certification depends on verification of core.get_exact_K,"networkx.barabasi_albert_graph(N, m=Graph_M, seed=42 + 1000*N + Instance)",3c1d40589fbb606f54e683d4d1d09290ad3e06a3757d3a3900ded5d9e4d4248f
4,120,9,66,120051,464,BA,BA_m34_size_alpha_sweep,qa_bam34_n70_150_alpha_sweep,graph-level K_exact and graph identity recorded by the original BAM34 experiment runner,recorded experiment metadata; independent solver certification depends on verification of core.get_exact_K,"networkx.barabasi_albert_graph(N, m=Graph_M, seed=42 + 1000*N + Instance)",3c1d40589fbb606f54e683d4d1d09290ad3e06a3757d3a3900ded5d9e4d4248f
4,150,0,82,150042,584,BA,BA_m34_size_alpha_sweep,qa_bam34_n70_150_alpha_sweep,graph-level K_exact and graph identity recorded by the original BAM34 experiment runner,recorded experiment metadata; independent solver certification depends on verification of core.get_exact_K,"networkx.barabasi_albert_graph(N, m=Graph_M, seed=42 + 1000*N + Instance)",3c1d40589fbb606f54e683d4d1d09290ad3e06a3757d3a3900ded5d9e4d4248f
4,150,1,86,150043,584,BA,BA_m34_size_alpha_sweep,qa_bam34_n70_150_alpha_sweep,graph-level K_exact and graph identity recorded by the original BAM34 experiment runner,recorded experiment metadata; independent solver certification depends on verification of core.get_exact_K,"networkx.barabasi_albert_graph(N, m=Graph_M, seed=42 + 1000*N + Instance)",3c1d40589fbb606f54e683d4d1d09290ad3e06a3757d3a3900ded5d9e4d4248f
4,150,2,84,150044,584,BA,BA_m34_size_alpha_sweep,qa_bam34_n70_150_alpha_sweep,graph-level K_exact and graph identity recorded by the original BAM34 experiment runner,recorded experiment metadata; independent solver certification depends on verification of core.get_exact_K,"networkx.barabasi_albert_graph(N, m=Graph_M, seed=42 + 1000*N + Instance)",3c1d40589fbb606f54e683d4d1d09290ad3e06a3757d3a3900ded5d9e4d4248f
4,150,3,82,150045,584,BA,BA_m34_size_alpha_sweep,qa_bam34_n70_150_alpha_sweep,graph-level K_exact and graph identity recorded by the original BAM34 experiment runner,recorded experiment metadata; independent solver certification depends on verification of core.get_exact_K,"networkx.barabasi_albert_graph(N, m=Graph_M, seed=42 + 1000*N + Instance)",3c1d40589fbb606f54e683d4d1d09290ad3e06a3757d3a3900ded5d9e4d4248f
4,150,4,84,150046,584,BA,BA_m34_size_alpha_sweep,qa_bam34_n70_150_alpha_sweep,graph-level K_exact and graph identity recorded by the original BAM34 experiment runner,recorded experiment metadata; independent solver certification depends on verification of core.get_exact_K,"networkx.barabasi_albert_graph(N, m=Graph_M, seed=42 + 1000*N + Instance)",3c1d40589fbb606f54e683d4d1d09290ad3e06a3757d3a3900ded5d9e4d4248f
4,150,5,85,150047,584,BA,BA_m34_size_alpha_sweep,qa_bam34_n70_150_alpha_sweep,graph-level K_exact and graph identity recorded by the original BAM34 experiment runner,recorded experiment metadata; independent solver certification depends on verification of core.get_exact_K,"networkx.barabasi_albert_graph(N, m=Graph_M, seed=42 + 1000*N + Instance)",3c1d40589fbb606f54e683d4d1d09290ad3e06a3757d3a3900ded5d9e4d4248f
4,150,6,83,150048,584,BA,BA_m34_size_alpha_sweep,qa_bam34_n70_150_alpha_sweep,graph-level K_exact and graph identity recorded by the original BAM34 experiment runner,recorded experiment metadata; independent solver certification depends on verification of core.get_exact_K,"networkx.barabasi_albert_graph(N, m=Graph_M, seed=42 + 1000*N + Instance)",3c1d40589fbb606f54e683d4d1d09290ad3e06a3757d3a3900ded5d9e4d4248f
4,150,7,83,150049,584,BA,BA_m34_size_alpha_sweep,qa_bam34_n70_150_alpha_sweep,graph-level K_exact and graph identity recorded by the original BAM34 experiment runner,recorded experiment metadata; independent solver certification depends on verification of core.get_exact_K,"networkx.barabasi_albert_graph(N, m=Graph_M, seed=42 + 1000*N + Instance)",3c1d40589fbb606f54e683d4d1d09290ad3e06a3757d3a3900ded5d9e4d4248f
4,150,8,80,150050,584,BA,BA_m34_size_alpha_sweep,qa_bam34_n70_150_alpha_sweep,graph-level K_exact and graph identity recorded by the original BAM34 experiment runner,recorded experiment metadata; independent solver certification depends on verification of core.get_exact_K,"networkx.barabasi_albert_graph(N, m=Graph_M, seed=42 + 1000*N + Instance)",3c1d40589fbb606f54e683d4d1d09290ad3e06a3757d3a3900ded5d9e4d4248f
4,150,9,82,150051,584,BA,BA_m34_size_alpha_sweep,qa_bam34_n70_150_alpha_sweep,graph-level K_exact and graph identity recorded by the original BAM34 experiment runner,recorded experiment metadata; independent solver certification depends on verification of core.get_exact_K,"networkx.barabasi_albert_graph(N, m=Graph_M, seed=42 + 1000*N + Instance)",3c1d40589fbb606f54e683d4d1d09290ad3e06a3757d3a3900ded5d9e4d4248f
