Nodes,Instance,LogicalNode,PhysicalChain,ChainLength,Degree
150,9,1,"[4261, 4262, 635, 646, 645]",5,25
150,9,0,"[659, 502, 4477, 657, 658, 4478]",6,20
150,9,2,"[693, 4562, 692, 4563, 694]",5,18
150,9,11,"[4359, 586, 525, 4357, 4358]",5,17
150,9,6,"[4719, 743, 4419, 741, 742]",5,14
150,9,3,"[454, 4501, 814, 4503, 4502]",5,13
150,9,4,"[730, 598, 4467]",3,13
150,9,14,"[4239, 4131, 681]",3,11
150,9,46,"[4549, 467, 563, 4611, 4610]",5,11
150,9,18,"[838, 622, 4492, 4491]",4,10
150,9,17,"[717, 718]",2,10
150,9,28,"[4372, 4371, 4370]",3,9
150,9,5,"[611, 4622]",2,8
150,9,13,"[332, 4141, 4215, 4214, 4213]",5,8
150,9,30,"[4335, 707, 706]",3,8
150,9,31,"[4274, 477, 395, 394, 4322]",5,8
150,9,8,"[478, 4550, 4538]",3,8
150,9,38,"[4300, 777, 779, 778]",4,8
150,9,15,[4646],1,7
150,9,9,"[4528, 4527, 4526, 550]",4,7
150,9,82,"[4180, 4178, 4179]",3,7
150,9,16,"[346, 345]",2,6
150,9,20,[4347],1,6
150,9,10,"[4287, 4286]",2,6
150,9,73,"[680, 620, 4035]",3,6
150,9,53,"[4324, 947, 946]",3,6
150,9,43,"[515, 4670]",2,5
150,9,23,"[4468, 826]",2,5
150,9,27,"[4310, 668, 669]",3,5
150,9,7,"[334, 333]",2,5
150,9,96,"[4612, 899, 898]",3,5
150,9,67,"[430, 429]",2,4
150,9,21,"[729, 4143]",2,4
150,9,66,[813],1,4
150,9,24,[4395],1,4
150,9,60,[455],1,4
150,9,48,"[4165, 825, 4166, 4167]",4,4
150,9,35,"[561, 562]",2,4
150,9,92,[4263],1,4
150,9,93,[298],1,4
150,9,84,[4658],1,4
150,9,70,[4587],1,4
150,9,44,[861],1,4
150,9,12,[4515],1,3
150,9,19,"[633, 4142]",2,3
150,9,49,[670],1,3
150,9,54,[4574],1,3
150,9,51,[322],1,3
150,9,52,"[958, 4348, 957]",3,3
150,9,36,[513],1,3
150,9,32,[514],1,3
150,9,25,"[419, 4645]",2,3
150,9,47,[549],1,3
150,9,42,[4551],1,3
150,9,83,"[4540, 4539]",2,3
150,9,85,"[4525, 4621, 371]",3,3
150,9,72,[490],1,3
150,9,77,[862],1,3
150,9,80,[705],1,3
150,9,78,[909],1,3
150,9,56,[634],1,3
150,9,55,"[527, 526]",2,3
150,9,69,"[538, 539]",2,3
150,9,61,[837],1,3
150,9,63,[4573],1,3
150,9,64,[4430],1,3
150,9,59,[4599],1,3
150,9,58,[4382],1,3
150,9,33,[4465],1,3
150,9,29,[765],1,3
150,9,112,[4635],1,3
150,9,94,[4275],1,3
150,9,97,"[731, 4671]",2,3
150,9,99,[4444],1,3
150,9,91,[489],1,3
150,9,34,[309],1,3
150,9,141,[4660],1,3
150,9,140,[4107],1,3
150,9,50,[466],1,2
150,9,40,"[910, 4516]",2,2
150,9,39,[849],1,2
150,9,45,[501],1,2
150,9,41,[4238],1,2
150,9,22,[4251],1,2
150,9,26,[4455],1,2
150,9,37,[4431],1,2
150,9,79,[621],1,2
150,9,81,[599],1,2
150,9,75,[4094],1,2
150,9,76,[4659],1,2
150,9,71,[754],1,2
150,9,74,[4598],1,2
150,9,65,[4333],1,2
150,9,68,[4600],1,2
150,9,57,[4130],1,2
150,9,62,[740],1,2
150,9,90,[587],1,2
150,9,87,[4323],1,2
150,9,95,[4442],1,2
150,9,98,[4479],1,2
150,9,88,"[4406, 4407]",2,2
150,9,89,[548],1,2
150,9,101,[537],1,2
150,9,102,[4695],1,2
150,9,104,"[4707, 4706]",2,2
150,9,103,[4454],1,2
150,9,106,[4203],1,2
150,9,107,"[791, 4791]",2,2
150,9,108,[4694],1,2
150,9,105,"[442, 443]",2,2
150,9,109,[934],1,2
150,9,110,[4718],1,2
150,9,111,[4383],1,2
150,9,113,[407],1,2
150,9,114,[956],1,2
150,9,115,[4396],1,2
150,9,100,[610],1,2
150,9,86,"[491, 4634]",2,2
150,9,117,[597],1,2
150,9,116,[4443],1,2
150,9,118,[4369],1,2
150,9,119,[575],1,2
150,9,122,[393],1,2
150,9,123,[4227],1,2
150,9,120,"[4420, 922]",2,2
150,9,121,[945],1,2
150,9,126,"[897, 4264]",2,2
150,9,127,[503],1,2
150,9,128,[4346],1,2
150,9,129,[4285],1,2
150,9,130,[4537],1,2
150,9,131,[4623],1,2
150,9,124,[789],1,2
150,9,125,[524],1,2
150,9,133,[4190],1,2
150,9,132,[609],1,2
150,9,134,[682],1,2
150,9,135,[683],1,2
150,9,137,[4311],1,2
150,9,136,[4466],1,2
150,9,139,[671],1,2
150,9,138,[644],1,2
150,9,142,[500],1,2
150,9,143,[4299],1,2
150,9,144,[4647],1,2
150,9,145,[4118],1,2
150,9,146,[4588],1,2
150,9,147,[347],1,2
150,9,148,[4453],1,2
150,9,149,[851],1,2
