analysis_scope,graph_family_id,graph_model,graph_m,graph_m_semantics,N,instance,solver_canonical,source_dataset,source_file,solver_raw,K_exact,Edges,Graph_Seed,Unique_strict,Strict_occurrences,Families_complete_linkage,Entropy_strict,MeanPairwiseHamming_strict,zero_yield,chain_break_mean,chain_break_max,Num_Reads,Reads_Per_Call,Budget_Chunks,Embedding_Source,Embedding_Status,family_threshold,bitstring_len,compute_status,unique_match,alpha,solver_family
alpha_sensitivity_ba_m2_N70_150,main_ba_m2,BA,2,BA attachment parameter m=2,70,0,DC-OSQA,qa_inhomo_all,qa_inhomo_all_raw_solutions.csv,DC-Offset(s=0.1),31.0,136.0,70042.0,506,969.0,113.0,8.690794694134734,10.765624388525808,False,0.0,,,,,,,7.0,70.0,OK,True,0.1,DC-OSQA
alpha_sensitivity_ba_m2_N70_150,main_ba_m2,BA,2,BA attachment parameter m=2,70,0,DC-OSQA(s=0.05),qa_inhomo_all,qa_inhomo_all_raw_solutions.csv,DC-Offset(s=0.05),31.0,136.0,70042.0,221,958.0,49.0,6.785121239074725,9.528918140682848,False,0.0,,,,,,,7.0,70.0,OK,True,0.05,DC-OSQA
alpha_sensitivity_ba_m2_N70_150,main_ba_m2,BA,2,BA attachment parameter m=2,70,0,DC-OSQA(s=0.2),qa_inhomo_all,qa_inhomo_all_raw_solutions.csv,DC-Offset(s=0.2),31.0,136.0,70042.0,134,890.0,30.0,5.76486297218284,8.355066771406127,False,0.0,,,,,,,7.0,70.0,OK,True,0.2,DC-OSQA
alpha_sensitivity_ba_m2_N70_150,main_ba_m2,BA,2,BA attachment parameter m=2,70,0,QA-Base,qa_base_ba_main,qa_base_ba_main_raw_solutions.csv,QA-Base,31.0,136.0,,83,971.0,18.0,4.526001878816069,7.736702909197766,False,0.0,,,,,,,7.0,70.0,OK,True,,QA-Base
alpha_sensitivity_ba_m2_N70_150,main_ba_m2,BA,2,BA attachment parameter m=2,70,1,DC-OSQA,qa_inhomo_all,qa_inhomo_all_raw_solutions.csv,DC-Offset(s=0.1),29.0,136.0,70043.0,1,1.0,1.0,-0.0,0.0,False,0.0142857142857142,,,,,,,7.0,70.0,OK,True,0.1,DC-OSQA
alpha_sensitivity_ba_m2_N70_150,main_ba_m2,BA,2,BA attachment parameter m=2,70,1,DC-OSQA(s=0.05),qa_inhomo_all,qa_inhomo_all_raw_solutions.csv,DC-Offset(s=0.05),29.0,136.0,70043.0,0,0.0,0.0,0.0,0.0,True,,,,,,,,,,ZERO_YIELD,True,0.05,DC-OSQA
alpha_sensitivity_ba_m2_N70_150,main_ba_m2,BA,2,BA attachment parameter m=2,70,1,DC-OSQA(s=0.2),qa_inhomo_all,qa_inhomo_all_raw_solutions.csv,DC-Offset(s=0.2),29.0,136.0,70043.0,0,0.0,0.0,0.0,0.0,True,,,,,,,,,,ZERO_YIELD,True,0.2,DC-OSQA
alpha_sensitivity_ba_m2_N70_150,main_ba_m2,BA,2,BA attachment parameter m=2,70,1,QA-Base,qa_base_ba_main,qa_base_ba_main_raw_solutions.csv,QA-Base,29.0,136.0,,0,0.0,0.0,0.0,0.0,True,,,,,,,,,,ZERO_YIELD,True,,QA-Base
alpha_sensitivity_ba_m2_N70_150,main_ba_m2,BA,2,BA attachment parameter m=2,70,2,DC-OSQA,qa_inhomo_all,qa_inhomo_all_raw_solutions.csv,DC-Offset(s=0.1),32.0,136.0,70044.0,870,982.0,249.0,9.696536148632006,12.83084533682526,False,0.0,,,,,,,7.0,70.0,OK,True,0.1,DC-OSQA
alpha_sensitivity_ba_m2_N70_150,main_ba_m2,BA,2,BA attachment parameter m=2,70,2,DC-OSQA(s=0.05),qa_inhomo_all,qa_inhomo_all_raw_solutions.csv,DC-Offset(s=0.05),32.0,136.0,70044.0,483,785.0,128.0,8.491310824995553,11.222734809240311,False,0.0,,,,,,,7.0,70.0,OK,True,0.05,DC-OSQA
alpha_sensitivity_ba_m2_N70_150,main_ba_m2,BA,2,BA attachment parameter m=2,70,2,DC-OSQA(s=0.2),qa_inhomo_all,qa_inhomo_all_raw_solutions.csv,DC-Offset(s=0.2),32.0,136.0,70044.0,461,914.0,109.0,8.386443969877796,10.356842403093465,False,0.0,,,,,,,7.0,70.0,OK,True,0.2,DC-OSQA
alpha_sensitivity_ba_m2_N70_150,main_ba_m2,BA,2,BA attachment parameter m=2,70,2,QA-Base,qa_base_ba_main,qa_base_ba_main_raw_solutions.csv,QA-Base,32.0,136.0,,157,406.0,43.0,6.334842147757989,9.292177037399965,False,0.0,,,,,,,7.0,70.0,OK,True,,QA-Base
alpha_sensitivity_ba_m2_N70_150,main_ba_m2,BA,2,BA attachment parameter m=2,70,3,DC-OSQA,qa_inhomo_all,qa_inhomo_all_raw_solutions.csv,DC-Offset(s=0.1),31.0,136.0,70045.0,511,996.0,127.0,8.596623765101866,12.173899696865046,False,0.0,,,,,,,7.0,70.0,OK,True,0.1,DC-OSQA
alpha_sensitivity_ba_m2_N70_150,main_ba_m2,BA,2,BA attachment parameter m=2,70,3,DC-OSQA(s=0.05),qa_inhomo_all,qa_inhomo_all_raw_solutions.csv,DC-Offset(s=0.05),31.0,136.0,70045.0,251,989.0,62.0,6.706846215192876,11.18189641434263,False,0.0,,,,,,,7.0,70.0,OK,True,0.05,DC-OSQA
alpha_sensitivity_ba_m2_N70_150,main_ba_m2,BA,2,BA attachment parameter m=2,70,3,DC-OSQA(s=0.2),qa_inhomo_all,qa_inhomo_all_raw_solutions.csv,DC-Offset(s=0.2),31.0,136.0,70045.0,52,730.0,11.0,3.5249633269317378,6.713423831070889,False,0.0,,,,,,,7.0,70.0,OK,True,0.2,DC-OSQA
alpha_sensitivity_ba_m2_N70_150,main_ba_m2,BA,2,BA attachment parameter m=2,70,3,QA-Base,qa_base_ba_main,qa_base_ba_main_raw_solutions.csv,QA-Base,31.0,136.0,,50,890.0,13.0,3.468849958557575,8.303673469387755,False,0.0,,,,,,,7.0,70.0,OK,True,,QA-Base
alpha_sensitivity_ba_m2_N70_150,main_ba_m2,BA,2,BA attachment parameter m=2,70,4,DC-OSQA,qa_inhomo_all,qa_inhomo_all_raw_solutions.csv,DC-Offset(s=0.1),31.0,136.0,70046.0,230,463.0,51.0,7.5398731614293135,9.303436491361309,False,0.0,,,,,,,7.0,70.0,OK,True,0.1,DC-OSQA
alpha_sensitivity_ba_m2_N70_150,main_ba_m2,BA,2,BA attachment parameter m=2,70,4,DC-OSQA(s=0.05),qa_inhomo_all,qa_inhomo_all_raw_solutions.csv,DC-Offset(s=0.05),31.0,136.0,70046.0,139,727.0,29.0,6.0295071942595975,8.765717860494213,False,0.0,,,,,,,7.0,70.0,OK,True,0.05,DC-OSQA
alpha_sensitivity_ba_m2_N70_150,main_ba_m2,BA,2,BA attachment parameter m=2,70,4,DC-OSQA(s=0.2),qa_inhomo_all,qa_inhomo_all_raw_solutions.csv,DC-Offset(s=0.2),31.0,136.0,70046.0,35,42.0,8.0,5.041010577489154,6.843697478991597,False,0.0,,,,,,,7.0,70.0,OK,True,0.2,DC-OSQA
alpha_sensitivity_ba_m2_N70_150,main_ba_m2,BA,2,BA attachment parameter m=2,70,4,QA-Base,qa_base_ba_main,qa_base_ba_main_raw_solutions.csv,QA-Base,31.0,136.0,,48,383.0,11.0,4.000259034048341,7.453900709219859,False,0.0,,,,,,,7.0,70.0,OK,True,,QA-Base
alpha_sensitivity_ba_m2_N70_150,main_ba_m2,BA,2,BA attachment parameter m=2,70,5,DC-OSQA,qa_inhomo_all,qa_inhomo_all_raw_solutions.csv,DC-Offset(s=0.1),32.0,136.0,70047.0,116,706.0,22.0,6.205357772237594,7.799700149925038,False,0.0,,,,,,,7.0,70.0,OK,True,0.1,DC-OSQA
alpha_sensitivity_ba_m2_N70_150,main_ba_m2,BA,2,BA attachment parameter m=2,70,5,DC-OSQA(s=0.05),qa_inhomo_all,qa_inhomo_all_raw_solutions.csv,DC-Offset(s=0.05),32.0,136.0,70047.0,78,416.0,17.0,5.3360908426916245,7.374625374625376,False,0.0,,,,,,,7.0,70.0,OK,True,0.05,DC-OSQA
alpha_sensitivity_ba_m2_N70_150,main_ba_m2,BA,2,BA attachment parameter m=2,70,5,DC-OSQA(s=0.2),qa_inhomo_all,qa_inhomo_all_raw_solutions.csv,DC-Offset(s=0.2),32.0,136.0,70047.0,52,958.0,11.0,4.287210076939191,6.4811463046757165,False,0.0,,,,,,,7.0,70.0,OK,True,0.2,DC-OSQA
alpha_sensitivity_ba_m2_N70_150,main_ba_m2,BA,2,BA attachment parameter m=2,70,5,QA-Base,qa_base_ba_main,qa_base_ba_main_raw_solutions.csv,QA-Base,32.0,136.0,,13,41.0,3.0,2.8334820460508703,4.512820512820513,False,0.0,,,,,,,7.0,70.0,OK,True,,QA-Base
alpha_sensitivity_ba_m2_N70_150,main_ba_m2,BA,2,BA attachment parameter m=2,70,6,DC-OSQA,qa_inhomo_all,qa_inhomo_all_raw_solutions.csv,DC-Offset(s=0.1),33.0,136.0,70048.0,561,965.0,145.0,8.75745676726026,12.863228927934813,False,0.0,,,,,,,7.0,70.0,OK,True,0.1,DC-OSQA
alpha_sensitivity_ba_m2_N70_150,main_ba_m2,BA,2,BA attachment parameter m=2,70,6,DC-OSQA(s=0.05),qa_inhomo_all,qa_inhomo_all_raw_solutions.csv,DC-Offset(s=0.05),33.0,136.0,70048.0,322,968.0,81.0,7.449815062459487,12.423443818811556,False,0.0,,,,,,,7.0,70.0,OK,True,0.05,DC-OSQA
alpha_sensitivity_ba_m2_N70_150,main_ba_m2,BA,2,BA attachment parameter m=2,70,6,DC-OSQA(s=0.2),qa_inhomo_all,qa_inhomo_all_raw_solutions.csv,DC-Offset(s=0.2),33.0,136.0,70048.0,195,765.0,46.0,6.477218895121264,8.750303991541106,False,0.0,,,,,,,7.0,70.0,OK,True,0.2,DC-OSQA
alpha_sensitivity_ba_m2_N70_150,main_ba_m2,BA,2,BA attachment parameter m=2,70,6,QA-Base,qa_base_ba_main,qa_base_ba_main_raw_solutions.csv,QA-Base,33.0,136.0,,161,974.0,41.0,5.751628515579511,11.448757763975154,False,0.0,,,,,,,7.0,70.0,OK,True,,QA-Base
alpha_sensitivity_ba_m2_N70_150,main_ba_m2,BA,2,BA attachment parameter m=2,70,7,DC-OSQA,qa_inhomo_all,qa_inhomo_all_raw_solutions.csv,DC-Offset(s=0.1),33.0,136.0,70049.0,209,624.0,47.0,7.1645479599171935,10.157526683842471,False,0.0,,,,,,,7.0,70.0,OK,True,0.1,DC-OSQA
alpha_sensitivity_ba_m2_N70_150,main_ba_m2,BA,2,BA attachment parameter m=2,70,7,DC-OSQA(s=0.05),qa_inhomo_all,qa_inhomo_all_raw_solutions.csv,DC-Offset(s=0.05),33.0,136.0,70049.0,195,652.0,48.0,6.564643449390918,11.270208828971716,False,0.0,,,,,,,7.0,70.0,OK,True,0.05,DC-OSQA
alpha_sensitivity_ba_m2_N70_150,main_ba_m2,BA,2,BA attachment parameter m=2,70,7,DC-OSQA(s=0.2),qa_inhomo_all,qa_inhomo_all_raw_solutions.csv,DC-Offset(s=0.2),33.0,136.0,70049.0,39,63.0,12.0,5.046657852339746,7.29284750337382,False,0.0,,,,,,,7.0,70.0,OK,True,0.2,DC-OSQA
alpha_sensitivity_ba_m2_N70_150,main_ba_m2,BA,2,BA attachment parameter m=2,70,7,QA-Base,qa_base_ba_main,qa_base_ba_main_raw_solutions.csv,QA-Base,33.0,136.0,,54,448.0,15.0,3.939488068788991,9.519217330538083,False,0.0,,,,,,,7.0,70.0,OK,True,,QA-Base
alpha_sensitivity_ba_m2_N70_150,main_ba_m2,BA,2,BA attachment parameter m=2,70,8,DC-OSQA,qa_inhomo_all,qa_inhomo_all_raw_solutions.csv,DC-Offset(s=0.1),31.0,136.0,70050.0,500,919.0,116.0,8.648902704641921,10.91373146292585,False,0.0,,,,,,,7.0,70.0,OK,True,0.1,DC-OSQA
alpha_sensitivity_ba_m2_N70_150,main_ba_m2,BA,2,BA attachment parameter m=2,70,8,DC-OSQA(s=0.05),qa_inhomo_all,qa_inhomo_all_raw_solutions.csv,DC-Offset(s=0.05),31.0,136.0,70050.0,360,924.0,83.0,7.911779254848328,10.261652739090064,False,0.0,,,,,,,7.0,70.0,OK,True,0.05,DC-OSQA
alpha_sensitivity_ba_m2_N70_150,main_ba_m2,BA,2,BA attachment parameter m=2,70,8,DC-OSQA(s=0.2),qa_inhomo_all,qa_inhomo_all_raw_solutions.csv,DC-Offset(s=0.2),31.0,136.0,70050.0,507,854.0,128.0,8.631431700590996,11.727639139010376,False,2.817695125387416e-05,,,,,,,7.0,70.0,OK,True,0.2,DC-OSQA
alpha_sensitivity_ba_m2_N70_150,main_ba_m2,BA,2,BA attachment parameter m=2,70,8,QA-Base,qa_base_ba_main,qa_base_ba_main_raw_solutions.csv,QA-Base,31.0,136.0,,197,945.0,44.0,6.533402469381381,9.051279395006732,False,0.0,,,,,,,7.0,70.0,OK,True,,QA-Base
alpha_sensitivity_ba_m2_N70_150,main_ba_m2,BA,2,BA attachment parameter m=2,70,9,DC-OSQA,qa_inhomo_all,qa_inhomo_all_raw_solutions.csv,DC-Offset(s=0.1),32.0,136.0,70051.0,619,914.0,152.0,9.04649816364548,11.681499024943664,False,0.0,,,,,,,7.0,70.0,OK,True,0.1,DC-OSQA
alpha_sensitivity_ba_m2_N70_150,main_ba_m2,BA,2,BA attachment parameter m=2,70,9,DC-OSQA(s=0.05),qa_inhomo_all,qa_inhomo_all_raw_solutions.csv,DC-Offset(s=0.05),32.0,136.0,70051.0,720,949.0,171.0,9.351127982474644,12.908314016380771,False,0.0,,,,,,,7.0,70.0,OK,True,0.05,DC-OSQA
alpha_sensitivity_ba_m2_N70_150,main_ba_m2,BA,2,BA attachment parameter m=2,70,9,DC-OSQA(s=0.2),qa_inhomo_all,qa_inhomo_all_raw_solutions.csv,DC-Offset(s=0.2),32.0,136.0,70051.0,79,206.0,18.0,5.589194079361965,7.746835443037973,False,0.0,,,,,,,7.0,70.0,OK,True,0.2,DC-OSQA
alpha_sensitivity_ba_m2_N70_150,main_ba_m2,BA,2,BA attachment parameter m=2,70,9,QA-Base,qa_base_ba_main,qa_base_ba_main_raw_solutions.csv,QA-Base,32.0,136.0,,508,967.0,123.0,8.612843751973596,12.63919302986535,False,0.0,,,,,,,7.0,70.0,OK,True,,QA-Base
alpha_sensitivity_ba_m2_N70_150,main_ba_m2,BA,2,BA attachment parameter m=2,70,10,DC-OSQA,qa_inhomo_all,qa_inhomo_all_raw_solutions.csv,DC-Offset(s=0.1),31.0,136.0,70052.0,806,998.0,196.0,9.550709219215255,11.457713114375103,False,0.0,,,,,,,7.0,70.0,OK,True,0.1,DC-OSQA
alpha_sensitivity_ba_m2_N70_150,main_ba_m2,BA,2,BA attachment parameter m=2,70,10,QA-Base,qa_base_ba_main,qa_base_ba_main_raw_solutions.csv,QA-Base,31.0,136.0,,81,982.0,16.0,3.44600194437429,7.606172839506172,False,0.0,,,,,,,7.0,70.0,OK,True,,QA-Base
alpha_sensitivity_ba_m2_N70_150,main_ba_m2,BA,2,BA attachment parameter m=2,70,11,DC-OSQA,qa_inhomo_all,qa_inhomo_all_raw_solutions.csv,DC-Offset(s=0.1),26.0,136.0,70053.0,39,993.0,7.0,3.484765461521926,7.336032388663966,False,0.0,,,,,,,7.0,70.0,OK,True,0.1,DC-OSQA
alpha_sensitivity_ba_m2_N70_150,main_ba_m2,BA,2,BA attachment parameter m=2,70,11,QA-Base,qa_base_ba_main,qa_base_ba_main_raw_solutions.csv,QA-Base,26.0,136.0,,8,996.0,3.0,1.322860048563716,4.857142857142856,False,0.0,,,,,,,7.0,70.0,OK,True,,QA-Base
alpha_sensitivity_ba_m2_N70_150,main_ba_m2,BA,2,BA attachment parameter m=2,70,12,DC-OSQA,qa_inhomo_all,qa_inhomo_all_raw_solutions.csv,DC-Offset(s=0.1),32.0,136.0,70054.0,597,988.0,163.0,8.884536338615835,11.234640765347988,False,0.0,,,,,,,7.0,70.0,OK,True,0.1,DC-OSQA
alpha_sensitivity_ba_m2_N70_150,main_ba_m2,BA,2,BA attachment parameter m=2,70,12,QA-Base,qa_base_ba_main,qa_base_ba_main_raw_solutions.csv,QA-Base,32.0,136.0,,156,991.0,36.0,5.9797265686552485,8.13614557485525,False,0.0,,,,,,,7.0,70.0,OK,True,,QA-Base
alpha_sensitivity_ba_m2_N70_150,main_ba_m2,BA,2,BA attachment parameter m=2,70,13,DC-OSQA,qa_inhomo_all,qa_inhomo_all_raw_solutions.csv,DC-Offset(s=0.1),33.0,136.0,70055.0,460,945.0,102.0,8.545482227012357,10.512683527517286,False,0.0,,,,,,,7.0,70.0,OK,True,0.1,DC-OSQA
alpha_sensitivity_ba_m2_N70_150,main_ba_m2,BA,2,BA attachment parameter m=2,70,13,QA-Base,qa_base_ba_main,qa_base_ba_main_raw_solutions.csv,QA-Base,33.0,136.0,,110,401.0,25.0,5.919293221583975,9.211342785654717,False,0.0,,,,,,,7.0,70.0,OK,True,,QA-Base
alpha_sensitivity_ba_m2_N70_150,main_ba_m2,BA,2,BA attachment parameter m=2,70,14,DC-OSQA,qa_inhomo_all,qa_inhomo_all_raw_solutions.csv,DC-Offset(s=0.1),29.0,136.0,70056.0,135,973.0,24.0,6.565008530026285,8.220232172470979,False,0.0,,,,,,,7.0,70.0,OK,True,0.1,DC-OSQA
alpha_sensitivity_ba_m2_N70_150,main_ba_m2,BA,2,BA attachment parameter m=2,70,14,QA-Base,qa_base_ba_main,qa_base_ba_main_raw_solutions.csv,QA-Base,29.0,136.0,,18,986.0,4.0,2.4748750724877664,5.019607843137256,False,0.0,,,,,,,7.0,70.0,OK,True,,QA-Base
alpha_sensitivity_ba_m2_N70_150,main_ba_m2,BA,2,BA attachment parameter m=2,70,15,DC-OSQA,qa_inhomo_all,qa_inhomo_all_raw_solutions.csv,DC-Offset(s=0.1),32.0,136.0,70057.0,751,982.0,200.0,9.393526914075307,13.383485130936526,False,0.0,,,,,,,7.0,70.0,OK,True,0.1,DC-OSQA
alpha_sensitivity_ba_m2_N70_150,main_ba_m2,BA,2,BA attachment parameter m=2,70,15,QA-Base,qa_base_ba_main,qa_base_ba_main_raw_solutions.csv,QA-Base,32.0,136.0,,240,982.0,65.0,6.572481835212797,10.98647140864714,False,0.0,,,,,,,7.0,70.0,OK,True,,QA-Base
alpha_sensitivity_ba_m2_N70_150,main_ba_m2,BA,2,BA attachment parameter m=2,70,16,DC-OSQA,qa_inhomo_all,qa_inhomo_all_raw_solutions.csv,DC-Offset(s=0.1),33.0,136.0,70058.0,434,994.0,94.0,8.377085499327187,10.852353636083054,False,0.0142198815009874,,,,,,,7.0,70.0,OK,True,0.1,DC-OSQA
alpha_sensitivity_ba_m2_N70_150,main_ba_m2,BA,2,BA attachment parameter m=2,70,16,QA-Base,qa_base_ba_main,qa_base_ba_main_raw_solutions.csv,QA-Base,33.0,136.0,,98,873.0,24.0,4.58735197986744,8.61603197980223,False,0.0142857142857142,,,,,,,7.0,70.0,OK,True,,QA-Base
alpha_sensitivity_ba_m2_N70_150,main_ba_m2,BA,2,BA attachment parameter m=2,70,17,DC-OSQA,qa_inhomo_all,qa_inhomo_all_raw_solutions.csv,DC-Offset(s=0.1),29.0,136.0,70059.0,73,165.0,18.0,5.79574068445519,7.178082191780821,False,0.0142857142857142,,,,,,,7.0,70.0,OK,True,0.1,DC-OSQA
alpha_sensitivity_ba_m2_N70_150,main_ba_m2,BA,2,BA attachment parameter m=2,70,17,QA-Base,qa_base_ba_main,qa_base_ba_main_raw_solutions.csv,QA-Base,29.0,136.0,,16,30.0,5.0,3.719902579793958,5.9,False,0.0142857142857142,,,,,,,7.0,70.0,OK,True,,QA-Base
alpha_sensitivity_ba_m2_N70_150,main_ba_m2,BA,2,BA attachment parameter m=2,70,18,DC-OSQA,qa_inhomo_all,qa_inhomo_all_raw_solutions.csv,DC-Offset(s=0.1),32.0,136.0,70060.0,471,990.0,103.0,8.503030886103392,11.202168315489905,False,0.0,,,,,,,7.0,70.0,OK,True,0.1,DC-OSQA
alpha_sensitivity_ba_m2_N70_150,main_ba_m2,BA,2,BA attachment parameter m=2,70,18,QA-Base,qa_base_ba_main,qa_base_ba_main_raw_solutions.csv,QA-Base,32.0,136.0,,112,709.0,24.0,5.825964236895452,7.673745173745174,False,0.0,,,,,,,7.0,70.0,OK,True,,QA-Base
alpha_sensitivity_ba_m2_N70_150,main_ba_m2,BA,2,BA attachment parameter m=2,70,19,DC-OSQA,qa_inhomo_all,qa_inhomo_all_raw_solutions.csv,DC-Offset(s=0.1),31.0,136.0,70061.0,314,842.0,60.0,8.017380129034155,8.750819071650964,False,0.0,,,,,,,7.0,70.0,OK,True,0.1,DC-OSQA
alpha_sensitivity_ba_m2_N70_150,main_ba_m2,BA,2,BA attachment parameter m=2,70,19,QA-Base,qa_base_ba_main,qa_base_ba_main_raw_solutions.csv,QA-Base,31.0,136.0,,54,703.0,13.0,3.753945373704212,6.981132075471699,False,0.0,,,,,,,7.0,70.0,OK,True,,QA-Base
alpha_sensitivity_ba_m2_N70_150,main_ba_m2,BA,2,BA attachment parameter m=2,80,0,QA-Base,qa_base_ba_main,qa_base_ba_main_raw_solutions.csv,QA-Base,38.0,156.0,,42,897.0,7.0,3.4218991977973685,7.389082462253194,False,0.0020833333333333,,,,,,,8.0,80.0,OK,True,,QA-Base
alpha_sensitivity_ba_m2_N70_150,main_ba_m2,BA,2,BA attachment parameter m=2,80,1,QA-Base,qa_base_ba_main,qa_base_ba_main_raw_solutions.csv,QA-Base,31.0,156.0,,68,993.0,8.0,4.19696666710303,6.814749780509219,False,0.0,,,,,,,8.0,80.0,OK,True,,QA-Base
alpha_sensitivity_ba_m2_N70_150,main_ba_m2,BA,2,BA attachment parameter m=2,80,2,QA-Base,qa_base_ba_main,qa_base_ba_main_raw_solutions.csv,QA-Base,35.0,156.0,,18,597.0,2.0,3.1479920708420472,7.830065359477125,False,0.0,,,,,,,8.0,80.0,OK,True,,QA-Base
alpha_sensitivity_ba_m2_N70_150,main_ba_m2,BA,2,BA attachment parameter m=2,80,3,QA-Base,qa_base_ba_main,qa_base_ba_main_raw_solutions.csv,QA-Base,35.0,156.0,,115,945.0,16.0,5.392346129815922,8.979405034324943,False,0.0,,,,,,,8.0,80.0,OK,True,,QA-Base
alpha_sensitivity_ba_m2_N70_150,main_ba_m2,BA,2,BA attachment parameter m=2,80,4,QA-Base,qa_base_ba_main,qa_base_ba_main_raw_solutions.csv,QA-Base,36.0,156.0,,9,11.0,2.0,3.0271691184406184,6.222222222222222,False,0.0125,,,,,,,8.0,80.0,OK,True,,QA-Base
alpha_sensitivity_ba_m2_N70_150,main_ba_m2,BA,2,BA attachment parameter m=2,80,5,QA-Base,qa_base_ba_main,qa_base_ba_main_raw_solutions.csv,QA-Base,38.0,156.0,,205,907.0,39.0,6.238334070683258,13.93323768531803,False,0.0,,,,,,,8.0,80.0,OK,True,,QA-Base
alpha_sensitivity_ba_m2_N70_150,main_ba_m2,BA,2,BA attachment parameter m=2,80,6,QA-Base,qa_base_ba_main,qa_base_ba_main_raw_solutions.csv,QA-Base,36.0,156.0,,212,973.0,37.0,6.381783487804047,13.422963426629709,False,0.0007370283018867,,,,,,,8.0,80.0,OK,True,,QA-Base
alpha_sensitivity_ba_m2_N70_150,main_ba_m2,BA,2,BA attachment parameter m=2,80,7,QA-Base,qa_base_ba_main,qa_base_ba_main_raw_solutions.csv,QA-Base,37.0,156.0,,6,6.0,1.0,2.584962500721156,5.333333333333333,False,0.0,,,,,,,8.0,80.0,OK,True,,QA-Base
alpha_sensitivity_ba_m2_N70_150,main_ba_m2,BA,2,BA attachment parameter m=2,80,8,QA-Base,qa_base_ba_main,qa_base_ba_main_raw_solutions.csv,QA-Base,32.0,156.0,,13,938.0,2.0,2.404632244867937,4.461538461538462,False,0.0,,,,,,,8.0,80.0,OK,True,,QA-Base
alpha_sensitivity_ba_m2_N70_150,main_ba_m2,BA,2,BA attachment parameter m=2,80,9,QA-Base,qa_base_ba_main,qa_base_ba_main_raw_solutions.csv,QA-Base,32.0,156.0,,31,886.0,4.0,2.5752325247954486,6.219354838709678,False,0.0,,,,,,,8.0,80.0,OK,True,,QA-Base
alpha_sensitivity_ba_m2_N70_150,main_ba_m2,BA,2,BA attachment parameter m=2,80,10,DC-OSQA,qa_inhomo_all,qa_inhomo_all_raw_solutions.csv,DC-Offset(s=0.1),37.0,156.0,80052.0,954,990.0,282.0,9.876269904354354,16.449939614722133,False,0.0,,,,,,,8.0,80.0,OK,True,0.1,DC-OSQA
alpha_sensitivity_ba_m2_N70_150,main_ba_m2,BA,2,BA attachment parameter m=2,80,10,QA-Base,qa_base_ba_main,qa_base_ba_main_raw_solutions.csv,QA-Base,37.0,156.0,,301,993.0,54.0,7.225778233487511,10.235127353266888,False,0.0,,,,,,,8.0,80.0,OK,True,,QA-Base
alpha_sensitivity_ba_m2_N70_150,main_ba_m2,BA,2,BA attachment parameter m=2,80,11,DC-OSQA,qa_inhomo_all,qa_inhomo_all_raw_solutions.csv,DC-Offset(s=0.1),37.0,156.0,80053.0,857,984.0,175.0,9.66110482906086,14.182281159009364,False,0.0,,,,,,,8.0,80.0,OK,True,0.1,DC-OSQA
alpha_sensitivity_ba_m2_N70_150,main_ba_m2,BA,2,BA attachment parameter m=2,80,11,QA-Base,qa_base_ba_main,qa_base_ba_main_raw_solutions.csv,QA-Base,37.0,156.0,,315,777.0,52.0,7.4206455804431455,10.547366292589222,False,0.0,,,,,,,8.0,80.0,OK,True,,QA-Base
alpha_sensitivity_ba_m2_N70_150,main_ba_m2,BA,2,BA attachment parameter m=2,80,12,DC-OSQA,qa_inhomo_all,qa_inhomo_all_raw_solutions.csv,DC-Offset(s=0.1),35.0,156.0,80054.0,665,989.0,129.0,9.07377391755261,12.392725790379563,False,0.0,,,,,,,8.0,80.0,OK,True,0.1,DC-OSQA
alpha_sensitivity_ba_m2_N70_150,main_ba_m2,BA,2,BA attachment parameter m=2,80,12,QA-Base,qa_base_ba_main,qa_base_ba_main_raw_solutions.csv,QA-Base,35.0,156.0,,535,978.0,88.0,8.655057638090472,12.30243970737513,False,0.0,,,,,,,8.0,80.0,OK,True,,QA-Base
alpha_sensitivity_ba_m2_N70_150,main_ba_m2,BA,2,BA attachment parameter m=2,80,13,DC-OSQA,qa_inhomo_all,qa_inhomo_all_raw_solutions.csv,DC-Offset(s=0.1),34.0,156.0,80055.0,393,659.0,57.0,8.347901664598355,9.958508594277404,False,0.0,,,,,,,8.0,80.0,OK,True,0.1,DC-OSQA
alpha_sensitivity_ba_m2_N70_150,main_ba_m2,BA,2,BA attachment parameter m=2,80,13,QA-Base,qa_base_ba_main,qa_base_ba_main_raw_solutions.csv,QA-Base,34.0,156.0,,20,46.0,3.0,3.922094632461216,5.873684210526315,False,0.0,,,,,,,8.0,80.0,OK,True,,QA-Base
alpha_sensitivity_ba_m2_N70_150,main_ba_m2,BA,2,BA attachment parameter m=2,80,14,DC-OSQA,qa_inhomo_all,qa_inhomo_all_raw_solutions.csv,DC-Offset(s=0.1),35.0,156.0,80056.0,96,964.0,11.0,5.547343999492668,7.523684210526316,False,0.0,,,,,,,8.0,80.0,OK,True,0.1,DC-OSQA
alpha_sensitivity_ba_m2_N70_150,main_ba_m2,BA,2,BA attachment parameter m=2,80,14,QA-Base,qa_base_ba_main,qa_base_ba_main_raw_solutions.csv,QA-Base,35.0,156.0,,43,917.0,6.0,3.825723393315259,6.312292358803987,False,0.0,,,,,,,8.0,80.0,OK,True,,QA-Base
alpha_sensitivity_ba_m2_N70_150,main_ba_m2,BA,2,BA attachment parameter m=2,80,15,DC-OSQA,qa_inhomo_all,qa_inhomo_all_raw_solutions.csv,DC-Offset(s=0.1),36.0,156.0,80057.0,139,988.0,20.0,6.2719068186961735,8.061724533416745,False,0.0,,,,,,,8.0,80.0,OK,True,0.1,DC-OSQA
alpha_sensitivity_ba_m2_N70_150,main_ba_m2,BA,2,BA attachment parameter m=2,80,15,QA-Base,qa_base_ba_main,qa_base_ba_main_raw_solutions.csv,QA-Base,36.0,156.0,,53,993.0,8.0,3.863586373077071,7.1582002902757615,False,0.0,,,,,,,8.0,80.0,OK,True,,QA-Base
alpha_sensitivity_ba_m2_N70_150,main_ba_m2,BA,2,BA attachment parameter m=2,80,16,DC-OSQA,qa_inhomo_all,qa_inhomo_all_raw_solutions.csv,DC-Offset(s=0.1),34.0,156.0,80058.0,456,988.0,65.0,8.366162720293183,10.538808559861192,False,0.0,,,,,,,8.0,80.0,OK,True,0.1,DC-OSQA
alpha_sensitivity_ba_m2_N70_150,main_ba_m2,BA,2,BA attachment parameter m=2,80,16,QA-Base,qa_base_ba_main,qa_base_ba_main_raw_solutions.csv,QA-Base,34.0,156.0,,53,992.0,7.0,3.498305081022822,6.806966618287373,False,0.0,,,,,,,8.0,80.0,OK,True,,QA-Base
alpha_sensitivity_ba_m2_N70_150,main_ba_m2,BA,2,BA attachment parameter m=2,80,17,DC-OSQA,qa_inhomo_all,qa_inhomo_all_raw_solutions.csv,DC-Offset(s=0.1),35.0,156.0,80059.0,131,984.0,17.0,6.430015679439098,8.020669406928949,False,0.0,,,,,,,8.0,80.0,OK,True,0.1,DC-OSQA
alpha_sensitivity_ba_m2_N70_150,main_ba_m2,BA,2,BA attachment parameter m=2,80,17,QA-Base,qa_base_ba_main,qa_base_ba_main_raw_solutions.csv,QA-Base,35.0,156.0,,32,209.0,5.0,3.90042596668334,6.306451612903226,False,0.0,,,,,,,8.0,80.0,OK,True,,QA-Base
alpha_sensitivity_ba_m2_N70_150,main_ba_m2,BA,2,BA attachment parameter m=2,80,18,DC-OSQA,qa_inhomo_all,qa_inhomo_all_raw_solutions.csv,DC-Offset(s=0.1),33.0,156.0,80060.0,277,989.0,47.0,7.548935430667639,10.412075550672316,False,0.0,,,,,,,8.0,80.0,OK,True,0.1,DC-OSQA
alpha_sensitivity_ba_m2_N70_150,main_ba_m2,BA,2,BA attachment parameter m=2,80,18,QA-Base,qa_base_ba_main,qa_base_ba_main_raw_solutions.csv,QA-Base,33.0,156.0,,154,990.0,25.0,5.893130333287642,9.527544351073765,False,0.0,,,,,,,8.0,80.0,OK,True,,QA-Base
alpha_sensitivity_ba_m2_N70_150,main_ba_m2,BA,2,BA attachment parameter m=2,80,19,DC-OSQA,qa_inhomo_all,qa_inhomo_all_raw_solutions.csv,DC-Offset(s=0.1),35.0,156.0,80061.0,646,976.0,113.0,9.070917118781216,14.462639498884007,False,0.0,,,,,,,8.0,80.0,OK,True,0.1,DC-OSQA
alpha_sensitivity_ba_m2_N70_150,main_ba_m2,BA,2,BA attachment parameter m=2,80,19,QA-Base,qa_base_ba_main,qa_base_ba_main_raw_solutions.csv,QA-Base,35.0,156.0,,73,980.0,10.0,3.311783507893834,7.821156773211566,False,0.0,,,,,,,8.0,80.0,OK,True,,QA-Base
alpha_sensitivity_ba_m2_N70_150,main_ba_m2,BA,2,BA attachment parameter m=2,90,0,DC-OSQA,qa_inhomo_all,qa_inhomo_all_raw_solutions.csv,DC-Offset(s=0.1),38.0,176.0,90042.0,174,273.0,24.0,7.185501590173509,8.892166633446282,False,0.0,,,,,,,9.0,90.0,OK,True,0.1,DC-OSQA
alpha_sensitivity_ba_m2_N70_150,main_ba_m2,BA,2,BA attachment parameter m=2,90,0,DC-OSQA(s=0.05),qa_inhomo_all,qa_inhomo_all_raw_solutions.csv,DC-Offset(s=0.05),38.0,176.0,90042.0,53,73.0,10.0,5.501267538243164,8.124818577648767,False,0.0,,,,,,,9.0,90.0,OK,True,0.05,DC-OSQA
alpha_sensitivity_ba_m2_N70_150,main_ba_m2,BA,2,BA attachment parameter m=2,90,0,DC-OSQA(s=0.2),qa_inhomo_all,qa_inhomo_all_raw_solutions.csv,DC-Offset(s=0.2),38.0,176.0,90042.0,95,286.0,13.0,5.973224386925117,7.506382978723403,False,0.0,,,,,,,9.0,90.0,OK,True,0.2,DC-OSQA
alpha_sensitivity_ba_m2_N70_150,main_ba_m2,BA,2,BA attachment parameter m=2,90,0,QA-Base,qa_base_ba_main,qa_base_ba_main_raw_solutions.csv,QA-Base,38.0,176.0,,0,0.0,0.0,0.0,0.0,True,,,,,,,,,,ZERO_YIELD,True,,QA-Base
alpha_sensitivity_ba_m2_N70_150,main_ba_m2,BA,2,BA attachment parameter m=2,90,1,DC-OSQA,qa_inhomo_all,qa_inhomo_all_raw_solutions.csv,DC-Offset(s=0.1),39.0,176.0,90043.0,492,990.0,94.0,8.332887208575155,13.349030516781744,False,0.0,,,,,,,9.0,90.0,OK,True,0.1,DC-OSQA
alpha_sensitivity_ba_m2_N70_150,main_ba_m2,BA,2,BA attachment parameter m=2,90,1,DC-OSQA(s=0.05),qa_inhomo_all,qa_inhomo_all_raw_solutions.csv,DC-Offset(s=0.05),39.0,176.0,90043.0,354,987.0,59.0,7.446722874801161,13.861493894143816,False,0.0,,,,,,,9.0,90.0,OK,True,0.05,DC-OSQA
alpha_sensitivity_ba_m2_N70_150,main_ba_m2,BA,2,BA attachment parameter m=2,90,1,DC-OSQA(s=0.2),qa_inhomo_all,qa_inhomo_all_raw_solutions.csv,DC-Offset(s=0.2),39.0,176.0,90043.0,506,964.0,88.0,8.580547858585224,11.135240480569797,False,0.0,,,,,,,9.0,90.0,OK,True,0.2,DC-OSQA
alpha_sensitivity_ba_m2_N70_150,main_ba_m2,BA,2,BA attachment parameter m=2,90,1,QA-Base,qa_base_ba_main,qa_base_ba_main_raw_solutions.csv,QA-Base,39.0,176.0,,245,976.0,41.0,6.693621234372902,14.546269655403147,False,0.0,,,,,,,9.0,90.0,OK,True,,QA-Base
alpha_sensitivity_ba_m2_N70_150,main_ba_m2,BA,2,BA attachment parameter m=2,90,2,DC-OSQA,qa_inhomo_all,qa_inhomo_all_raw_solutions.csv,DC-Offset(s=0.1),40.0,176.0,90044.0,447,983.0,71.0,8.357898242784753,11.425647816534743,False,0.0,,,,,,,9.0,90.0,OK,True,0.1,DC-OSQA
alpha_sensitivity_ba_m2_N70_150,main_ba_m2,BA,2,BA attachment parameter m=2,90,2,DC-OSQA(s=0.05),qa_inhomo_all,qa_inhomo_all_raw_solutions.csv,DC-Offset(s=0.05),40.0,176.0,90044.0,416,944.0,62.0,8.110183355382308,11.324953660797034,False,0.0,,,,,,,9.0,90.0,OK,True,0.05,DC-OSQA
alpha_sensitivity_ba_m2_N70_150,main_ba_m2,BA,2,BA attachment parameter m=2,90,2,DC-OSQA(s=0.2),qa_inhomo_all,qa_inhomo_all_raw_solutions.csv,DC-Offset(s=0.2),40.0,176.0,90044.0,89,613.0,16.0,5.095548177745045,8.078651685393258,False,0.0,,,,,,,9.0,90.0,OK,True,0.2,DC-OSQA
alpha_sensitivity_ba_m2_N70_150,main_ba_m2,BA,2,BA attachment parameter m=2,90,2,QA-Base,qa_base_ba_main,qa_base_ba_main_raw_solutions.csv,QA-Base,40.0,176.0,,171,652.0,24.0,6.233944767488088,10.170209838321291,False,0.0,,,,,,,9.0,90.0,OK,True,,QA-Base
alpha_sensitivity_ba_m2_N70_150,main_ba_m2,BA,2,BA attachment parameter m=2,90,3,DC-OSQA,qa_inhomo_all,qa_inhomo_all_raw_solutions.csv,DC-Offset(s=0.1),39.0,176.0,90045.0,280,992.0,42.0,7.44725274884836,9.262928827444956,False,0.0,,,,,,,9.0,90.0,OK,True,0.1,DC-OSQA
alpha_sensitivity_ba_m2_N70_150,main_ba_m2,BA,2,BA attachment parameter m=2,90,3,DC-OSQA(s=0.05),qa_inhomo_all,qa_inhomo_all_raw_solutions.csv,DC-Offset(s=0.05),39.0,176.0,90045.0,152,995.0,24.0,6.031358771595577,8.296967584524223,False,0.0,,,,,,,9.0,90.0,OK,True,0.05,DC-OSQA
alpha_sensitivity_ba_m2_N70_150,main_ba_m2,BA,2,BA attachment parameter m=2,90,3,DC-OSQA(s=0.2),qa_inhomo_all,qa_inhomo_all_raw_solutions.csv,DC-Offset(s=0.2),39.0,176.0,90045.0,93,800.0,11.0,4.921355152791115,7.479195885928003,False,0.0,,,,,,,9.0,90.0,OK,True,0.2,DC-OSQA
alpha_sensitivity_ba_m2_N70_150,main_ba_m2,BA,2,BA attachment parameter m=2,90,3,QA-Base,qa_base_ba_main,qa_base_ba_main_raw_solutions.csv,QA-Base,39.0,176.0,,51,987.0,7.0,3.467053465313514,6.898823529411764,False,0.0,,,,,,,9.0,90.0,OK,True,,QA-Base
alpha_sensitivity_ba_m2_N70_150,main_ba_m2,BA,2,BA attachment parameter m=2,90,4,DC-OSQA,qa_inhomo_all,qa_inhomo_all_raw_solutions.csv,DC-Offset(s=0.1),35.0,176.0,90046.0,112,992.0,12.0,6.352202816563799,7.318854568854568,False,0.0,,,,,,,9.0,90.0,OK,True,0.1,DC-OSQA
alpha_sensitivity_ba_m2_N70_150,main_ba_m2,BA,2,BA attachment parameter m=2,90,4,DC-OSQA(s=0.05),qa_inhomo_all,qa_inhomo_all_raw_solutions.csv,DC-Offset(s=0.05),35.0,176.0,90046.0,67,990.0,9.0,4.800561444900871,6.641338760741746,False,0.0,,,,,,,9.0,90.0,OK,True,0.05,DC-OSQA
alpha_sensitivity_ba_m2_N70_150,main_ba_m2,BA,2,BA attachment parameter m=2,90,4,DC-OSQA(s=0.2),qa_inhomo_all,qa_inhomo_all_raw_solutions.csv,DC-Offset(s=0.2),35.0,176.0,90046.0,81,866.0,10.0,5.243370139946307,7.2679012345679,False,0.0,,,,,,,9.0,90.0,OK,True,0.2,DC-OSQA
alpha_sensitivity_ba_m2_N70_150,main_ba_m2,BA,2,BA attachment parameter m=2,90,4,QA-Base,qa_base_ba_main,qa_base_ba_main_raw_solutions.csv,QA-Base,35.0,176.0,,36,958.0,5.0,3.3842489835981806,5.834920634920635,False,0.0,,,,,,,9.0,90.0,OK,True,,QA-Base
alpha_sensitivity_ba_m2_N70_150,main_ba_m2,BA,2,BA attachment parameter m=2,90,5,DC-OSQA,qa_inhomo_all,qa_inhomo_all_raw_solutions.csv,DC-Offset(s=0.1),37.0,176.0,90047.0,402,860.0,63.0,8.11820570515006,10.774506519770226,False,0.0,,,,,,,9.0,90.0,OK,True,0.1,DC-OSQA
alpha_sensitivity_ba_m2_N70_150,main_ba_m2,BA,2,BA attachment parameter m=2,90,5,DC-OSQA(s=0.05),qa_inhomo_all,qa_inhomo_all_raw_solutions.csv,DC-Offset(s=0.05),37.0,176.0,90047.0,227,817.0,33.0,7.037900322300756,10.344859849518537,False,0.0,,,,,,,9.0,90.0,OK,True,0.05,DC-OSQA
alpha_sensitivity_ba_m2_N70_150,main_ba_m2,BA,2,BA attachment parameter m=2,90,5,DC-OSQA(s=0.2),qa_inhomo_all,qa_inhomo_all_raw_solutions.csv,DC-Offset(s=0.2),37.0,176.0,90047.0,229,652.0,34.0,7.26918837621057,8.986746341837128,False,0.0,,,,,,,9.0,90.0,OK,True,0.2,DC-OSQA
alpha_sensitivity_ba_m2_N70_150,main_ba_m2,BA,2,BA attachment parameter m=2,90,5,QA-Base,qa_base_ba_main,qa_base_ba_main_raw_solutions.csv,QA-Base,37.0,176.0,,110,711.0,16.0,5.392976268106454,9.722435362802337,False,0.0,,,,,,,9.0,90.0,OK,True,,QA-Base
alpha_sensitivity_ba_m2_N70_150,main_ba_m2,BA,2,BA attachment parameter m=2,90,6,DC-OSQA,qa_inhomo_all,qa_inhomo_all_raw_solutions.csv,DC-Offset(s=0.1),39.0,176.0,90048.0,34,149.0,4.0,4.741153034020214,5.68270944741533,False,0.0,,,,,,,9.0,90.0,OK,True,0.1,DC-OSQA
alpha_sensitivity_ba_m2_N70_150,main_ba_m2,BA,2,BA attachment parameter m=2,90,6,DC-OSQA(s=0.05),qa_inhomo_all,qa_inhomo_all_raw_solutions.csv,DC-Offset(s=0.05),39.0,176.0,90048.0,24,98.0,3.0,3.933901304980095,5.246376811594203,False,0.0,,,,,,,9.0,90.0,OK,True,0.05,DC-OSQA
alpha_sensitivity_ba_m2_N70_150,main_ba_m2,BA,2,BA attachment parameter m=2,90,6,DC-OSQA(s=0.2),qa_inhomo_all,qa_inhomo_all_raw_solutions.csv,DC-Offset(s=0.2),39.0,176.0,90048.0,32,90.0,4.0,4.371097302545028,5.879032258064516,False,0.0,,,,,,,9.0,90.0,OK,True,0.2,DC-OSQA
alpha_sensitivity_ba_m2_N70_150,main_ba_m2,BA,2,BA attachment parameter m=2,90,6,QA-Base,qa_base_ba_main,qa_base_ba_main_raw_solutions.csv,QA-Base,39.0,176.0,,12,28.0,2.0,3.118633046516737,4.727272727272728,False,0.0,,,,,,,9.0,90.0,OK,True,,QA-Base
alpha_sensitivity_ba_m2_N70_150,main_ba_m2,BA,2,BA attachment parameter m=2,90,7,DC-OSQA,qa_inhomo_all,qa_inhomo_all_raw_solutions.csv,DC-Offset(s=0.1),40.0,176.0,90049.0,57,60.0,14.0,5.806890595608518,9.914786967418546,False,0.0111111111111111,,,,,,,9.0,90.0,OK,True,0.1,DC-OSQA
alpha_sensitivity_ba_m2_N70_150,main_ba_m2,BA,2,BA attachment parameter m=2,90,7,DC-OSQA(s=0.05),qa_inhomo_all,qa_inhomo_all_raw_solutions.csv,DC-Offset(s=0.05),40.0,176.0,90049.0,200,229.0,46.0,7.579335774977613,14.222713567839197,False,0.011111111111111,,,,,,,9.0,90.0,OK,True,0.05,DC-OSQA
alpha_sensitivity_ba_m2_N70_150,main_ba_m2,BA,2,BA attachment parameter m=2,90,7,DC-OSQA(s=0.2),qa_inhomo_all,qa_inhomo_all_raw_solutions.csv,DC-Offset(s=0.2),40.0,176.0,90049.0,2,2.0,1.0,1.0,8.0,False,0.0111111111111111,,,,,,,9.0,90.0,OK,True,0.2,DC-OSQA
alpha_sensitivity_ba_m2_N70_150,main_ba_m2,BA,2,BA attachment parameter m=2,90,7,QA-Base,qa_base_ba_main,qa_base_ba_main_raw_solutions.csv,QA-Base,40.0,176.0,,251,483.0,46.0,7.523464836985356,13.49214342629482,False,0.0056662239929172,,,,,,,9.0,90.0,OK,True,,QA-Base
alpha_sensitivity_ba_m2_N70_150,main_ba_m2,BA,2,BA attachment parameter m=2,90,8,DC-OSQA,qa_inhomo_all,qa_inhomo_all_raw_solutions.csv,DC-Offset(s=0.1),41.0,176.0,90050.0,116,774.0,17.0,5.73268701241253,9.065967016491754,False,0.0,,,,,,,9.0,90.0,OK,True,0.1,DC-OSQA
alpha_sensitivity_ba_m2_N70_150,main_ba_m2,BA,2,BA attachment parameter m=2,90,8,DC-OSQA(s=0.05),qa_inhomo_all,qa_inhomo_all_raw_solutions.csv,DC-Offset(s=0.05),41.0,176.0,90050.0,62,554.0,7.0,4.797014282032472,6.822845055526177,False,0.0,,,,,,,9.0,90.0,OK,True,0.05,DC-OSQA
alpha_sensitivity_ba_m2_N70_150,main_ba_m2,BA,2,BA attachment parameter m=2,90,8,DC-OSQA(s=0.2),qa_inhomo_all,qa_inhomo_all_raw_solutions.csv,DC-Offset(s=0.2),41.0,176.0,90050.0,185,671.0,30.0,6.348512639075086,10.04183313748531,False,0.0,,,,,,,9.0,90.0,OK,True,0.2,DC-OSQA
alpha_sensitivity_ba_m2_N70_150,main_ba_m2,BA,2,BA attachment parameter m=2,90,8,QA-Base,qa_base_ba_main,qa_base_ba_main_raw_solutions.csv,QA-Base,41.0,176.0,,21,71.0,3.0,3.725717312593938,5.580952380952381,False,0.0,,,,,,,9.0,90.0,OK,True,,QA-Base
alpha_sensitivity_ba_m2_N70_150,main_ba_m2,BA,2,BA attachment parameter m=2,90,9,DC-OSQA,qa_inhomo_all,qa_inhomo_all_raw_solutions.csv,DC-Offset(s=0.1),35.0,176.0,90051.0,248,991.0,36.0,7.143223756766737,9.854708110225936,False,0.0,,,,,,,9.0,90.0,OK,True,0.1,DC-OSQA
alpha_sensitivity_ba_m2_N70_150,main_ba_m2,BA,2,BA attachment parameter m=2,90,9,DC-OSQA(s=0.05),qa_inhomo_all,qa_inhomo_all_raw_solutions.csv,DC-Offset(s=0.05),35.0,176.0,90051.0,134,971.0,20.0,5.496449294719571,8.615868028279653,False,0.0,,,,,,,9.0,90.0,OK,True,0.05,DC-OSQA
alpha_sensitivity_ba_m2_N70_150,main_ba_m2,BA,2,BA attachment parameter m=2,90,9,DC-OSQA(s=0.2),qa_inhomo_all,qa_inhomo_all_raw_solutions.csv,DC-Offset(s=0.2),35.0,176.0,90051.0,211,982.0,35.0,6.487551995021503,9.693883999097269,False,0.0,,,,,,,9.0,90.0,OK,True,0.2,DC-OSQA
alpha_sensitivity_ba_m2_N70_150,main_ba_m2,BA,2,BA attachment parameter m=2,90,9,QA-Base,qa_base_ba_main,qa_base_ba_main_raw_solutions.csv,QA-Base,35.0,176.0,,55,927.0,8.0,3.2700691349012767,7.536700336700335,False,0.0,,,,,,,9.0,90.0,OK,True,,QA-Base
alpha_sensitivity_ba_m2_N70_150,main_ba_m2,BA,2,BA attachment parameter m=2,90,10,DC-OSQA,qa_inhomo_all,qa_inhomo_all_raw_solutions.csv,DC-Offset(s=0.1),37.0,176.0,90052.0,814,994.0,168.0,9.554268141700865,14.96591324635605,False,0.0,,,,,,,9.0,90.0,OK,True,0.1,DC-OSQA
alpha_sensitivity_ba_m2_N70_150,main_ba_m2,BA,2,BA attachment parameter m=2,90,10,QA-Base,qa_base_ba_main,qa_base_ba_main_raw_solutions.csv,QA-Base,37.0,176.0,,333,965.0,56.0,7.503099992613601,12.91088679040486,False,0.0,,,,,,,9.0,90.0,OK,True,,QA-Base
alpha_sensitivity_ba_m2_N70_150,main_ba_m2,BA,2,BA attachment parameter m=2,90,11,DC-OSQA,qa_inhomo_all,qa_inhomo_all_raw_solutions.csv,DC-Offset(s=0.1),39.0,176.0,90053.0,663,962.0,107.0,9.17628127920641,11.517363626835811,False,0.0,,,,,,,9.0,90.0,OK,True,0.1,DC-OSQA
alpha_sensitivity_ba_m2_N70_150,main_ba_m2,BA,2,BA attachment parameter m=2,90,11,QA-Base,qa_base_ba_main,qa_base_ba_main_raw_solutions.csv,QA-Base,39.0,176.0,,131,987.0,19.0,5.41723254690665,8.343863769817967,False,0.0,,,,,,,9.0,90.0,OK,True,,QA-Base
alpha_sensitivity_ba_m2_N70_150,main_ba_m2,BA,2,BA attachment parameter m=2,90,12,DC-OSQA,qa_inhomo_all,qa_inhomo_all_raw_solutions.csv,DC-Offset(s=0.1),43.0,176.0,90054.0,70,71.0,20.0,6.121578105420173,11.418633540372667,False,0.0,,,,,,,9.0,90.0,OK,True,0.1,DC-OSQA
alpha_sensitivity_ba_m2_N70_150,main_ba_m2,BA,2,BA attachment parameter m=2,90,12,QA-Base,qa_base_ba_main,qa_base_ba_main_raw_solutions.csv,QA-Base,43.0,176.0,,98,194.0,15.0,6.070001709630423,9.22196507468967,False,0.0,,,,,,,9.0,90.0,OK,True,,QA-Base
alpha_sensitivity_ba_m2_N70_150,main_ba_m2,BA,2,BA attachment parameter m=2,90,13,DC-OSQA,qa_inhomo_all,qa_inhomo_all_raw_solutions.csv,DC-Offset(s=0.1),38.0,176.0,90055.0,140,875.0,16.0,6.209630067811692,8.268242548818089,False,0.0,,,,,,,9.0,90.0,OK,True,0.1,DC-OSQA
alpha_sensitivity_ba_m2_N70_150,main_ba_m2,BA,2,BA attachment parameter m=2,90,13,QA-Base,qa_base_ba_main,qa_base_ba_main_raw_solutions.csv,QA-Base,38.0,176.0,,29,737.0,5.0,2.2416791914924423,6.551724137931034,False,0.0,,,,,,,9.0,90.0,OK,True,,QA-Base
alpha_sensitivity_ba_m2_N70_150,main_ba_m2,BA,2,BA attachment parameter m=2,90,14,DC-OSQA,qa_inhomo_all,qa_inhomo_all_raw_solutions.csv,DC-Offset(s=0.1),40.0,176.0,90056.0,359,969.0,56.0,7.765701372639048,10.285491978027109,False,0.0,,,,,,,9.0,90.0,OK,True,0.1,DC-OSQA
alpha_sensitivity_ba_m2_N70_150,main_ba_m2,BA,2,BA attachment parameter m=2,90,14,QA-Base,qa_base_ba_main,qa_base_ba_main_raw_solutions.csv,QA-Base,40.0,176.0,,123,737.0,17.0,5.493142609596819,9.277355724376916,False,0.0,,,,,,,9.0,90.0,OK,True,,QA-Base
alpha_sensitivity_ba_m2_N70_150,main_ba_m2,BA,2,BA attachment parameter m=2,90,15,DC-OSQA,qa_inhomo_all,qa_inhomo_all_raw_solutions.csv,DC-Offset(s=0.1),42.0,176.0,90057.0,470,873.0,85.0,8.515797732368682,14.447924511182686,False,0.0,,,,,,,9.0,90.0,OK,True,0.1,DC-OSQA
alpha_sensitivity_ba_m2_N70_150,main_ba_m2,BA,2,BA attachment parameter m=2,90,15,QA-Base,qa_base_ba_main,qa_base_ba_main_raw_solutions.csv,QA-Base,42.0,176.0,,124,652.0,17.0,5.819716713858697,13.672698662470497,False,0.0,,,,,,,9.0,90.0,OK,True,,QA-Base
alpha_sensitivity_ba_m2_N70_150,main_ba_m2,BA,2,BA attachment parameter m=2,90,16,DC-OSQA,qa_inhomo_all,qa_inhomo_all_raw_solutions.csv,DC-Offset(s=0.1),39.0,176.0,90058.0,824,987.0,172.0,9.574093942659148,14.083656761316048,False,0.0,,,,,,,9.0,90.0,OK,True,0.1,DC-OSQA
alpha_sensitivity_ba_m2_N70_150,main_ba_m2,BA,2,BA attachment parameter m=2,90,16,QA-Base,qa_base_ba_main,qa_base_ba_main_raw_solutions.csv,QA-Base,39.0,176.0,,195,584.0,28.0,6.589560021880397,10.584826856991803,False,0.0,,,,,,,9.0,90.0,OK,True,,QA-Base
alpha_sensitivity_ba_m2_N70_150,main_ba_m2,BA,2,BA attachment parameter m=2,90,17,DC-OSQA,qa_inhomo_all,qa_inhomo_all_raw_solutions.csv,DC-Offset(s=0.1),37.0,176.0,90059.0,703,994.0,129.0,9.262204381149909,12.363440363440365,False,0.0,,,,,,,9.0,90.0,OK,True,0.1,DC-OSQA
alpha_sensitivity_ba_m2_N70_150,main_ba_m2,BA,2,BA attachment parameter m=2,90,17,QA-Base,qa_base_ba_main,qa_base_ba_main_raw_solutions.csv,QA-Base,37.0,176.0,,129,894.0,18.0,5.273255033186809,8.179748062015504,False,0.0,,,,,,,9.0,90.0,OK,True,,QA-Base
alpha_sensitivity_ba_m2_N70_150,main_ba_m2,BA,2,BA attachment parameter m=2,90,18,DC-OSQA,qa_inhomo_all,qa_inhomo_all_raw_solutions.csv,DC-Offset(s=0.1),40.0,176.0,90060.0,381,990.0,58.0,8.10694712026067,9.655974582124603,False,0.0,,,,,,,9.0,90.0,OK,True,0.1,DC-OSQA
alpha_sensitivity_ba_m2_N70_150,main_ba_m2,BA,2,BA attachment parameter m=2,90,18,QA-Base,qa_base_ba_main,qa_base_ba_main_raw_solutions.csv,QA-Base,40.0,176.0,,105,957.0,13.0,5.053779964047655,8.145054945054945,False,0.0,,,,,,,9.0,90.0,OK,True,,QA-Base
alpha_sensitivity_ba_m2_N70_150,main_ba_m2,BA,2,BA attachment parameter m=2,90,19,DC-OSQA,qa_inhomo_all,qa_inhomo_all_raw_solutions.csv,DC-Offset(s=0.1),39.0,176.0,90061.0,402,923.0,57.0,8.314955439297481,9.748216523368198,False,0.0,,,,,,,9.0,90.0,OK,True,0.1,DC-OSQA
alpha_sensitivity_ba_m2_N70_150,main_ba_m2,BA,2,BA attachment parameter m=2,90,19,QA-Base,qa_base_ba_main,qa_base_ba_main_raw_solutions.csv,QA-Base,39.0,176.0,,207,892.0,28.0,6.792762246761568,9.167487453684162,False,0.0,,,,,,,9.0,90.0,OK,True,,QA-Base
alpha_sensitivity_ba_m2_N70_150,main_ba_m2,BA,2,BA attachment parameter m=2,100,0,QA-Base,qa_base_ba_main,qa_base_ba_main_raw_solutions.csv,QA-Base,43.0,196.0,,37,51.0,4.0,4.983809352191814,7.411411411411413,False,0.0,,,,,,,10.0,100.0,OK,True,,QA-Base
alpha_sensitivity_ba_m2_N70_150,main_ba_m2,BA,2,BA attachment parameter m=2,100,1,QA-Base,qa_base_ba_main,qa_base_ba_main_raw_solutions.csv,QA-Base,43.0,196.0,,59,767.0,5.0,4.079024885320606,9.15020455873758,False,0.0,,,,,,,10.0,100.0,OK,True,,QA-Base
alpha_sensitivity_ba_m2_N70_150,main_ba_m2,BA,2,BA attachment parameter m=2,100,2,QA-Base,qa_base_ba_main,qa_base_ba_main_raw_solutions.csv,QA-Base,44.0,196.0,,196,733.0,21.0,6.329120668492971,9.922658294086869,False,0.0,,,,,,,10.0,100.0,OK,True,,QA-Base
alpha_sensitivity_ba_m2_N70_150,main_ba_m2,BA,2,BA attachment parameter m=2,100,3,QA-Base,qa_base_ba_main,qa_base_ba_main_raw_solutions.csv,QA-Base,42.0,196.0,,372,992.0,43.0,6.979634520975704,12.494478740979048,False,0.0,,,,,,,10.0,100.0,OK,True,,QA-Base
alpha_sensitivity_ba_m2_N70_150,main_ba_m2,BA,2,BA attachment parameter m=2,100,4,QA-Base,qa_base_ba_main,qa_base_ba_main_raw_solutions.csv,QA-Base,43.0,196.0,,66,273.0,6.0,5.319191770019644,7.488111888111888,False,0.0,,,,,,,10.0,100.0,OK,True,,QA-Base
alpha_sensitivity_ba_m2_N70_150,main_ba_m2,BA,2,BA attachment parameter m=2,100,5,QA-Base,qa_base_ba_main,qa_base_ba_main_raw_solutions.csv,QA-Base,45.0,196.0,,127,273.0,15.0,6.389670709893043,12.000499937507811,False,0.0,,,,,,,10.0,100.0,OK,True,,QA-Base
alpha_sensitivity_ba_m2_N70_150,main_ba_m2,BA,2,BA attachment parameter m=2,100,6,QA-Base,qa_base_ba_main,qa_base_ba_main_raw_solutions.csv,QA-Base,41.0,196.0,,151,509.0,16.0,5.986197605411554,9.97757174392936,False,0.0,,,,,,,10.0,100.0,OK,True,,QA-Base
alpha_sensitivity_ba_m2_N70_150,main_ba_m2,BA,2,BA attachment parameter m=2,100,7,QA-Base,qa_base_ba_main,qa_base_ba_main_raw_solutions.csv,QA-Base,38.0,196.0,,42,306.0,3.0,4.048197993474988,6.875725900116144,False,0.0,,,,,,,10.0,100.0,OK,True,,QA-Base
alpha_sensitivity_ba_m2_N70_150,main_ba_m2,BA,2,BA attachment parameter m=2,100,8,QA-Base,qa_base_ba_main,qa_base_ba_main_raw_solutions.csv,QA-Base,45.0,196.0,,153,467.0,15.0,6.436859436657672,10.06948744410045,False,0.0,,,,,,,10.0,100.0,OK,True,,QA-Base
alpha_sensitivity_ba_m2_N70_150,main_ba_m2,BA,2,BA attachment parameter m=2,100,9,QA-Base,qa_base_ba_main,qa_base_ba_main_raw_solutions.csv,QA-Base,45.0,196.0,,156,346.0,16.0,6.724778540339205,9.745905707196032,False,0.0,,,,,,,10.0,100.0,OK,True,,QA-Base
alpha_sensitivity_ba_m2_N70_150,main_ba_m2,BA,2,BA attachment parameter m=2,100,10,DC-OSQA,qa_inhomo_all,qa_inhomo_all_raw_solutions.csv,DC-Offset(s=0.1),43.0,196.0,100052.0,781,974.0,92.0,9.488633259283205,12.45498539019666,False,0.0,,,,,,,10.0,100.0,OK,True,0.1,DC-OSQA
alpha_sensitivity_ba_m2_N70_150,main_ba_m2,BA,2,BA attachment parameter m=2,100,10,QA-Base,qa_base_ba_main,qa_base_ba_main_raw_solutions.csv,QA-Base,43.0,196.0,,189,368.0,20.0,7.006718315059219,10.65856129685917,False,0.0,,,,,,,10.0,100.0,OK,True,,QA-Base
alpha_sensitivity_ba_m2_N70_150,main_ba_m2,BA,2,BA attachment parameter m=2,100,11,DC-OSQA,qa_inhomo_all,qa_inhomo_all_raw_solutions.csv,DC-Offset(s=0.1),41.0,196.0,100053.0,322,640.0,30.0,7.998760504140866,10.192914223795984,False,0.0,,,,,,,10.0,100.0,OK,True,0.1,DC-OSQA
alpha_sensitivity_ba_m2_N70_150,main_ba_m2,BA,2,BA attachment parameter m=2,100,11,QA-Base,qa_base_ba_main,qa_base_ba_main_raw_solutions.csv,QA-Base,41.0,196.0,,124,983.0,11.0,5.349828042758174,8.812483608707055,False,0.0,,,,,,,10.0,100.0,OK,True,,QA-Base
alpha_sensitivity_ba_m2_N70_150,main_ba_m2,BA,2,BA attachment parameter m=2,100,12,DC-OSQA,qa_inhomo_all,qa_inhomo_all_raw_solutions.csv,DC-Offset(s=0.1),45.0,196.0,100054.0,625,898.0,76.0,9.06336810373566,12.277066666666668,False,0.0,,,,,,,10.0,100.0,OK,True,0.1,DC-OSQA
alpha_sensitivity_ba_m2_N70_150,main_ba_m2,BA,2,BA attachment parameter m=2,100,12,QA-Base,qa_base_ba_main,qa_base_ba_main_raw_solutions.csv,QA-Base,45.0,196.0,,72,201.0,8.0,5.338779220523415,8.541471048513301,False,0.0,,,,,,,10.0,100.0,OK,True,,QA-Base
alpha_sensitivity_ba_m2_N70_150,main_ba_m2,BA,2,BA attachment parameter m=2,100,13,DC-OSQA,qa_inhomo_all,qa_inhomo_all_raw_solutions.csv,DC-Offset(s=0.1),40.0,196.0,100055.0,24,959.0,1.0,3.998711995005654,4.985507246376812,False,0.0,,,,,,,10.0,100.0,OK,True,0.1,DC-OSQA
alpha_sensitivity_ba_m2_N70_150,main_ba_m2,BA,2,BA attachment parameter m=2,100,13,QA-Base,qa_base_ba_main,qa_base_ba_main_raw_solutions.csv,QA-Base,40.0,196.0,,19,689.0,1.0,2.8544444012242645,5.19298245614035,False,0.0,,,,,,,10.0,100.0,OK,True,,QA-Base
alpha_sensitivity_ba_m2_N70_150,main_ba_m2,BA,2,BA attachment parameter m=2,100,14,DC-OSQA,qa_inhomo_all,qa_inhomo_all_raw_solutions.csv,DC-Offset(s=0.1),43.0,196.0,100056.0,615,971.0,61.0,9.011319987396227,11.068901776965651,False,1.6260162601626018e-05,,,,,,,10.0,100.0,OK,True,0.1,DC-OSQA
alpha_sensitivity_ba_m2_N70_150,main_ba_m2,BA,2,BA attachment parameter m=2,100,14,QA-Base,qa_base_ba_main,qa_base_ba_main_raw_solutions.csv,QA-Base,43.0,196.0,,196,808.0,20.0,6.252076966570192,9.13113553113553,False,0.0,,,,,,,10.0,100.0,OK,True,,QA-Base
alpha_sensitivity_ba_m2_N70_150,main_ba_m2,BA,2,BA attachment parameter m=2,100,15,DC-OSQA,qa_inhomo_all,qa_inhomo_all_raw_solutions.csv,DC-Offset(s=0.1),40.0,196.0,100057.0,576,954.0,64.0,8.79267919910033,12.629118357487926,False,0.0,,,,,,,10.0,100.0,OK,True,0.1,DC-OSQA
alpha_sensitivity_ba_m2_N70_150,main_ba_m2,BA,2,BA attachment parameter m=2,100,15,QA-Base,qa_base_ba_main,qa_base_ba_main_raw_solutions.csv,QA-Base,40.0,196.0,,125,881.0,15.0,5.033908078518315,8.992774193548387,False,0.0,,,,,,,10.0,100.0,OK,True,,QA-Base
alpha_sensitivity_ba_m2_N70_150,main_ba_m2,BA,2,BA attachment parameter m=2,100,16,DC-OSQA,qa_inhomo_all,qa_inhomo_all_raw_solutions.csv,DC-Offset(s=0.1),45.0,196.0,100058.0,652,854.0,89.0,9.17043913147721,12.586374902226872,False,0.0,,,,,,,10.0,100.0,OK,True,0.1,DC-OSQA
alpha_sensitivity_ba_m2_N70_150,main_ba_m2,BA,2,BA attachment parameter m=2,100,16,QA-Base,qa_base_ba_main,qa_base_ba_main_raw_solutions.csv,QA-Base,45.0,196.0,,217,625.0,19.0,6.816888445117988,9.654548557774364,False,0.0,,,,,,,10.0,100.0,OK,True,,QA-Base
alpha_sensitivity_ba_m2_N70_150,main_ba_m2,BA,2,BA attachment parameter m=2,100,17,DC-OSQA,qa_inhomo_all,qa_inhomo_all_raw_solutions.csv,DC-Offset(s=0.1),39.0,196.0,100059.0,24,949.0,1.0,4.140067170190341,4.985507246376812,False,0.0,,,,,,,10.0,100.0,OK,True,0.1,DC-OSQA
alpha_sensitivity_ba_m2_N70_150,main_ba_m2,BA,2,BA attachment parameter m=2,100,17,QA-Base,qa_base_ba_main,qa_base_ba_main_raw_solutions.csv,QA-Base,39.0,196.0,,24,804.0,1.0,4.011745920285556,4.985507246376812,False,0.0,,,,,,,10.0,100.0,OK,True,,QA-Base
alpha_sensitivity_ba_m2_N70_150,main_ba_m2,BA,2,BA attachment parameter m=2,100,18,DC-OSQA,qa_inhomo_all,qa_inhomo_all_raw_solutions.csv,DC-Offset(s=0.1),40.0,196.0,100060.0,151,673.0,12.0,6.767192643983471,8.336247240618103,False,0.0,,,,,,,10.0,100.0,OK,True,0.1,DC-OSQA
alpha_sensitivity_ba_m2_N70_150,main_ba_m2,BA,2,BA attachment parameter m=2,100,18,QA-Base,qa_base_ba_main,qa_base_ba_main_raw_solutions.csv,QA-Base,40.0,196.0,,51,937.0,4.0,3.783189304923362,6.801568627450981,False,0.0,,,,,,,10.0,100.0,OK,True,,QA-Base
alpha_sensitivity_ba_m2_N70_150,main_ba_m2,BA,2,BA attachment parameter m=2,100,19,DC-OSQA,qa_inhomo_all,qa_inhomo_all_raw_solutions.csv,DC-Offset(s=0.1),43.0,196.0,100061.0,421,474.0,70.0,8.647120200347668,15.120506730007918,False,0.0040023752969121,,,,,,,10.0,100.0,OK,True,0.1,DC-OSQA
alpha_sensitivity_ba_m2_N70_150,main_ba_m2,BA,2,BA attachment parameter m=2,100,19,QA-Base,qa_base_ba_main,qa_base_ba_main_raw_solutions.csv,QA-Base,43.0,196.0,,257,805.0,27.0,7.159515358496956,11.756079766536969,False,0.0003891050583657,,,,,,,10.0,100.0,OK,True,,QA-Base
alpha_sensitivity_ba_m2_N70_150,main_ba_m2,BA,2,BA attachment parameter m=2,120,0,DC-OSQA,qa_inhomo_all,qa_inhomo_all_raw_solutions.csv,DC-Offset(s=0.1),52.0,236.0,120042.0,693,841.0,55.0,9.3355190615803,11.935156686601772,False,0.0,,,,,,,12.0,120.0,OK,True,0.1,DC-OSQA
alpha_sensitivity_ba_m2_N70_150,main_ba_m2,BA,2,BA attachment parameter m=2,120,0,DC-OSQA(s=0.05),qa_inhomo_all,qa_inhomo_all_raw_solutions.csv,DC-Offset(s=0.05),52.0,236.0,120042.0,651,807.0,55.0,9.231304766010982,11.775795817086138,False,0.0,,,,,,,12.0,120.0,OK,True,0.05,DC-OSQA
alpha_sensitivity_ba_m2_N70_150,main_ba_m2,BA,2,BA attachment parameter m=2,120,0,DC-OSQA(s=0.2),qa_inhomo_all,qa_inhomo_all_raw_solutions.csv,DC-Offset(s=0.2),52.0,236.0,120042.0,116,178.0,8.0,6.59352658559,8.391604197901051,False,0.0,,,,,,,12.0,120.0,OK,True,0.2,DC-OSQA
alpha_sensitivity_ba_m2_N70_150,main_ba_m2,BA,2,BA attachment parameter m=2,120,0,QA-Base,qa_base_ba_main,qa_base_ba_main_raw_solutions.csv,QA-Base,52.0,236.0,,372,725.0,27.0,8.006178975347938,10.703909804944498,False,0.0,,,,,,,12.0,120.0,OK,True,,QA-Base
alpha_sensitivity_ba_m2_N70_150,main_ba_m2,BA,2,BA attachment parameter m=2,120,1,DC-OSQA,qa_inhomo_all,qa_inhomo_all_raw_solutions.csv,DC-Offset(s=0.1),57.0,236.0,120043.0,727,779.0,116.0,9.46186680563429,16.942072974335073,False,0.0,,,,,,,12.0,120.0,OK,True,0.1,DC-OSQA
alpha_sensitivity_ba_m2_N70_150,main_ba_m2,BA,2,BA attachment parameter m=2,120,1,DC-OSQA(s=0.05),qa_inhomo_all,qa_inhomo_all_raw_solutions.csv,DC-Offset(s=0.05),57.0,236.0,120043.0,511,590.0,80.0,8.900743379899744,17.556747630559073,False,0.0,,,,,,,12.0,120.0,OK,True,0.05,DC-OSQA
alpha_sensitivity_ba_m2_N70_150,main_ba_m2,BA,2,BA attachment parameter m=2,120,1,DC-OSQA(s=0.2),qa_inhomo_all,qa_inhomo_all_raw_solutions.csv,DC-Offset(s=0.2),57.0,236.0,120043.0,455,496.0,67.0,8.785829828523312,14.392254441593648,False,0.0,,,,,,,12.0,120.0,OK,True,0.2,DC-OSQA
alpha_sensitivity_ba_m2_N70_150,main_ba_m2,BA,2,BA attachment parameter m=2,120,1,QA-Base,qa_base_ba_main,qa_base_ba_main_raw_solutions.csv,QA-Base,57.0,236.0,,228,348.0,32.0,7.415137485306721,16.46680578097226,False,0.0,,,,,,,12.0,120.0,OK,True,,QA-Base
alpha_sensitivity_ba_m2_N70_150,main_ba_m2,BA,2,BA attachment parameter m=2,120,2,DC-OSQA,qa_inhomo_all,qa_inhomo_all_raw_solutions.csv,DC-Offset(s=0.1),52.0,236.0,120044.0,99,357.0,4.0,6.16884973902073,7.400535971964544,False,0.0,,,,,,,12.0,120.0,OK,True,0.1,DC-OSQA
alpha_sensitivity_ba_m2_N70_150,main_ba_m2,BA,2,BA attachment parameter m=2,120,2,DC-OSQA(s=0.05),qa_inhomo_all,qa_inhomo_all_raw_solutions.csv,DC-Offset(s=0.05),52.0,236.0,120044.0,94,374.0,5.0,5.778000580747136,7.548387096774193,False,0.0,,,,,,,12.0,120.0,OK,True,0.05,DC-OSQA
alpha_sensitivity_ba_m2_N70_150,main_ba_m2,BA,2,BA attachment parameter m=2,120,2,DC-OSQA(s=0.2),qa_inhomo_all,qa_inhomo_all_raw_solutions.csv,DC-Offset(s=0.2),52.0,236.0,120044.0,3,4.0,1.0,1.5,4.0,False,0.0,,,,,,,12.0,120.0,OK,True,0.2,DC-OSQA
alpha_sensitivity_ba_m2_N70_150,main_ba_m2,BA,2,BA attachment parameter m=2,120,2,QA-Base,qa_base_ba_main,qa_base_ba_main_raw_solutions.csv,QA-Base,52.0,236.0,,40,349.0,2.0,3.621903220738837,6.358974358974358,False,0.0,,,,,,,12.0,120.0,OK,True,,QA-Base
alpha_sensitivity_ba_m2_N70_150,main_ba_m2,BA,2,BA attachment parameter m=2,120,3,DC-OSQA,qa_inhomo_all,qa_inhomo_all_raw_solutions.csv,DC-Offset(s=0.1),47.0,236.0,120045.0,387,789.0,25.0,8.195857375496384,11.850905731614253,False,0.0,,,,,,,12.0,120.0,OK,True,0.1,DC-OSQA
alpha_sensitivity_ba_m2_N70_150,main_ba_m2,BA,2,BA attachment parameter m=2,120,3,DC-OSQA(s=0.05),qa_inhomo_all,qa_inhomo_all_raw_solutions.csv,DC-Offset(s=0.05),47.0,236.0,120045.0,337,905.0,21.0,7.821188578212486,12.017026988837078,False,0.0,,,,,,,12.0,120.0,OK,True,0.05,DC-OSQA
alpha_sensitivity_ba_m2_N70_150,main_ba_m2,BA,2,BA attachment parameter m=2,120,3,DC-OSQA(s=0.2),qa_inhomo_all,qa_inhomo_all_raw_solutions.csv,DC-Offset(s=0.2),47.0,236.0,120045.0,22,27.0,2.0,4.384517131793099,7.731601731601732,False,0.0,,,,,,,12.0,120.0,OK,True,0.2,DC-OSQA
alpha_sensitivity_ba_m2_N70_150,main_ba_m2,BA,2,BA attachment parameter m=2,120,3,QA-Base,qa_base_ba_main,qa_base_ba_main_raw_solutions.csv,QA-Base,47.0,236.0,,164,842.0,8.0,5.992186396345957,11.766272632051471,False,0.0,,,,,,,12.0,120.0,OK,True,,QA-Base
alpha_sensitivity_ba_m2_N70_150,main_ba_m2,BA,2,BA attachment parameter m=2,120,4,DC-OSQA,qa_inhomo_all,qa_inhomo_all_raw_solutions.csv,DC-Offset(s=0.1),52.0,236.0,120046.0,421,552.0,32.0,8.567568795460058,12.890758963918108,False,0.0,,,,,,,12.0,120.0,OK,True,0.1,DC-OSQA
alpha_sensitivity_ba_m2_N70_150,main_ba_m2,BA,2,BA attachment parameter m=2,120,4,DC-OSQA(s=0.05),qa_inhomo_all,qa_inhomo_all_raw_solutions.csv,DC-Offset(s=0.05),52.0,236.0,120046.0,26,27.0,7.0,4.680813428089396,12.086153846153843,False,0.0,,,,,,,12.0,120.0,OK,True,0.05,DC-OSQA
alpha_sensitivity_ba_m2_N70_150,main_ba_m2,BA,2,BA attachment parameter m=2,120,4,DC-OSQA(s=0.2),qa_inhomo_all,qa_inhomo_all_raw_solutions.csv,DC-Offset(s=0.2),52.0,236.0,120046.0,125,221.0,8.0,6.650737430819066,8.957935483870969,False,0.0,,,,,,,12.0,120.0,OK,True,0.2,DC-OSQA
alpha_sensitivity_ba_m2_N70_150,main_ba_m2,BA,2,BA attachment parameter m=2,120,4,QA-Base,qa_base_ba_main,qa_base_ba_main_raw_solutions.csv,QA-Base,52.0,236.0,,0,0.0,0.0,0.0,0.0,True,,,,,,,,,,ZERO_YIELD,True,,QA-Base
alpha_sensitivity_ba_m2_N70_150,main_ba_m2,BA,2,BA attachment parameter m=2,120,5,DC-OSQA,qa_inhomo_all,qa_inhomo_all_raw_solutions.csv,DC-Offset(s=0.1),50.0,236.0,120047.0,245,262.0,30.0,7.879359917657299,12.145466711274675,False,0.0,,,,,,,12.0,120.0,OK,True,0.1,DC-OSQA
alpha_sensitivity_ba_m2_N70_150,main_ba_m2,BA,2,BA attachment parameter m=2,120,5,DC-OSQA(s=0.05),qa_inhomo_all,qa_inhomo_all_raw_solutions.csv,DC-Offset(s=0.05),50.0,236.0,120047.0,142,181.0,20.0,6.8799966423736585,11.224053541104784,False,0.0,,,,,,,12.0,120.0,OK,True,0.05,DC-OSQA
alpha_sensitivity_ba_m2_N70_150,main_ba_m2,BA,2,BA attachment parameter m=2,120,5,DC-OSQA(s=0.2),qa_inhomo_all,qa_inhomo_all_raw_solutions.csv,DC-Offset(s=0.2),50.0,236.0,120047.0,113,119.0,18.0,6.7939774271734885,11.9968394437421,False,0.0,,,,,,,12.0,120.0,OK,True,0.2,DC-OSQA
alpha_sensitivity_ba_m2_N70_150,main_ba_m2,BA,2,BA attachment parameter m=2,120,5,QA-Base,qa_base_ba_main,qa_base_ba_main_raw_solutions.csv,QA-Base,50.0,236.0,,55,87.0,7.0,5.419112486496264,9.952861952861952,False,0.0,,,,,,,12.0,120.0,OK,True,,QA-Base
alpha_sensitivity_ba_m2_N70_150,main_ba_m2,BA,2,BA attachment parameter m=2,120,6,DC-OSQA,qa_inhomo_all,qa_inhomo_all_raw_solutions.csv,DC-Offset(s=0.1),52.0,236.0,120048.0,944,961.0,226.0,9.872227285183572,18.493740676168738,False,8.827683615819174e-06,,,,,,,12.0,120.0,OK,True,0.1,DC-OSQA
alpha_sensitivity_ba_m2_N70_150,main_ba_m2,BA,2,BA attachment parameter m=2,120,6,DC-OSQA(s=0.05),qa_inhomo_all,qa_inhomo_all_raw_solutions.csv,DC-Offset(s=0.05),52.0,236.0,120048.0,919,947.0,191.0,9.825177439647724,18.078957662136304,False,9.067827348567246e-06,,,,,,,12.0,120.0,OK,True,0.05,DC-OSQA
alpha_sensitivity_ba_m2_N70_150,main_ba_m2,BA,2,BA attachment parameter m=2,120,6,DC-OSQA(s=0.2),qa_inhomo_all,qa_inhomo_all_raw_solutions.csv,DC-Offset(s=0.2),52.0,236.0,120048.0,722,828.0,96.0,9.407215437599568,13.93937321587054,False,0.0,,,,,,,12.0,120.0,OK,True,0.2,DC-OSQA
alpha_sensitivity_ba_m2_N70_150,main_ba_m2,BA,2,BA attachment parameter m=2,120,6,QA-Base,qa_base_ba_main,qa_base_ba_main_raw_solutions.csv,QA-Base,52.0,236.0,,687,788.0,98.0,9.323418174110625,17.147338536163065,False,0.0,,,,,,,12.0,120.0,OK,True,,QA-Base
alpha_sensitivity_ba_m2_N70_150,main_ba_m2,BA,2,BA attachment parameter m=2,120,7,DC-OSQA,qa_inhomo_all,qa_inhomo_all_raw_solutions.csv,DC-Offset(s=0.1),54.0,236.0,120049.0,806,811.0,175.0,9.651227647990392,18.158149284095984,False,0.0,,,,,,,12.0,120.0,OK,True,0.1,DC-OSQA
alpha_sensitivity_ba_m2_N70_150,main_ba_m2,BA,2,BA attachment parameter m=2,120,7,DC-OSQA(s=0.05),qa_inhomo_all,qa_inhomo_all_raw_solutions.csv,DC-Offset(s=0.05),54.0,236.0,120049.0,345,367.0,59.0,8.39223873921334,14.564745534209637,False,0.0,,,,,,,12.0,120.0,OK,True,0.05,DC-OSQA
alpha_sensitivity_ba_m2_N70_150,main_ba_m2,BA,2,BA attachment parameter m=2,120,7,DC-OSQA(s=0.2),qa_inhomo_all,qa_inhomo_all_raw_solutions.csv,DC-Offset(s=0.2),54.0,236.0,120049.0,834,938.0,117.0,9.63962394990082,15.571178111532388,False,0.0,,,,,,,12.0,120.0,OK,True,0.2,DC-OSQA
alpha_sensitivity_ba_m2_N70_150,main_ba_m2,BA,2,BA attachment parameter m=2,120,7,QA-Base,qa_base_ba_main,qa_base_ba_main_raw_solutions.csv,QA-Base,54.0,236.0,,49,56.0,9.0,5.5573549220576055,10.034013605442178,False,0.0,,,,,,,12.0,120.0,OK,True,,QA-Base
alpha_sensitivity_ba_m2_N70_150,main_ba_m2,BA,2,BA attachment parameter m=2,120,8,DC-OSQA,qa_inhomo_all,qa_inhomo_all_raw_solutions.csv,DC-Offset(s=0.1),52.0,236.0,120050.0,658,796.0,65.0,9.236903432723643,13.232941481265584,False,0.0,,,,,,,12.0,120.0,OK,True,0.1,DC-OSQA
alpha_sensitivity_ba_m2_N70_150,main_ba_m2,BA,2,BA attachment parameter m=2,120,8,DC-OSQA(s=0.05),qa_inhomo_all,qa_inhomo_all_raw_solutions.csv,DC-Offset(s=0.05),52.0,236.0,120050.0,603,892.0,52.0,8.973499047954192,12.86244304501854,False,0.0,,,,,,,12.0,120.0,OK,True,0.05,DC-OSQA
alpha_sensitivity_ba_m2_N70_150,main_ba_m2,BA,2,BA attachment parameter m=2,120,8,DC-OSQA(s=0.2),qa_inhomo_all,qa_inhomo_all_raw_solutions.csv,DC-Offset(s=0.2),52.0,236.0,120050.0,153,215.0,14.0,7.018184898889224,9.775025799793603,False,0.0,,,,,,,12.0,120.0,OK,True,0.2,DC-OSQA
alpha_sensitivity_ba_m2_N70_150,main_ba_m2,BA,2,BA attachment parameter m=2,120,8,QA-Base,qa_base_ba_main,qa_base_ba_main_raw_solutions.csv,QA-Base,52.0,236.0,,262,834.0,16.0,6.834963186894225,11.137199847913193,False,0.0,,,,,,,12.0,120.0,OK,True,,QA-Base
alpha_sensitivity_ba_m2_N70_150,main_ba_m2,BA,2,BA attachment parameter m=2,120,9,DC-OSQA,qa_inhomo_all,qa_inhomo_all_raw_solutions.csv,DC-Offset(s=0.1),49.0,236.0,120051.0,757,941.0,68.0,9.43430793346182,12.957343454040943,False,0.0,,,,,,,12.0,120.0,OK,True,0.1,DC-OSQA
alpha_sensitivity_ba_m2_N70_150,main_ba_m2,BA,2,BA attachment parameter m=2,120,9,DC-OSQA(s=0.05),qa_inhomo_all,qa_inhomo_all_raw_solutions.csv,DC-Offset(s=0.05),49.0,236.0,120051.0,622,901.0,50.0,9.040412673029447,12.050949873401992,False,0.0,,,,,,,12.0,120.0,OK,True,0.05,DC-OSQA
alpha_sensitivity_ba_m2_N70_150,main_ba_m2,BA,2,BA attachment parameter m=2,120,9,DC-OSQA(s=0.2),qa_inhomo_all,qa_inhomo_all_raw_solutions.csv,DC-Offset(s=0.2),49.0,236.0,120051.0,432,906.0,32.0,8.163140878567027,11.26336255048552,False,0.0,,,,,,,12.0,120.0,OK,True,0.2,DC-OSQA
alpha_sensitivity_ba_m2_N70_150,main_ba_m2,BA,2,BA attachment parameter m=2,120,9,QA-Base,qa_base_ba_main,qa_base_ba_main_raw_solutions.csv,QA-Base,49.0,236.0,,390,871.0,29.0,8.010475766604857,10.722879177377893,False,0.0,,,,,,,12.0,120.0,OK,True,,QA-Base
alpha_sensitivity_ba_m2_N70_150,main_ba_m2,BA,2,BA attachment parameter m=2,120,10,DC-OSQA,qa_inhomo_all,qa_inhomo_all_raw_solutions.csv,DC-Offset(s=0.1),56.0,236.0,120052.0,845,857.0,180.0,9.715146726667928,17.121130710339607,False,0.0,,,,,,,12.0,120.0,OK,True,0.1,DC-OSQA
alpha_sensitivity_ba_m2_N70_150,main_ba_m2,BA,2,BA attachment parameter m=2,120,10,QA-Base,qa_base_ba_main,qa_base_ba_main_raw_solutions.csv,QA-Base,56.0,236.0,,15,15.0,5.0,3.906890595608518,12.266666666666667,False,0.0,,,,,,,12.0,120.0,OK,True,,QA-Base
alpha_sensitivity_ba_m2_N70_150,main_ba_m2,BA,2,BA attachment parameter m=2,120,11,DC-OSQA,qa_inhomo_all,qa_inhomo_all_raw_solutions.csv,DC-Offset(s=0.1),53.0,236.0,120053.0,740,903.0,95.0,9.38213978441999,14.042102183374167,False,0.00321509009009,,,,,,,12.0,120.0,OK,True,0.1,DC-OSQA
alpha_sensitivity_ba_m2_N70_150,main_ba_m2,BA,2,BA attachment parameter m=2,120,11,QA-Base,qa_base_ba_main,qa_base_ba_main_raw_solutions.csv,QA-Base,53.0,236.0,,619,934.0,69.0,8.917835930582086,15.761448416121633,False,0.0,,,,,,,12.0,120.0,OK,True,,QA-Base
alpha_sensitivity_ba_m2_N70_150,main_ba_m2,BA,2,BA attachment parameter m=2,120,12,DC-OSQA,qa_inhomo_all,qa_inhomo_all_raw_solutions.csv,DC-Offset(s=0.1),48.0,236.0,120054.0,874,967.0,86.0,9.711287061363972,12.90481021019604,False,0.0,,,,,,,12.0,120.0,OK,True,0.1,DC-OSQA
alpha_sensitivity_ba_m2_N70_150,main_ba_m2,BA,2,BA attachment parameter m=2,120,12,QA-Base,qa_base_ba_main,qa_base_ba_main_raw_solutions.csv,QA-Base,48.0,236.0,,226,974.0,15.0,6.325872609443955,9.02694198623402,False,0.0,,,,,,,12.0,120.0,OK,True,,QA-Base
alpha_sensitivity_ba_m2_N70_150,main_ba_m2,BA,2,BA attachment parameter m=2,120,13,DC-OSQA,qa_inhomo_all,qa_inhomo_all_raw_solutions.csv,DC-Offset(s=0.1),58.0,236.0,120055.0,5,5.0,3.0,2.321928094887362,13.999999999999998,False,0.0,,,,,,,12.0,120.0,OK,True,0.1,DC-OSQA
alpha_sensitivity_ba_m2_N70_150,main_ba_m2,BA,2,BA attachment parameter m=2,120,13,QA-Base,qa_base_ba_main,qa_base_ba_main_raw_solutions.csv,QA-Base,58.0,236.0,,3,3.0,2.0,1.584962500721156,10.666666666666668,False,0.0,,,,,,,12.0,120.0,OK,True,,QA-Base
alpha_sensitivity_ba_m2_N70_150,main_ba_m2,BA,2,BA attachment parameter m=2,120,14,DC-OSQA,qa_inhomo_all,qa_inhomo_all_raw_solutions.csv,DC-Offset(s=0.1),53.0,236.0,120056.0,295,332.0,40.0,8.14077907739868,12.785702755678544,False,0.0083333333333333,,,,,,,12.0,120.0,OK,True,0.1,DC-OSQA
alpha_sensitivity_ba_m2_N70_150,main_ba_m2,BA,2,BA attachment parameter m=2,120,14,QA-Base,qa_base_ba_main,qa_base_ba_main_raw_solutions.csv,QA-Base,53.0,236.0,,185,323.0,16.0,7.053769534265658,10.506933019976495,False,0.0069369369369369,,,,,,,12.0,120.0,OK,True,,QA-Base
alpha_sensitivity_ba_m2_N70_150,main_ba_m2,BA,2,BA attachment parameter m=2,120,15,DC-OSQA,qa_inhomo_all,qa_inhomo_all_raw_solutions.csv,DC-Offset(s=0.1),51.0,236.0,120057.0,198,234.0,24.0,7.52735334135054,14.174332154027583,False,0.0,,,,,,,12.0,120.0,OK,True,0.1,DC-OSQA
alpha_sensitivity_ba_m2_N70_150,main_ba_m2,BA,2,BA attachment parameter m=2,120,15,QA-Base,qa_base_ba_main,qa_base_ba_main_raw_solutions.csv,QA-Base,51.0,236.0,,12,12.0,5.0,3.584962500721156,12.303030303030305,False,0.0,,,,,,,12.0,120.0,OK,True,,QA-Base
alpha_sensitivity_ba_m2_N70_150,main_ba_m2,BA,2,BA attachment parameter m=2,120,16,DC-OSQA,qa_inhomo_all,qa_inhomo_all_raw_solutions.csv,DC-Offset(s=0.1),54.0,236.0,120058.0,865,865.0,354.0,9.756556322524087,23.489199314921848,False,0.0,,,,,,,12.0,120.0,OK,True,0.1,DC-OSQA
alpha_sensitivity_ba_m2_N70_150,main_ba_m2,BA,2,BA attachment parameter m=2,120,16,QA-Base,qa_base_ba_main,qa_base_ba_main_raw_solutions.csv,QA-Base,54.0,236.0,,556,593.0,119.0,9.064528972479806,20.68231252835569,False,0.0,,,,,,,12.0,120.0,OK,True,,QA-Base
alpha_sensitivity_ba_m2_N70_150,main_ba_m2,BA,2,BA attachment parameter m=2,120,17,DC-OSQA,qa_inhomo_all,qa_inhomo_all_raw_solutions.csv,DC-Offset(s=0.1),54.0,236.0,120059.0,750,881.0,76.0,9.45186349326886,13.520954161103692,False,0.0,,,,,,,12.0,120.0,OK,True,0.1,DC-OSQA
alpha_sensitivity_ba_m2_N70_150,main_ba_m2,BA,2,BA attachment parameter m=2,120,17,QA-Base,qa_base_ba_main,qa_base_ba_main_raw_solutions.csv,QA-Base,54.0,236.0,,307,605.0,26.0,7.562134657379286,10.270337016456963,False,0.0,,,,,,,12.0,120.0,OK,True,,QA-Base
alpha_sensitivity_ba_m2_N70_150,main_ba_m2,BA,2,BA attachment parameter m=2,120,18,DC-OSQA,qa_inhomo_all,qa_inhomo_all_raw_solutions.csv,DC-Offset(s=0.1),51.0,236.0,120060.0,377,951.0,28.0,7.876752066146668,12.113268243128848,False,0.0,,,,,,,12.0,120.0,OK,True,0.1,DC-OSQA
alpha_sensitivity_ba_m2_N70_150,main_ba_m2,BA,2,BA attachment parameter m=2,120,18,QA-Base,qa_base_ba_main,qa_base_ba_main_raw_solutions.csv,QA-Base,51.0,236.0,,133,549.0,11.0,5.521689847784353,10.513556618819775,False,0.0,,,,,,,12.0,120.0,OK,True,,QA-Base
alpha_sensitivity_ba_m2_N70_150,main_ba_m2,BA,2,BA attachment parameter m=2,120,19,DC-OSQA,qa_inhomo_all,qa_inhomo_all_raw_solutions.csv,DC-Offset(s=0.1),52.0,236.0,120061.0,957,978.0,176.0,9.88997400106454,16.04982446015486,False,0.0,,,,,,,12.0,120.0,OK,True,0.1,DC-OSQA
alpha_sensitivity_ba_m2_N70_150,main_ba_m2,BA,2,BA attachment parameter m=2,120,19,QA-Base,qa_base_ba_main,qa_base_ba_main_raw_solutions.csv,QA-Base,52.0,236.0,,660,937.0,63.0,9.085242396669706,12.039012277555532,False,0.0,,,,,,,12.0,120.0,OK,True,,QA-Base
alpha_sensitivity_ba_m2_N70_150,main_ba_m2,BA,2,BA attachment parameter m=2,150,0,DC-OSQA,qa_inhomo_all,qa_inhomo_all_raw_solutions.csv,DC-Offset(s=0.1),59.0,296.0,150042.0,767,786.0,77.0,9.570039446278964,14.75716654014658,False,0.0,,,,,,,15.0,150.0,OK,True,0.1,DC-OSQA
alpha_sensitivity_ba_m2_N70_150,main_ba_m2,BA,2,BA attachment parameter m=2,150,0,DC-OSQA(s=0.05),qa_inhomo_all,qa_inhomo_all_raw_solutions.csv,DC-Offset(s=0.05),59.0,296.0,150042.0,799,847.0,70.0,9.609311960974871,14.114284459584509,False,0.0,,,,,,,15.0,150.0,OK,True,0.05,DC-OSQA
alpha_sensitivity_ba_m2_N70_150,main_ba_m2,BA,2,BA attachment parameter m=2,150,0,DC-OSQA(s=0.2),qa_inhomo_all,qa_inhomo_all_raw_solutions.csv,DC-Offset(s=0.2),59.0,296.0,150042.0,216,225.0,24.0,7.733781191217039,12.943324720068906,False,0.0,,,,,,,15.0,150.0,OK,True,0.2,DC-OSQA
alpha_sensitivity_ba_m2_N70_150,main_ba_m2,BA,2,BA attachment parameter m=2,150,0,QA-Base,qa_base_ba_main,qa_base_ba_main_raw_solutions.csv,QA-Base,59.0,296.0,,605,863.0,38.0,8.8982911431616,12.411077664057798,False,0.0,,,,,,,15.0,150.0,OK,True,,QA-Base
alpha_sensitivity_ba_m2_N70_150,main_ba_m2,BA,2,BA attachment parameter m=2,150,1,DC-OSQA,qa_inhomo_all,qa_inhomo_all_raw_solutions.csv,DC-Offset(s=0.1),64.0,296.0,150043.0,6,6.0,3.0,2.584962500721156,15.2,False,0.0,,,,,,,15.0,150.0,OK,True,0.1,DC-OSQA
alpha_sensitivity_ba_m2_N70_150,main_ba_m2,BA,2,BA attachment parameter m=2,150,1,DC-OSQA(s=0.05),qa_inhomo_all,qa_inhomo_all_raw_solutions.csv,DC-Offset(s=0.05),64.0,296.0,150043.0,182,186.0,26.0,7.496148058419861,15.091979843361056,False,0.0,,,,,,,15.0,150.0,OK,True,0.05,DC-OSQA
alpha_sensitivity_ba_m2_N70_150,main_ba_m2,BA,2,BA attachment parameter m=2,150,1,DC-OSQA(s=0.2),qa_inhomo_all,qa_inhomo_all_raw_solutions.csv,DC-Offset(s=0.2),64.0,296.0,150043.0,0,0.0,0.0,0.0,0.0,True,,,,,,,,,,ZERO_YIELD,True,0.2,DC-OSQA
alpha_sensitivity_ba_m2_N70_150,main_ba_m2,BA,2,BA attachment parameter m=2,150,1,QA-Base,qa_base_ba_main,qa_base_ba_main_raw_solutions.csv,QA-Base,64.0,296.0,,116,152.0,11.0,6.7025732174595,11.033883058470764,False,0.0,,,,,,,15.0,150.0,OK,True,,QA-Base
alpha_sensitivity_ba_m2_N70_150,main_ba_m2,BA,2,BA attachment parameter m=2,150,2,DC-OSQA,qa_inhomo_all,qa_inhomo_all_raw_solutions.csv,DC-Offset(s=0.1),60.0,296.0,150044.0,813,898.0,55.0,9.614537002205164,14.37568089966614,False,0.0,,,,,,,15.0,150.0,OK,True,0.1,DC-OSQA
alpha_sensitivity_ba_m2_N70_150,main_ba_m2,BA,2,BA attachment parameter m=2,150,2,DC-OSQA(s=0.05),qa_inhomo_all,qa_inhomo_all_raw_solutions.csv,DC-Offset(s=0.05),60.0,296.0,150044.0,694,887.0,39.0,9.291257459494446,13.571698874292537,False,0.0,,,,,,,15.0,150.0,OK,True,0.05,DC-OSQA
alpha_sensitivity_ba_m2_N70_150,main_ba_m2,BA,2,BA attachment parameter m=2,150,2,DC-OSQA(s=0.2),qa_inhomo_all,qa_inhomo_all_raw_solutions.csv,DC-Offset(s=0.2),60.0,296.0,150044.0,393,710.0,19.0,8.122382738128039,11.757802357584255,False,0.0,,,,,,,15.0,150.0,OK,True,0.2,DC-OSQA
alpha_sensitivity_ba_m2_N70_150,main_ba_m2,BA,2,BA attachment parameter m=2,150,2,QA-Base,qa_base_ba_main,qa_base_ba_main_raw_solutions.csv,QA-Base,60.0,296.0,,408,758.0,22.0,8.215737648688751,12.16514910632558,False,0.0,,,,,,,15.0,150.0,OK,True,,QA-Base
alpha_sensitivity_ba_m2_N70_150,main_ba_m2,BA,2,BA attachment parameter m=2,150,3,DC-OSQA,qa_inhomo_all,qa_inhomo_all_raw_solutions.csv,DC-Offset(s=0.1),60.0,296.0,150045.0,460,857.0,19.0,8.449958738261852,10.625026049066967,False,0.0,,,,,,,15.0,150.0,OK,True,0.1,DC-OSQA
alpha_sensitivity_ba_m2_N70_150,main_ba_m2,BA,2,BA attachment parameter m=2,150,3,DC-OSQA(s=0.05),qa_inhomo_all,qa_inhomo_all_raw_solutions.csv,DC-Offset(s=0.05),60.0,296.0,150045.0,330,731.0,12.0,7.737802674358885,10.35519941051856,False,0.0,,,,,,,15.0,150.0,OK,True,0.05,DC-OSQA
alpha_sensitivity_ba_m2_N70_150,main_ba_m2,BA,2,BA attachment parameter m=2,150,3,DC-OSQA(s=0.2),qa_inhomo_all,qa_inhomo_all_raw_solutions.csv,DC-Offset(s=0.2),60.0,296.0,150045.0,230,835.0,10.0,6.677946009219962,9.323713689007024,False,0.0,,,,,,,15.0,150.0,OK,True,0.2,DC-OSQA
alpha_sensitivity_ba_m2_N70_150,main_ba_m2,BA,2,BA attachment parameter m=2,150,3,QA-Base,qa_base_ba_main,qa_base_ba_main_raw_solutions.csv,QA-Base,60.0,296.0,,144,535.0,5.0,6.102297733946829,8.75951825951826,False,0.0,,,,,,,15.0,150.0,OK,True,,QA-Base
alpha_sensitivity_ba_m2_N70_150,main_ba_m2,BA,2,BA attachment parameter m=2,150,4,DC-OSQA,qa_inhomo_all,qa_inhomo_all_raw_solutions.csv,DC-Offset(s=0.1),61.0,296.0,150046.0,605,923.0,34.0,8.949887766483114,11.966723222593178,False,0.0,,,,,,,15.0,150.0,OK,True,0.1,DC-OSQA
alpha_sensitivity_ba_m2_N70_150,main_ba_m2,BA,2,BA attachment parameter m=2,150,4,DC-OSQA(s=0.05),qa_inhomo_all,qa_inhomo_all_raw_solutions.csv,DC-Offset(s=0.05),61.0,296.0,150046.0,365,601.0,23.0,8.113898625600648,11.453078428420897,False,0.0,,,,,,,15.0,150.0,OK,True,0.05,DC-OSQA
alpha_sensitivity_ba_m2_N70_150,main_ba_m2,BA,2,BA attachment parameter m=2,150,4,DC-OSQA(s=0.2),qa_inhomo_all,qa_inhomo_all_raw_solutions.csv,DC-Offset(s=0.2),61.0,296.0,150046.0,330,891.0,16.0,7.659201768062436,12.40460532375426,False,0.0,,,,,,,15.0,150.0,OK,True,0.2,DC-OSQA
alpha_sensitivity_ba_m2_N70_150,main_ba_m2,BA,2,BA attachment parameter m=2,150,4,QA-Base,qa_base_ba_main,qa_base_ba_main_raw_solutions.csv,QA-Base,61.0,296.0,,106,196.0,6.0,6.210793345875375,9.256424079065589,False,0.0,,,,,,,15.0,150.0,OK,True,,QA-Base
alpha_sensitivity_ba_m2_N70_150,main_ba_m2,BA,2,BA attachment parameter m=2,150,5,DC-OSQA,qa_inhomo_all,qa_inhomo_all_raw_solutions.csv,DC-Offset(s=0.1),58.0,296.0,150047.0,636,675.0,61.0,9.277596377107352,14.613985044322288,False,0.0,,,,,,,15.0,150.0,OK,True,0.1,DC-OSQA
alpha_sensitivity_ba_m2_N70_150,main_ba_m2,BA,2,BA attachment parameter m=2,150,5,DC-OSQA(s=0.05),qa_inhomo_all,qa_inhomo_all_raw_solutions.csv,DC-Offset(s=0.05),58.0,296.0,150047.0,484,809.0,26.0,8.59895875752117,11.32518864534675,False,0.0,,,,,,,15.0,150.0,OK,True,0.05,DC-OSQA
alpha_sensitivity_ba_m2_N70_150,main_ba_m2,BA,2,BA attachment parameter m=2,150,5,DC-OSQA(s=0.2),qa_inhomo_all,qa_inhomo_all_raw_solutions.csv,DC-Offset(s=0.2),58.0,296.0,150047.0,5,5.0,1.0,2.321928094887362,9.6,False,0.0,,,,,,,15.0,150.0,OK,True,0.2,DC-OSQA
alpha_sensitivity_ba_m2_N70_150,main_ba_m2,BA,2,BA attachment parameter m=2,150,5,QA-Base,qa_base_ba_main,qa_base_ba_main_raw_solutions.csv,QA-Base,58.0,296.0,,237,865.0,9.0,7.0493119832187086,9.45777014946721,False,0.0,,,,,,,15.0,150.0,OK,True,,QA-Base
alpha_sensitivity_ba_m2_N70_150,main_ba_m2,BA,2,BA attachment parameter m=2,150,6,DC-OSQA,qa_inhomo_all,qa_inhomo_all_raw_solutions.csv,DC-Offset(s=0.1),64.0,296.0,150048.0,842,846.0,190.0,9.715057588344536,21.53366792727807,False,0.0,,,,,,,15.0,150.0,OK,True,0.1,DC-OSQA
alpha_sensitivity_ba_m2_N70_150,main_ba_m2,BA,2,BA attachment parameter m=2,150,6,DC-OSQA(s=0.05),qa_inhomo_all,qa_inhomo_all_raw_solutions.csv,DC-Offset(s=0.05),64.0,296.0,150048.0,832,846.0,137.0,9.691416926406,18.008545080070352,False,0.0,,,,,,,15.0,150.0,OK,True,0.05,DC-OSQA
alpha_sensitivity_ba_m2_N70_150,main_ba_m2,BA,2,BA attachment parameter m=2,150,6,DC-OSQA(s=0.2),qa_inhomo_all,qa_inhomo_all_raw_solutions.csv,DC-Offset(s=0.2),64.0,296.0,150048.0,53,85.0,4.0,5.320810641867339,8.60087082728592,False,0.0,,,,,,,15.0,150.0,OK,True,0.2,DC-OSQA
alpha_sensitivity_ba_m2_N70_150,main_ba_m2,BA,2,BA attachment parameter m=2,150,6,QA-Base,qa_base_ba_main,qa_base_ba_main_raw_solutions.csv,QA-Base,64.0,296.0,,427,786.0,27.0,8.052266839725815,12.332926520873876,False,0.0,,,,,,,15.0,150.0,OK,True,,QA-Base
alpha_sensitivity_ba_m2_N70_150,main_ba_m2,BA,2,BA attachment parameter m=2,150,7,DC-OSQA,qa_inhomo_all,qa_inhomo_all_raw_solutions.csv,DC-Offset(s=0.1),70.0,296.0,150049.0,694,694.0,302.0,9.43879185257826,28.330085540460185,False,9.606147934678098e-05,,,,,,,15.0,150.0,OK,True,0.1,DC-OSQA
alpha_sensitivity_ba_m2_N70_150,main_ba_m2,BA,2,BA attachment parameter m=2,150,7,DC-OSQA(s=0.05),qa_inhomo_all,qa_inhomo_all_raw_solutions.csv,DC-Offset(s=0.05),70.0,296.0,150049.0,354,354.0,117.0,8.467605550082995,24.876650501752533,False,0.0001694915254237,,,,,,,15.0,150.0,OK,True,0.05,DC-OSQA
alpha_sensitivity_ba_m2_N70_150,main_ba_m2,BA,2,BA attachment parameter m=2,150,7,DC-OSQA(s=0.2),qa_inhomo_all,qa_inhomo_all_raw_solutions.csv,DC-Offset(s=0.2),70.0,296.0,150049.0,872,872.0,385.0,9.768184324776929,26.70238258250033,False,8.409785932721628e-05,,,,,,,15.0,150.0,OK,True,0.2,DC-OSQA
alpha_sensitivity_ba_m2_N70_150,main_ba_m2,BA,2,BA attachment parameter m=2,150,7,QA-Base,qa_base_ba_main,qa_base_ba_main_raw_solutions.csv,QA-Base,70.0,296.0,,66,66.0,24.0,6.044394119358453,20.75524475524475,False,0.0001010101010101,,,,,,,15.0,150.0,OK,True,,QA-Base
alpha_sensitivity_ba_m2_N70_150,main_ba_m2,BA,2,BA attachment parameter m=2,150,8,DC-OSQA,qa_inhomo_all,qa_inhomo_all_raw_solutions.csv,DC-Offset(s=0.1),67.0,296.0,150050.0,954,955.0,342.0,9.897262682085415,25.156801538119712,False,0.0,,,,,,,15.0,150.0,OK,True,0.1,DC-OSQA
alpha_sensitivity_ba_m2_N70_150,main_ba_m2,BA,2,BA attachment parameter m=2,150,8,DC-OSQA(s=0.05),qa_inhomo_all,qa_inhomo_all_raw_solutions.csv,DC-Offset(s=0.05),67.0,296.0,150050.0,927,936.0,217.0,9.851133950352631,20.142981959501498,False,0.0,,,,,,,15.0,150.0,OK,True,0.05,DC-OSQA
alpha_sensitivity_ba_m2_N70_150,main_ba_m2,BA,2,BA attachment parameter m=2,150,8,DC-OSQA(s=0.2),qa_inhomo_all,qa_inhomo_all_raw_solutions.csv,DC-Offset(s=0.2),67.0,296.0,150050.0,215,231.0,33.0,7.713220902887918,14.109280591175832,False,0.0,,,,,,,15.0,150.0,OK,True,0.2,DC-OSQA
alpha_sensitivity_ba_m2_N70_150,main_ba_m2,BA,2,BA attachment parameter m=2,150,8,QA-Base,qa_base_ba_main,qa_base_ba_main_raw_solutions.csv,QA-Base,67.0,296.0,,806,884.0,90.0,9.592021885753343,15.349222446557649,False,0.0,,,,,,,15.0,150.0,OK,True,,QA-Base
alpha_sensitivity_ba_m2_N70_150,main_ba_m2,BA,2,BA attachment parameter m=2,150,9,DC-OSQA,qa_inhomo_all,qa_inhomo_all_raw_solutions.csv,DC-Offset(s=0.1),65.0,296.0,150051.0,458,462.0,80.0,8.83443302410004,16.601511662350816,False,1.4556040756913977e-05,,,,,,,15.0,150.0,OK,True,0.1,DC-OSQA
alpha_sensitivity_ba_m2_N70_150,main_ba_m2,BA,2,BA attachment parameter m=2,150,9,DC-OSQA(s=0.05),qa_inhomo_all,qa_inhomo_all_raw_solutions.csv,DC-Offset(s=0.05),65.0,296.0,150051.0,249,250.0,46.0,7.957784284662088,16.916439953361834,False,0.0,,,,,,,15.0,150.0,OK,True,0.05,DC-OSQA
alpha_sensitivity_ba_m2_N70_150,main_ba_m2,BA,2,BA attachment parameter m=2,150,9,DC-OSQA(s=0.2),qa_inhomo_all,qa_inhomo_all_raw_solutions.csv,DC-Offset(s=0.2),65.0,296.0,150051.0,44,44.0,7.0,5.459431618637296,11.712473572938691,False,0.0,,,,,,,15.0,150.0,OK,True,0.2,DC-OSQA
alpha_sensitivity_ba_m2_N70_150,main_ba_m2,BA,2,BA attachment parameter m=2,150,9,QA-Base,qa_base_ba_main,qa_base_ba_main_raw_solutions.csv,QA-Base,65.0,296.0,,7,7.0,2.0,2.807354922057604,9.714285714285714,False,0.0,,,,,,,15.0,150.0,OK,True,,QA-Base
alpha_sensitivity_ba_m2_N70_150,main_ba_m2,BA,2,BA attachment parameter m=2,150,10,DC-OSQA,qa_inhomo_all,qa_inhomo_all_raw_solutions.csv,DC-Offset(s=0.1),61.0,296.0,150052.0,638,689.0,58.0,9.274129893304451,14.9672888687667,False,0.0,,,,,,,15.0,150.0,OK,True,0.1,DC-OSQA
alpha_sensitivity_ba_m2_N70_150,main_ba_m2,BA,2,BA attachment parameter m=2,150,10,QA-Base,qa_base_ba_main,qa_base_ba_main_raw_solutions.csv,QA-Base,61.0,296.0,,167,242.0,12.0,7.096413574146501,13.110742370680326,False,0.0,,,,,,,15.0,150.0,OK,True,,QA-Base
alpha_sensitivity_ba_m2_N70_150,main_ba_m2,BA,2,BA attachment parameter m=2,150,11,DC-OSQA,qa_inhomo_all,qa_inhomo_all_raw_solutions.csv,DC-Offset(s=0.1),62.0,296.0,150053.0,834,878.0,93.0,9.674410216085867,14.885844985476204,False,0.0,,,,,,,15.0,150.0,OK,True,0.1,DC-OSQA
alpha_sensitivity_ba_m2_N70_150,main_ba_m2,BA,2,BA attachment parameter m=2,150,11,QA-Base,qa_base_ba_main,qa_base_ba_main_raw_solutions.csv,QA-Base,62.0,296.0,,18,18.0,4.0,4.169925001442312,10.797385620915032,False,0.0,,,,,,,15.0,150.0,OK,True,,QA-Base
alpha_sensitivity_ba_m2_N70_150,main_ba_m2,BA,2,BA attachment parameter m=2,150,12,DC-OSQA,qa_inhomo_all,qa_inhomo_all_raw_solutions.csv,DC-Offset(s=0.1),69.0,296.0,150054.0,67,67.0,20.0,6.066089190457772,16.499321573948443,False,0.0,,,,,,,15.0,150.0,OK,True,0.1,DC-OSQA
alpha_sensitivity_ba_m2_N70_150,main_ba_m2,BA,2,BA attachment parameter m=2,150,12,QA-Base,qa_base_ba_main,qa_base_ba_main_raw_solutions.csv,QA-Base,69.0,296.0,,9,9.0,2.0,3.169925001442312,9.555555555555555,False,0.0,,,,,,,15.0,150.0,OK,True,,QA-Base
alpha_sensitivity_ba_m2_N70_150,main_ba_m2,BA,2,BA attachment parameter m=2,150,13,DC-OSQA,qa_inhomo_all,qa_inhomo_all_raw_solutions.csv,DC-Offset(s=0.1),66.0,296.0,150055.0,420,468.0,36.0,8.652897972765421,12.752017274690305,False,0.0,,,,,,,15.0,150.0,OK,True,0.1,DC-OSQA
alpha_sensitivity_ba_m2_N70_150,main_ba_m2,BA,2,BA attachment parameter m=2,150,13,QA-Base,qa_base_ba_main,qa_base_ba_main_raw_solutions.csv,QA-Base,66.0,296.0,,5,5.0,1.0,2.321928094887362,10.8,False,0.0,,,,,,,15.0,150.0,OK,True,,QA-Base
alpha_sensitivity_ba_m2_N70_150,main_ba_m2,BA,2,BA attachment parameter m=2,150,14,DC-OSQA,qa_inhomo_all,qa_inhomo_all_raw_solutions.csv,DC-Offset(s=0.1),60.0,296.0,150056.0,808,890.0,59.0,9.606903730897786,13.55808090102691,False,0.0,,,,,,,15.0,150.0,OK,True,0.1,DC-OSQA
alpha_sensitivity_ba_m2_N70_150,main_ba_m2,BA,2,BA attachment parameter m=2,150,14,QA-Base,qa_base_ba_main,qa_base_ba_main_raw_solutions.csv,QA-Base,60.0,296.0,,403,667.0,26.0,8.290207621890112,11.33602459168179,False,0.0,,,,,,,15.0,150.0,OK,True,,QA-Base
alpha_sensitivity_ba_m2_N70_150,main_ba_m2,BA,2,BA attachment parameter m=2,150,15,DC-OSQA,qa_inhomo_all,qa_inhomo_all_raw_solutions.csv,DC-Offset(s=0.1),66.0,296.0,150057.0,148,148.0,45.0,7.209453365628952,18.425997425997423,False,0.0,,,,,,,15.0,150.0,OK,True,0.1,DC-OSQA
alpha_sensitivity_ba_m2_N70_150,main_ba_m2,BA,2,BA attachment parameter m=2,150,15,QA-Base,qa_base_ba_main,qa_base_ba_main_raw_solutions.csv,QA-Base,66.0,296.0,,0,0.0,0.0,0.0,0.0,True,,,,,,,,,,ZERO_YIELD,True,,QA-Base
alpha_sensitivity_ba_m2_N70_150,main_ba_m2,BA,2,BA attachment parameter m=2,150,16,DC-OSQA,qa_inhomo_all,qa_inhomo_all_raw_solutions.csv,DC-Offset(s=0.1),67.0,296.0,150058.0,731,731.0,185.0,9.513727595952435,21.342997957386206,False,0.0008390332877336,,,,,,,15.0,150.0,OK,True,0.1,DC-OSQA
alpha_sensitivity_ba_m2_N70_150,main_ba_m2,BA,2,BA attachment parameter m=2,150,16,QA-Base,qa_base_ba_main,qa_base_ba_main_raw_solutions.csv,QA-Base,67.0,296.0,,280,429.0,20.0,7.665772495296131,12.953251408090118,False,0.0007142857142857,,,,,,,15.0,150.0,OK,True,,QA-Base
alpha_sensitivity_ba_m2_N70_150,main_ba_m2,BA,2,BA attachment parameter m=2,150,17,DC-OSQA,qa_inhomo_all,qa_inhomo_all_raw_solutions.csv,DC-Offset(s=0.1),65.0,296.0,150059.0,254,351.0,19.0,7.779266020921401,12.943014534250413,False,0.0141994750656167,,,,,,,15.0,150.0,OK,True,0.1,DC-OSQA
alpha_sensitivity_ba_m2_N70_150,main_ba_m2,BA,2,BA attachment parameter m=2,150,17,QA-Base,qa_base_ba_main,qa_base_ba_main_raw_solutions.csv,QA-Base,65.0,296.0,,211,365.0,15.0,7.249719202253862,12.674520424283456,False,0.0134281200631911,,,,,,,15.0,150.0,OK,True,,QA-Base
alpha_sensitivity_ba_m2_N70_150,main_ba_m2,BA,2,BA attachment parameter m=2,150,18,DC-OSQA,qa_inhomo_all,qa_inhomo_all_raw_solutions.csv,DC-Offset(s=0.1),68.0,296.0,150060.0,246,334.0,20.0,7.705134056092508,13.85279575244732,False,0.0024390243902438,,,,,,,15.0,150.0,OK,True,0.1,DC-OSQA
alpha_sensitivity_ba_m2_N70_150,main_ba_m2,BA,2,BA attachment parameter m=2,150,18,QA-Base,qa_base_ba_main,qa_base_ba_main_raw_solutions.csv,QA-Base,68.0,296.0,,116,772.0,4.0,5.118876680777616,8.13223388305847,False,0.0,,,,,,,15.0,150.0,OK,True,,QA-Base
alpha_sensitivity_ba_m2_N70_150,main_ba_m2,BA,2,BA attachment parameter m=2,150,19,DC-OSQA,qa_inhomo_all,qa_inhomo_all_raw_solutions.csv,DC-Offset(s=0.1),62.0,296.0,150061.0,968,969.0,286.0,9.918288871926949,22.55877426136897,False,0.0,,,,,,,15.0,150.0,OK,True,0.1,DC-OSQA
alpha_sensitivity_ba_m2_N70_150,main_ba_m2,BA,2,BA attachment parameter m=2,150,19,QA-Base,qa_base_ba_main,qa_base_ba_main_raw_solutions.csv,QA-Base,62.0,296.0,,572,742.0,49.0,8.896307938175813,12.433958335884782,False,0.0,,,,,,,15.0,150.0,OK,True,,QA-Base
