analysis_scope,graph_family_id,graph_model,graph_m,graph_m_semantics,N,instance,solver_canonical,source_dataset,source_file,solver_raw,K_exact,Edges,Graph_Seed,Unique_strict,Strict_occurrences,Families_complete_linkage,zero_yield,chain_break_mean,chain_break_max,Num_Reads,Reads_Per_Call,Budget_Chunks,Embedding_Source,Embedding_Status,family_threshold,bitstring_len,compute_status
n200_extension_ba_m2,n200_ba_m2,BA,2.0,BA attachment parameter m=2; N=200 extension graph family,200,0,QA-Base,qa_base_repr_n200,data/raw_experiments/qa_base_repr_n200/raw_solutions.csv,QA-Base,87.0,396.0,200042.0,0,0.0,0,False,,,1000.0,1000.0,1.0,,,20.0,200,ZERO_YIELD
n200_extension_ba_m2,n200_ba_m2,BA,2.0,BA attachment parameter m=2; N=200 extension graph family,200,1,QA-Base,qa_base_repr_n200,data/raw_experiments/qa_base_repr_n200/raw_solutions.csv,QA-Base,91.0,396.0,200043.0,757,801.0,57,False,0.0050726552179656,0.01,1000.0,1000.0,1.0,embeddings/embedding_repr_r3_N200_inst01.csv,cached,20.0,200,OK
n200_extension_ba_m2,n200_ba_m2,BA,2.0,BA attachment parameter m=2; N=200 extension graph family,200,2,QA-Base,qa_base_repr_n200,data/raw_experiments/qa_base_repr_n200/raw_solutions.csv,QA-Base,90.0,396.0,200044.0,394,426.0,27,False,0.0,0.0,1000.0,1000.0,1.0,embeddings/embedding_repr_r3_N200_inst02.csv,cached,20.0,200,OK
n200_extension_ba_m2,n200_ba_m2,BA,2.0,BA attachment parameter m=2; N=200 extension graph family,200,3,QA-Base,qa_base_repr_n200,data/raw_experiments/qa_base_repr_n200/raw_solutions.csv,QA-Base,82.0,396.0,200045.0,743,768.0,53,False,0.0,0.0,1000.0,1000.0,1.0,embeddings/embedding_repr_r3_N200_inst03.csv,cached,20.0,200,OK
n200_extension_ba_m2,n200_ba_m2,BA,2.0,BA attachment parameter m=2; N=200 extension graph family,200,4,QA-Base,qa_base_repr_n200,data/raw_experiments/qa_base_repr_n200/raw_solutions.csv,QA-Base,91.0,396.0,200046.0,519,528.0,67,False,0.0021483622350674,0.005,1000.0,1000.0,1.0,embeddings/embedding_repr_r3_N200_inst04.csv,cached,20.0,200,OK
n200_extension_ba_m2,n200_ba_m2,BA,2.0,BA attachment parameter m=2; N=200 extension graph family,200,5,QA-Base,qa_base_repr_n200,data/raw_experiments/qa_base_repr_n200/raw_solutions.csv,QA-Base,91.0,396.0,200047.0,25,25.0,2,False,0.0,0.0,1000.0,1000.0,1.0,embeddings/embedding_repr_r3_N200_inst05.csv,cached,20.0,200,OK
n200_extension_ba_m2,n200_ba_m2,BA,2.0,BA attachment parameter m=2; N=200 extension graph family,200,6,QA-Base,qa_base_repr_n200,data/raw_experiments/qa_base_repr_n200/raw_solutions.csv,QA-Base,85.0,396.0,200048.0,129,251.0,5,False,0.0,0.0,1000.0,1000.0,1.0,embeddings/embedding_repr_r3_N200_inst06.csv,cached,20.0,200,OK
n200_extension_ba_m2,n200_ba_m2,BA,2.0,BA attachment parameter m=2; N=200 extension graph family,200,7,QA-Base,qa_base_repr_n200,data/raw_experiments/qa_base_repr_n200/raw_solutions.csv,QA-Base,85.0,396.0,200049.0,18,23.0,1,False,0.0,0.0,1000.0,1000.0,1.0,embeddings/embedding_repr_r3_N200_inst07.csv,cached,20.0,200,OK
n200_extension_ba_m2,n200_ba_m2,BA,2.0,BA attachment parameter m=2; N=200 extension graph family,200,8,QA-Base,qa_base_repr_n200,data/raw_experiments/qa_base_repr_n200/raw_solutions.csv,QA-Base,88.0,396.0,200050.0,3,3.0,2,False,0.0,0.0,1000.0,1000.0,1.0,embeddings/embedding_repr_r3_N200_inst08.csv,cached,20.0,200,OK
n200_extension_ba_m2,n200_ba_m2,BA,2.0,BA attachment parameter m=2; N=200 extension graph family,200,9,QA-Base,qa_base_repr_n200,data/raw_experiments/qa_base_repr_n200/raw_solutions.csv,QA-Base,87.0,396.0,200051.0,0,0.0,0,False,,,1000.0,1000.0,1.0,,,20.0,200,ZERO_YIELD
n200_extension_ba_m2,n200_ba_m2,BA,2.0,BA attachment parameter m=2; N=200 extension graph family,200,10,QA-Base,qa_base_repr_n200,data/raw_experiments/qa_base_repr_n200/raw_solutions.csv,QA-Base,80.0,396.0,200052.0,80,103.0,2,False,0.0,0.0,1000.0,1000.0,1.0,embeddings/embedding_repr_r3_N200_inst10.csv,cached,20.0,200,OK
n200_extension_ba_m2,n200_ba_m2,BA,2.0,BA attachment parameter m=2; N=200 extension graph family,200,11,QA-Base,qa_base_repr_n200,data/raw_experiments/qa_base_repr_n200/raw_solutions.csv,QA-Base,88.0,396.0,200053.0,0,0.0,0,False,,,1000.0,1000.0,1.0,,,20.0,200,ZERO_YIELD
n200_extension_ba_m2,n200_ba_m2,BA,2.0,BA attachment parameter m=2; N=200 extension graph family,200,12,QA-Base,qa_base_repr_n200,data/raw_experiments/qa_base_repr_n200/raw_solutions.csv,QA-Base,83.0,396.0,200054.0,28,28.0,2,False,0.0,0.0,1000.0,1000.0,1.0,embeddings/embedding_repr_r3_N200_inst12.csv,cached,20.0,200,OK
n200_extension_ba_m2,n200_ba_m2,BA,2.0,BA attachment parameter m=2; N=200 extension graph family,200,13,QA-Base,qa_base_repr_n200,data/raw_experiments/qa_base_repr_n200/raw_solutions.csv,QA-Base,89.0,396.0,200055.0,365,374.0,25,False,1.3698630136986302e-05,0.005,1000.0,1000.0,1.0,embeddings/embedding_repr_r3_N200_inst13.csv,cached,20.0,200,OK
n200_extension_ba_m2,n200_ba_m2,BA,2.0,BA attachment parameter m=2; N=200 extension graph family,200,14,QA-Base,qa_base_repr_n200,data/raw_experiments/qa_base_repr_n200/raw_solutions.csv,QA-Base,81.0,396.0,200056.0,773,845.0,32,False,0.0,0.0,1000.0,1000.0,1.0,embeddings/embedding_repr_r3_N200_inst14.csv,cached,20.0,200,OK
n200_extension_ba_m2,n200_ba_m2,BA,2.0,BA attachment parameter m=2; N=200 extension graph family,200,15,QA-Base,qa_base_repr_n200,data/raw_experiments/qa_base_repr_n200/raw_solutions.csv,QA-Base,87.0,396.0,200057.0,30,30.0,10,False,0.0,0.0,1000.0,1000.0,1.0,embeddings/embedding_repr_r3_N200_inst15.csv,cached,20.0,200,OK
n200_extension_ba_m2,n200_ba_m2,BA,2.0,BA attachment parameter m=2; N=200 extension graph family,200,16,QA-Base,qa_base_repr_n200,data/raw_experiments/qa_base_repr_n200/raw_solutions.csv,QA-Base,87.0,396.0,200058.0,133,169.0,5,False,3.759398496240601e-05,0.005,1000.0,1000.0,1.0,embeddings/embedding_repr_r3_N200_inst16.csv,cached,20.0,200,OK
n200_extension_ba_m2,n200_ba_m2,BA,2.0,BA attachment parameter m=2; N=200 extension graph family,200,17,QA-Base,qa_base_repr_n200,data/raw_experiments/qa_base_repr_n200/raw_solutions.csv,QA-Base,87.0,396.0,200059.0,551,609.0,27,False,0.0,0.0,1000.0,1000.0,1.0,embeddings/embedding_repr_r3_N200_inst17.csv,cached,20.0,200,OK
n200_extension_ba_m2,n200_ba_m2,BA,2.0,BA attachment parameter m=2; N=200 extension graph family,200,18,QA-Base,qa_base_repr_n200,data/raw_experiments/qa_base_repr_n200/raw_solutions.csv,QA-Base,82.0,396.0,200060.0,261,319.0,10,False,0.0,0.0,1000.0,1000.0,1.0,embeddings/embedding_repr_r3_N200_inst18.csv,cached,20.0,200,OK
n200_extension_ba_m2,n200_ba_m2,BA,2.0,BA attachment parameter m=2; N=200 extension graph family,200,19,QA-Base,qa_base_repr_n200,data/raw_experiments/qa_base_repr_n200/raw_solutions.csv,QA-Base,82.0,396.0,200061.0,456,510.0,15,False,0.0,0.0,1000.0,1000.0,1.0,embeddings/embedding_repr_r3_N200_inst19.csv,cached,20.0,200,OK
