analysis_scope,graph_family_id,graph_model,graph_m,graph_m_semantics,N,instance,solver_canonical,source_dataset,source_file,solver_raw,K_exact,Edges,Graph_Seed,Unique_strict,Strict_occurrences,Families_complete_linkage,Entropy_strict,MeanPairwiseHamming_strict,zero_yield,chain_break_mean,chain_break_max,Num_Reads,Reads_Per_Call,Budget_Chunks,Embedding_Source,Embedding_Status,family_threshold,bitstring_len,compute_status,unique_match
n200_extension_ba_m2,n200_ba_m2,BA,2.0,BA attachment parameter m=2; N=200 extension,200,0,BC-OSQA,qa_repr_n200_pilot,qa_repr_n200_pilot_raw_solutions.csv,BC-Offset(s=0.1),87.0,396.0,200042.0,33,36.0,2.0,5.003258334775644,10.87121212121212,0,0.0,,,,,,,20.0,200.0,OK,True
n200_extension_ba_m2,n200_ba_m2,BA,2.0,BA attachment parameter m=2; N=200 extension,200,1,BC-OSQA,qa_repr_n200_pilot,qa_repr_n200_pilot_raw_solutions.csv,BC-Offset(s=0.1),91.0,396.0,200043.0,139,139.0,49.0,7.1189410727235085,25.93306224585549,0,0.01,,,,,,,20.0,200.0,OK,True
n200_extension_ba_m2,n200_ba_m2,BA,2.0,BA attachment parameter m=2; N=200 extension,200,2,BC-OSQA,qa_repr_n200_pilot,qa_repr_n200_pilot_raw_solutions.csv,BC-Offset(s=0.1),90.0,396.0,200044.0,896,896.0,190.0,9.8073549220576,25.81914904229848,0,5.580357142857143e-06,,,,,,,20.0,200.0,OK,True
n200_extension_ba_m2,n200_ba_m2,BA,2.0,BA attachment parameter m=2; N=200 extension,200,3,BC-OSQA,qa_repr_n200_pilot,qa_repr_n200_pilot_raw_solutions.csv,BC-Offset(s=0.1),82.0,396.0,200045.0,640,642.0,70.0,9.320198957527287,20.305232785602502,0,0.0,,,,,,,20.0,200.0,OK,True
n200_extension_ba_m2,n200_ba_m2,BA,2.0,BA attachment parameter m=2; N=200 extension,200,4,BC-OSQA,qa_repr_n200_pilot,qa_repr_n200_pilot_raw_solutions.csv,BC-Offset(s=0.1),91.0,396.0,200046.0,22,22.0,12.0,4.459431618637296,26.05194805194805,0,0.0013636363636363,,,,,,,20.0,200.0,OK,True
n200_extension_ba_m2,n200_ba_m2,BA,2.0,BA attachment parameter m=2; N=200 extension,200,5,BC-OSQA,qa_repr_n200_extra,qa_repr_n200_extra_raw_solutions.csv,BC-Offset(s=0.1),91.0,396.0,200047.0,0,0.0,0.0,0.0,0.0,1,,,,,,,,,,ZERO_YIELD,True
n200_extension_ba_m2,n200_ba_m2,BA,2.0,BA attachment parameter m=2; N=200 extension,200,6,BC-OSQA,qa_repr_n200_extra,qa_repr_n200_extra_raw_solutions.csv,BC-Offset(s=0.1),85.0,396.0,200048.0,135,136.0,15.0,7.072756958897399,15.658153676064126,0,0.0,,,,,,,20.0,200.0,OK,True
n200_extension_ba_m2,n200_ba_m2,BA,2.0,BA attachment parameter m=2; N=200 extension,200,7,BC-OSQA,qa_repr_n200_extra,qa_repr_n200_extra_raw_solutions.csv,BC-Offset(s=0.1),85.0,396.0,200049.0,25,25.0,1.0,4.643856189774724,10.466666666666663,0,0.0,,,,,,,20.0,200.0,OK,True
n200_extension_ba_m2,n200_ba_m2,BA,2.0,BA attachment parameter m=2; N=200 extension,200,8,BC-OSQA,qa_repr_n200_extra,qa_repr_n200_extra_raw_solutions.csv,BC-Offset(s=0.1),88.0,396.0,200050.0,11,11.0,5.0,3.4594316186372978,22.763636363636365,0,0.0,,,,,,,20.0,200.0,OK,True
n200_extension_ba_m2,n200_ba_m2,BA,2.0,BA attachment parameter m=2; N=200 extension,200,9,BC-OSQA,qa_repr_n200_extra,qa_repr_n200_extra_raw_solutions.csv,BC-Offset(s=0.1),87.0,396.0,200051.0,4,4.0,2.0,2.0,16.666666666666664,0,0.005,,,,,,,20.0,200.0,OK,True
n200_extension_ba_m2,n200_ba_m2,BA,2.0,BA attachment parameter m=2; N=200 extension,200,10,BC-OSQA,qa_repr_n200_extra,qa_repr_n200_extra_raw_solutions.csv,BC-Offset(s=0.1),80.0,396.0,200052.0,791,801.0,57.0,9.620689643394975,19.031650370465204,0,0.0,,,,,,,20.0,200.0,OK,True
n200_extension_ba_m2,n200_ba_m2,BA,2.0,BA attachment parameter m=2; N=200 extension,200,11,BC-OSQA,qa_repr_n200_extra,qa_repr_n200_extra_raw_solutions.csv,BC-Offset(s=0.1),88.0,396.0,200053.0,2,2.0,1.0,1.0,20.0,0,0.0,,,,,,,20.0,200.0,OK,True
n200_extension_ba_m2,n200_ba_m2,BA,2.0,BA attachment parameter m=2; N=200 extension,200,12,BC-OSQA,qa_repr_n200_extra,qa_repr_n200_extra_raw_solutions.csv,BC-Offset(s=0.1),83.0,396.0,200054.0,212,216.0,17.0,7.717850465126429,15.329607439864082,0,0.0,,,,,,,20.0,200.0,OK,True
n200_extension_ba_m2,n200_ba_m2,BA,2.0,BA attachment parameter m=2; N=200 extension,200,13,BC-OSQA,qa_repr_n200_extra,qa_repr_n200_extra_raw_solutions.csv,BC-Offset(s=0.1),89.0,396.0,200055.0,717,724.0,75.0,9.480508870508618,19.37816631993953,0,6.97350069735007e-06,,,,,,,20.0,200.0,OK,True
n200_extension_ba_m2,n200_ba_m2,BA,2.0,BA attachment parameter m=2; N=200 extension,200,14,BC-OSQA,qa_repr_n200_extra,qa_repr_n200_extra_raw_solutions.csv,BC-Offset(s=0.1),81.0,396.0,200056.0,799,802.0,107.0,9.639977129696812,22.034585838814813,0,0.0,,,,,,,20.0,200.0,OK,True
n200_extension_ba_m2,n200_ba_m2,BA,2.0,BA attachment parameter m=2; N=200 extension,200,15,BC-OSQA,qa_repr_n200_extra,qa_repr_n200_extra_raw_solutions.csv,BC-Offset(s=0.1),87.0,396.0,200057.0,411,411.0,122.0,8.682994583681683,27.14787252982019,0,0.0,,,,,,,20.0,200.0,OK,True
n200_extension_ba_m2,n200_ba_m2,BA,2.0,BA attachment parameter m=2; N=200 extension,200,16,BC-OSQA,qa_repr_n200_extra,qa_repr_n200_extra_raw_solutions.csv,BC-Offset(s=0.1),87.0,396.0,200058.0,119,132.0,8.0,6.83227290723724,14.092009685230025,0,0.0022899159663865,,,,,,,20.0,200.0,OK,True
n200_extension_ba_m2,n200_ba_m2,BA,2.0,BA attachment parameter m=2; N=200 extension,200,17,BC-OSQA,qa_repr_n200_extra,qa_repr_n200_extra_raw_solutions.csv,BC-Offset(s=0.1),87.0,396.0,200059.0,516,520.0,51.0,9.006983197643837,18.5785655151652,0,0.0,,,,,,,20.0,200.0,OK,True
n200_extension_ba_m2,n200_ba_m2,BA,2.0,BA attachment parameter m=2; N=200 extension,200,18,BC-OSQA,qa_repr_n200_extra,qa_repr_n200_extra_raw_solutions.csv,BC-Offset(s=0.1),82.0,396.0,200060.0,560,578.0,31.0,9.111335911735694,16.30094556606185,0,0.0,,,,,,,20.0,200.0,OK,True
n200_extension_ba_m2,n200_ba_m2,BA,2.0,BA attachment parameter m=2; N=200 extension,200,19,BC-OSQA,qa_repr_n200_extra,qa_repr_n200_extra_raw_solutions.csv,BC-Offset(s=0.1),82.0,396.0,200061.0,620,652.0,34.0,9.242716780797393,17.436656417739332,0,4.032258064516129e-05,,,,,,,20.0,200.0,OK,True
n200_extension_ba_m2,n200_ba_m2,BA,2.0,BA attachment parameter m=2; N=200 extension,200,0,DC-OSQA,qa_repr_n200_pilot,qa_repr_n200_pilot_raw_solutions.csv,DC-Offset(s=0.1),87.0,396.0,200042.0,41,43.0,3.0,5.315685975582017,11.58048780487805,0,0.0,,,,,,,20.0,200.0,OK,True
n200_extension_ba_m2,n200_ba_m2,BA,2.0,BA attachment parameter m=2; N=200 extension,200,1,DC-OSQA,qa_repr_n200_pilot,qa_repr_n200_pilot_raw_solutions.csv,DC-Offset(s=0.1),91.0,396.0,200043.0,261,261.0,80.0,8.027905996569883,25.77530209254348,0,0.0081800766283524,,,,,,,20.0,200.0,OK,True
n200_extension_ba_m2,n200_ba_m2,BA,2.0,BA attachment parameter m=2; N=200 extension,200,2,DC-OSQA,qa_repr_n200_pilot,qa_repr_n200_pilot_raw_solutions.csv,DC-Offset(s=0.1),90.0,396.0,200044.0,933,933.0,201.0,9.86573327085176,25.78940056764601,0,1.0718113612004288e-05,,,,,,,20.0,200.0,OK,True
n200_extension_ba_m2,n200_ba_m2,BA,2.0,BA attachment parameter m=2; N=200 extension,200,3,DC-OSQA,qa_repr_n200_pilot,qa_repr_n200_pilot_raw_solutions.csv,DC-Offset(s=0.1),82.0,396.0,200045.0,520,520.0,83.0,9.022367813028453,23.22902030532089,0,0.0,,,,,,,20.0,200.0,OK,True
n200_extension_ba_m2,n200_ba_m2,BA,2.0,BA attachment parameter m=2; N=200 extension,200,4,DC-OSQA,qa_repr_n200_pilot,qa_repr_n200_pilot_raw_solutions.csv,DC-Offset(s=0.1),91.0,396.0,200046.0,56,56.0,26.0,5.807354922057605,26.22077922077922,0,0.0011607142857142,,,,,,,20.0,200.0,OK,True
n200_extension_ba_m2,n200_ba_m2,BA,2.0,BA attachment parameter m=2; N=200 extension,200,5,DC-OSQA,qa_repr_n200_extra,qa_repr_n200_extra_raw_solutions.csv,DC-Offset(s=0.1),91.0,396.0,200047.0,0,0.0,0.0,0.0,0.0,1,,,,,,,,,,ZERO_YIELD,True
n200_extension_ba_m2,n200_ba_m2,BA,2.0,BA attachment parameter m=2; N=200 extension,200,6,DC-OSQA,qa_repr_n200_extra,qa_repr_n200_extra_raw_solutions.csv,DC-Offset(s=0.1),85.0,396.0,200048.0,179,181.0,20.0,7.4777464395693904,16.904400225974516,0,0.0,,,,,,,20.0,200.0,OK,True
n200_extension_ba_m2,n200_ba_m2,BA,2.0,BA attachment parameter m=2; N=200 extension,200,7,DC-OSQA,qa_repr_n200_extra,qa_repr_n200_extra_raw_solutions.csv,DC-Offset(s=0.1),85.0,396.0,200049.0,26,26.0,3.0,4.700439718141092,12.061538461538465,0,0.0,,,,,,,20.0,200.0,OK,True
n200_extension_ba_m2,n200_ba_m2,BA,2.0,BA attachment parameter m=2; N=200 extension,200,8,DC-OSQA,qa_repr_n200_extra,qa_repr_n200_extra_raw_solutions.csv,DC-Offset(s=0.1),88.0,396.0,200050.0,16,16.0,8.0,4.0,23.766666666666666,0,0.0,,,,,,,20.0,200.0,OK,True
n200_extension_ba_m2,n200_ba_m2,BA,2.0,BA attachment parameter m=2; N=200 extension,200,9,DC-OSQA,qa_repr_n200_extra,qa_repr_n200_extra_raw_solutions.csv,DC-Offset(s=0.1),87.0,396.0,200051.0,10,10.0,7.0,3.321928094887362,24.57777777777778,0,0.005,,,,,,,20.0,200.0,OK,True
n200_extension_ba_m2,n200_ba_m2,BA,2.0,BA attachment parameter m=2; N=200 extension,200,10,DC-OSQA,qa_repr_n200_extra,qa_repr_n200_extra_raw_solutions.csv,DC-Offset(s=0.1),80.0,396.0,200052.0,817,820.0,88.0,9.672163026334712,21.295917632658945,0,0.0,,,,,,,20.0,200.0,OK,True
n200_extension_ba_m2,n200_ba_m2,BA,2.0,BA attachment parameter m=2; N=200 extension,200,11,DC-OSQA,qa_repr_n200_extra,qa_repr_n200_extra_raw_solutions.csv,DC-Offset(s=0.1),88.0,396.0,200053.0,9,9.0,6.0,3.169925001442312,28.222222222222225,0,0.0,,,,,,,20.0,200.0,OK,True
n200_extension_ba_m2,n200_ba_m2,BA,2.0,BA attachment parameter m=2; N=200 extension,200,12,DC-OSQA,qa_repr_n200_extra,qa_repr_n200_extra_raw_solutions.csv,DC-Offset(s=0.1),83.0,396.0,200054.0,327,329.0,32.0,8.349785719023995,17.062118909588943,0,0.0,,,,,,,20.0,200.0,OK,True
n200_extension_ba_m2,n200_ba_m2,BA,2.0,BA attachment parameter m=2; N=200 extension,200,13,DC-OSQA,qa_repr_n200_extra,qa_repr_n200_extra_raw_solutions.csv,DC-Offset(s=0.1),89.0,396.0,200055.0,751,753.0,101.0,9.551193969678568,21.41686284953396,0,6.657789613848202e-06,,,,,,,20.0,200.0,OK,True
n200_extension_ba_m2,n200_ba_m2,BA,2.0,BA attachment parameter m=2; N=200 extension,200,14,DC-OSQA,qa_repr_n200_extra,qa_repr_n200_extra_raw_solutions.csv,DC-Offset(s=0.1),81.0,396.0,200056.0,866,866.0,168.0,9.758223214726724,24.394403876703738,0,0.0,,,,,,,20.0,200.0,OK,True
n200_extension_ba_m2,n200_ba_m2,BA,2.0,BA attachment parameter m=2; N=200 extension,200,15,DC-OSQA,qa_repr_n200_extra,qa_repr_n200_extra_raw_solutions.csv,DC-Offset(s=0.1),87.0,396.0,200057.0,700,700.0,205.0,9.451211111832327,27.75139178418149,0,0.0,,,,,,,20.0,200.0,OK,True
n200_extension_ba_m2,n200_ba_m2,BA,2.0,BA attachment parameter m=2; N=200 extension,200,16,DC-OSQA,qa_repr_n200_extra,qa_repr_n200_extra_raw_solutions.csv,DC-Offset(s=0.1),87.0,396.0,200058.0,170,187.0,6.0,7.342270596216565,14.230003480682216,0,0.0016764705882352,,,,,,,20.0,200.0,OK,True
n200_extension_ba_m2,n200_ba_m2,BA,2.0,BA attachment parameter m=2; N=200 extension,200,17,DC-OSQA,qa_repr_n200_extra,qa_repr_n200_extra_raw_solutions.csv,DC-Offset(s=0.1),87.0,396.0,200059.0,672,675.0,86.0,9.389854803049303,20.748527428855297,0,0.0,,,,,,,20.0,200.0,OK,True
n200_extension_ba_m2,n200_ba_m2,BA,2.0,BA attachment parameter m=2; N=200 extension,200,18,DC-OSQA,qa_repr_n200_extra,qa_repr_n200_extra_raw_solutions.csv,DC-Offset(s=0.1),82.0,396.0,200060.0,734,739.0,58.0,9.51589875441679,18.64701443435399,0,0.0,,,,,,,20.0,200.0,OK,True
n200_extension_ba_m2,n200_ba_m2,BA,2.0,BA attachment parameter m=2; N=200 extension,200,19,DC-OSQA,qa_repr_n200_extra,qa_repr_n200_extra_raw_solutions.csv,DC-Offset(s=0.1),82.0,396.0,200061.0,659,673.0,53.0,9.34637275705222,18.605845644363065,0,6.069802731411229e-05,,,,,,,20.0,200.0,OK,True
n200_extension_ba_m2,n200_ba_m2,BA,2.0,BA attachment parameter m=2; N=200 extension graph family,200,0,QA-Base,qa_base_repr_n200,data/raw_experiments/qa_base_repr_n200/raw_solutions.csv,QA-Base,87.0,396.0,200042.0,0,0.0,0.0,,,1,,,1000.0,1000.0,1.0,,,20.0,200.0,ZERO_YIELD,
n200_extension_ba_m2,n200_ba_m2,BA,2.0,BA attachment parameter m=2; N=200 extension graph family,200,1,QA-Base,qa_base_repr_n200,data/raw_experiments/qa_base_repr_n200/raw_solutions.csv,QA-Base,91.0,396.0,200043.0,757,801.0,57.0,,,0,0.0050726552179656,0.01,1000.0,1000.0,1.0,embeddings/embedding_repr_r3_N200_inst01.csv,cached,20.0,200.0,OK,
n200_extension_ba_m2,n200_ba_m2,BA,2.0,BA attachment parameter m=2; N=200 extension graph family,200,2,QA-Base,qa_base_repr_n200,data/raw_experiments/qa_base_repr_n200/raw_solutions.csv,QA-Base,90.0,396.0,200044.0,394,426.0,27.0,,,0,0.0,0.0,1000.0,1000.0,1.0,embeddings/embedding_repr_r3_N200_inst02.csv,cached,20.0,200.0,OK,
n200_extension_ba_m2,n200_ba_m2,BA,2.0,BA attachment parameter m=2; N=200 extension graph family,200,3,QA-Base,qa_base_repr_n200,data/raw_experiments/qa_base_repr_n200/raw_solutions.csv,QA-Base,82.0,396.0,200045.0,743,768.0,53.0,,,0,0.0,0.0,1000.0,1000.0,1.0,embeddings/embedding_repr_r3_N200_inst03.csv,cached,20.0,200.0,OK,
n200_extension_ba_m2,n200_ba_m2,BA,2.0,BA attachment parameter m=2; N=200 extension graph family,200,4,QA-Base,qa_base_repr_n200,data/raw_experiments/qa_base_repr_n200/raw_solutions.csv,QA-Base,91.0,396.0,200046.0,519,528.0,67.0,,,0,0.0021483622350674,0.005,1000.0,1000.0,1.0,embeddings/embedding_repr_r3_N200_inst04.csv,cached,20.0,200.0,OK,
n200_extension_ba_m2,n200_ba_m2,BA,2.0,BA attachment parameter m=2; N=200 extension graph family,200,5,QA-Base,qa_base_repr_n200,data/raw_experiments/qa_base_repr_n200/raw_solutions.csv,QA-Base,91.0,396.0,200047.0,25,25.0,2.0,,,0,0.0,0.0,1000.0,1000.0,1.0,embeddings/embedding_repr_r3_N200_inst05.csv,cached,20.0,200.0,OK,
n200_extension_ba_m2,n200_ba_m2,BA,2.0,BA attachment parameter m=2; N=200 extension graph family,200,6,QA-Base,qa_base_repr_n200,data/raw_experiments/qa_base_repr_n200/raw_solutions.csv,QA-Base,85.0,396.0,200048.0,129,251.0,5.0,,,0,0.0,0.0,1000.0,1000.0,1.0,embeddings/embedding_repr_r3_N200_inst06.csv,cached,20.0,200.0,OK,
n200_extension_ba_m2,n200_ba_m2,BA,2.0,BA attachment parameter m=2; N=200 extension graph family,200,7,QA-Base,qa_base_repr_n200,data/raw_experiments/qa_base_repr_n200/raw_solutions.csv,QA-Base,85.0,396.0,200049.0,18,23.0,1.0,,,0,0.0,0.0,1000.0,1000.0,1.0,embeddings/embedding_repr_r3_N200_inst07.csv,cached,20.0,200.0,OK,
n200_extension_ba_m2,n200_ba_m2,BA,2.0,BA attachment parameter m=2; N=200 extension graph family,200,8,QA-Base,qa_base_repr_n200,data/raw_experiments/qa_base_repr_n200/raw_solutions.csv,QA-Base,88.0,396.0,200050.0,3,3.0,2.0,,,0,0.0,0.0,1000.0,1000.0,1.0,embeddings/embedding_repr_r3_N200_inst08.csv,cached,20.0,200.0,OK,
n200_extension_ba_m2,n200_ba_m2,BA,2.0,BA attachment parameter m=2; N=200 extension graph family,200,9,QA-Base,qa_base_repr_n200,data/raw_experiments/qa_base_repr_n200/raw_solutions.csv,QA-Base,87.0,396.0,200051.0,0,0.0,0.0,,,1,,,1000.0,1000.0,1.0,,,20.0,200.0,ZERO_YIELD,
n200_extension_ba_m2,n200_ba_m2,BA,2.0,BA attachment parameter m=2; N=200 extension graph family,200,10,QA-Base,qa_base_repr_n200,data/raw_experiments/qa_base_repr_n200/raw_solutions.csv,QA-Base,80.0,396.0,200052.0,80,103.0,2.0,,,0,0.0,0.0,1000.0,1000.0,1.0,embeddings/embedding_repr_r3_N200_inst10.csv,cached,20.0,200.0,OK,
n200_extension_ba_m2,n200_ba_m2,BA,2.0,BA attachment parameter m=2; N=200 extension graph family,200,11,QA-Base,qa_base_repr_n200,data/raw_experiments/qa_base_repr_n200/raw_solutions.csv,QA-Base,88.0,396.0,200053.0,0,0.0,0.0,,,1,,,1000.0,1000.0,1.0,,,20.0,200.0,ZERO_YIELD,
n200_extension_ba_m2,n200_ba_m2,BA,2.0,BA attachment parameter m=2; N=200 extension graph family,200,12,QA-Base,qa_base_repr_n200,data/raw_experiments/qa_base_repr_n200/raw_solutions.csv,QA-Base,83.0,396.0,200054.0,28,28.0,2.0,,,0,0.0,0.0,1000.0,1000.0,1.0,embeddings/embedding_repr_r3_N200_inst12.csv,cached,20.0,200.0,OK,
n200_extension_ba_m2,n200_ba_m2,BA,2.0,BA attachment parameter m=2; N=200 extension graph family,200,13,QA-Base,qa_base_repr_n200,data/raw_experiments/qa_base_repr_n200/raw_solutions.csv,QA-Base,89.0,396.0,200055.0,365,374.0,25.0,,,0,1.3698630136986302e-05,0.005,1000.0,1000.0,1.0,embeddings/embedding_repr_r3_N200_inst13.csv,cached,20.0,200.0,OK,
n200_extension_ba_m2,n200_ba_m2,BA,2.0,BA attachment parameter m=2; N=200 extension graph family,200,14,QA-Base,qa_base_repr_n200,data/raw_experiments/qa_base_repr_n200/raw_solutions.csv,QA-Base,81.0,396.0,200056.0,773,845.0,32.0,,,0,0.0,0.0,1000.0,1000.0,1.0,embeddings/embedding_repr_r3_N200_inst14.csv,cached,20.0,200.0,OK,
n200_extension_ba_m2,n200_ba_m2,BA,2.0,BA attachment parameter m=2; N=200 extension graph family,200,15,QA-Base,qa_base_repr_n200,data/raw_experiments/qa_base_repr_n200/raw_solutions.csv,QA-Base,87.0,396.0,200057.0,30,30.0,10.0,,,0,0.0,0.0,1000.0,1000.0,1.0,embeddings/embedding_repr_r3_N200_inst15.csv,cached,20.0,200.0,OK,
n200_extension_ba_m2,n200_ba_m2,BA,2.0,BA attachment parameter m=2; N=200 extension graph family,200,16,QA-Base,qa_base_repr_n200,data/raw_experiments/qa_base_repr_n200/raw_solutions.csv,QA-Base,87.0,396.0,200058.0,133,169.0,5.0,,,0,3.759398496240601e-05,0.005,1000.0,1000.0,1.0,embeddings/embedding_repr_r3_N200_inst16.csv,cached,20.0,200.0,OK,
n200_extension_ba_m2,n200_ba_m2,BA,2.0,BA attachment parameter m=2; N=200 extension graph family,200,17,QA-Base,qa_base_repr_n200,data/raw_experiments/qa_base_repr_n200/raw_solutions.csv,QA-Base,87.0,396.0,200059.0,551,609.0,27.0,,,0,0.0,0.0,1000.0,1000.0,1.0,embeddings/embedding_repr_r3_N200_inst17.csv,cached,20.0,200.0,OK,
n200_extension_ba_m2,n200_ba_m2,BA,2.0,BA attachment parameter m=2; N=200 extension graph family,200,18,QA-Base,qa_base_repr_n200,data/raw_experiments/qa_base_repr_n200/raw_solutions.csv,QA-Base,82.0,396.0,200060.0,261,319.0,10.0,,,0,0.0,0.0,1000.0,1000.0,1.0,embeddings/embedding_repr_r3_N200_inst18.csv,cached,20.0,200.0,OK,
n200_extension_ba_m2,n200_ba_m2,BA,2.0,BA attachment parameter m=2; N=200 extension graph family,200,19,QA-Base,qa_base_repr_n200,data/raw_experiments/qa_base_repr_n200/raw_solutions.csv,QA-Base,82.0,396.0,200061.0,456,510.0,15.0,,,0,0.0,0.0,1000.0,1000.0,1.0,embeddings/embedding_repr_r3_N200_inst19.csv,cached,20.0,200.0,OK,
n200_extension_ba_m2,n200_ba_m2,BA,2.0,BA attachment parameter m=2; N=200 extension,200,0,SA-Max,sa_n200,sa_n200_raw_solutions.csv,SA-Max,87.0,396.0,200042.0,286,286.0,34.0,8.159871336778387,19.27915593178752,0,,,,,,,,20.0,200.0,OK,True
n200_extension_ba_m2,n200_ba_m2,BA,2.0,BA attachment parameter m=2; N=200 extension,200,1,SA-Max,sa_n200,sa_n200_raw_solutions.csv,SA-Max,91.0,396.0,200043.0,453,453.0,244.0,8.823367240046231,35.61190880853308,0,,,,,,,,20.0,200.0,OK,True
n200_extension_ba_m2,n200_ba_m2,BA,2.0,BA attachment parameter m=2; N=200 extension,200,2,SA-Max,sa_n200,sa_n200_raw_solutions.csv,SA-Max,90.0,396.0,200044.0,389,389.0,185.0,8.603626344986193,32.936421699838334,0,,,,,,,,20.0,200.0,OK,True
n200_extension_ba_m2,n200_ba_m2,BA,2.0,BA attachment parameter m=2; N=200 extension,200,3,SA-Max,sa_n200,sa_n200_raw_solutions.csv,SA-Max,82.0,396.0,200045.0,352,352.0,110.0,8.459431618637298,27.75916213416214,0,,,,,,,,20.0,200.0,OK,True
n200_extension_ba_m2,n200_ba_m2,BA,2.0,BA attachment parameter m=2; N=200 extension,200,4,SA-Max,sa_n200,sa_n200_raw_solutions.csv,SA-Max,91.0,396.0,200046.0,383,383.0,303.0,8.581200581924959,42.062417125750144,0,,,,,,,,20.0,200.0,OK,True
n200_extension_ba_m2,n200_ba_m2,BA,2.0,BA attachment parameter m=2; N=200 extension,200,5,SA-Max,sa_n200,sa_n200_raw_solutions.csv,SA-Max,91.0,396.0,200047.0,115,115.0,49.0,6.8454900509443775,28.59496567505721,0,,,,,,,,20.0,200.0,OK,True
n200_extension_ba_m2,n200_ba_m2,BA,2.0,BA attachment parameter m=2; N=200 extension,200,6,SA-Max,sa_n200,sa_n200_raw_solutions.csv,SA-Max,85.0,396.0,200048.0,328,328.0,93.0,8.357552004618086,28.84325352427836,0,,,,,,,,20.0,200.0,OK,True
n200_extension_ba_m2,n200_ba_m2,BA,2.0,BA attachment parameter m=2; N=200 extension,200,7,SA-Max,sa_n200,sa_n200_raw_solutions.csv,SA-Max,85.0,396.0,200049.0,257,257.0,32.0,8.005624549193877,18.402602140077825,0,,,,,,,,20.0,200.0,OK,True
n200_extension_ba_m2,n200_ba_m2,BA,2.0,BA attachment parameter m=2; N=200 extension,200,8,SA-Max,sa_n200,sa_n200_raw_solutions.csv,SA-Max,88.0,396.0,200050.0,356,356.0,148.0,8.4757334309664,30.613768001266024,0,,,,,,,,20.0,200.0,OK,True
n200_extension_ba_m2,n200_ba_m2,BA,2.0,BA attachment parameter m=2; N=200 extension,200,9,SA-Max,sa_n200,sa_n200_raw_solutions.csv,SA-Max,87.0,396.0,200051.0,365,365.0,107.0,8.511752653767381,27.249465602890265,0,,,,,,,,20.0,200.0,OK,True
n200_extension_ba_m2,n200_ba_m2,BA,2.0,BA attachment parameter m=2; N=200 extension,200,10,SA-Max,sa_n200,sa_n200_raw_solutions.csv,SA-Max,80.0,396.0,200052.0,413,413.0,99.0,8.689997971419443,24.89818754554644,0,,,,,,,,20.0,200.0,OK,True
n200_extension_ba_m2,n200_ba_m2,BA,2.0,BA attachment parameter m=2; N=200 extension,200,11,SA-Max,sa_n200,sa_n200_raw_solutions.csv,SA-Max,88.0,396.0,200053.0,336,336.0,138.0,8.392317422778762,29.843354655294952,0,,,,,,,,20.0,200.0,OK,True
n200_extension_ba_m2,n200_ba_m2,BA,2.0,BA attachment parameter m=2; N=200 extension,200,12,SA-Max,sa_n200,sa_n200_raw_solutions.csv,SA-Max,83.0,396.0,200054.0,336,336.0,60.0,8.392317422778762,21.983688699360343,0,,,,,,,,20.0,200.0,OK,True
n200_extension_ba_m2,n200_ba_m2,BA,2.0,BA attachment parameter m=2; N=200 extension,200,13,SA-Max,sa_n200,sa_n200_raw_solutions.csv,SA-Max,89.0,396.0,200055.0,367,367.0,120.0,8.519636252843213,27.36784741144413,0,,,,,,,,20.0,200.0,OK,True
n200_extension_ba_m2,n200_ba_m2,BA,2.0,BA attachment parameter m=2; N=200 extension,200,14,SA-Max,sa_n200,sa_n200_raw_solutions.csv,SA-Max,81.0,396.0,200056.0,447,447.0,173.0,8.804131021183318,29.851486241109136,0,,,,,,,,20.0,200.0,OK,True
n200_extension_ba_m2,n200_ba_m2,BA,2.0,BA attachment parameter m=2; N=200 extension,200,15,SA-Max,sa_n200,sa_n200_raw_solutions.csv,SA-Max,87.0,396.0,200057.0,384,384.0,243.0,8.584962500721156,37.136586161879904,0,,,,,,,,20.0,200.0,OK,True
n200_extension_ba_m2,n200_ba_m2,BA,2.0,BA attachment parameter m=2; N=200 extension,200,16,SA-Max,sa_n200,sa_n200_raw_solutions.csv,SA-Max,87.0,396.0,200058.0,357,357.0,51.0,8.4797802640291,21.47074560161144,0,,,,,,,,20.0,200.0,OK,True
n200_extension_ba_m2,n200_ba_m2,BA,2.0,BA attachment parameter m=2; N=200 extension,200,17,SA-Max,sa_n200,sa_n200_raw_solutions.csv,SA-Max,87.0,396.0,200059.0,382,382.0,113.0,8.57742882803575,26.36388121641864,0,,,,,,,,20.0,200.0,OK,True
n200_extension_ba_m2,n200_ba_m2,BA,2.0,BA attachment parameter m=2; N=200 extension,200,18,SA-Max,sa_n200,sa_n200_raw_solutions.csv,SA-Max,82.0,396.0,200060.0,392,392.0,75.0,8.614709844115206,23.38057831828384,0,,,,,,,,20.0,200.0,OK,True
n200_extension_ba_m2,n200_ba_m2,BA,2.0,BA attachment parameter m=2; N=200 extension,200,19,SA-Max,sa_n200,sa_n200_raw_solutions.csv,SA-Max,82.0,396.0,200061.0,362,362.0,116.0,8.499845887083207,26.86475566642689,0,,,,,,,,20.0,200.0,OK,True
