Instance,N,Graph_Seed,Regular_Degree,Edge_Count,graph_hash_sha256,provenance_status
0,150,350000,3,225,b9587f15ec6a95a2e898c3d63cc3d93423871fdcaa5dc51a8001b322ee011521,reconstructed_from_archived_runner_and_validated_against_all_raw_rows
1,150,350001,3,225,4b7edb673e671e745ce7577da21c79be57e5947b60d20335bd7afb68ef64f75a,reconstructed_from_archived_runner_and_validated_against_all_raw_rows
2,150,350002,3,225,2aab9748ba2ab4b4f5dd7777c5cbe1bd9f68b44465a15bf9032ef4d7d1e633ba,reconstructed_from_archived_runner_and_validated_against_all_raw_rows
3,150,350003,3,225,739b138a37cc04f9ed56f4743a22e485a9d315ce376b09d800a3db9d0c38908f,reconstructed_from_archived_runner_and_validated_against_all_raw_rows
4,150,350004,3,225,ac7cacce5b2d107fb78bf9bf9cccb6be85074b4163ec81b65cf82b6d85aec7ed,reconstructed_from_archived_runner_and_validated_against_all_raw_rows
5,150,350005,3,225,d8f5ddc42f26283572395aa6a8c956766c53a6a93b61350bcf2a74dcd0c24e0f,reconstructed_from_archived_runner_and_validated_against_all_raw_rows
6,150,350006,3,225,04bcfc0799720775021050bcca43d9798dbb29b900cbad0aea7dfe40fede669f,reconstructed_from_archived_runner_and_validated_against_all_raw_rows
7,150,350007,3,225,a6885419e5e80a165f155fe35fb4c84329869948b50026f7a002923a3aad169b,reconstructed_from_archived_runner_and_validated_against_all_raw_rows
8,150,350008,3,225,876fae712ceacfca789050df6b009fccbe4b68f9a97638d4621ab7ce67ed0828,reconstructed_from_archived_runner_and_validated_against_all_raw_rows
9,150,350009,3,225,c43d1e912ac7a7d59fd9aa23ccc3e5b792f2f2c2de66a5eb2766368ed77a91b6,reconstructed_from_archived_runner_and_validated_against_all_raw_rows
10,150,350010,3,225,08063040e1ce773a885f8dca4d3394d8269be6cbc4b3448c0025c9ab5fcfa124,reconstructed_from_archived_runner_and_validated_against_all_raw_rows
11,150,350011,3,225,cfd5044cdad4d35cca53fce2b79cee00fcc84dd031e1453aab86ea69f1e43c9d,reconstructed_from_archived_runner_and_validated_against_all_raw_rows
12,150,350012,3,225,2ae4361312f8c841980d8237b7e30d2b35bce87a6a35b096b1f441b77ea66eac,reconstructed_from_archived_runner_and_validated_against_all_raw_rows
13,150,350013,3,225,0e87fa01005a66710481ac6bc99d5bfcb0a2193ded553819e7311f2484d0a7c4,reconstructed_from_archived_runner_and_validated_against_all_raw_rows
14,150,350014,3,225,88e0f0df01cf39de148954a42d65236846831f5d54c052a7c0dae82a699e7cb0,reconstructed_from_archived_runner_and_validated_against_all_raw_rows
15,150,350015,3,225,4faf7397a3ea2fc7b9506b778069c1ee65a1fba9e783c3089eee7684f75e8a57,reconstructed_from_archived_runner_and_validated_against_all_raw_rows
16,150,350016,3,225,955497d93b7f9392aff7029d0e4b89f1fa048d5a34ba39f7e0600986ad516718,reconstructed_from_archived_runner_and_validated_against_all_raw_rows
17,150,350017,3,225,0e337836ee3f90a0552967a56378e4b86c16b8579d59a6b024d68ef632a024ed,reconstructed_from_archived_runner_and_validated_against_all_raw_rows
18,150,350018,3,225,2c8391d1ca0a63557b1196e392b0662dca2922c244cbf6d87909f080dec770b2,reconstructed_from_archived_runner_and_validated_against_all_raw_rows
19,150,350019,3,225,4c226075bdca3803ff452a0e7a873c1fd9dcf61179b0579b57cad195d5d9e72f,reconstructed_from_archived_runner_and_validated_against_all_raw_rows
