Instance,u,v
0,0,94
0,0,136
0,0,138
0,1,94
0,1,105
0,1,116
0,2,53
0,2,67
0,2,97
0,3,81
0,3,104
0,3,120
0,4,59
0,4,62
0,4,128
0,5,27
0,5,86
0,5,111
0,6,48
0,6,83
0,6,89
0,7,13
0,7,113
0,7,125
0,8,35
0,8,53
0,8,148
0,9,52
0,9,71
0,9,104
0,10,31
0,10,86
0,10,144
0,11,40
0,11,89
0,11,135
0,12,33
0,12,101
0,12,141
0,13,60
0,13,79
0,14,63
0,14,83
0,14,95
0,15,46
0,15,77
0,15,107
0,16,87
0,16,93
0,16,131
0,17,34
0,17,41
0,17,95
0,18,21
0,18,49
0,18,51
0,19,90
0,19,123
0,19,134
0,20,62
0,20,74
0,20,115
0,21,66
0,21,72
0,22,102
0,22,117
0,22,136
0,23,80
0,23,91
0,23,119
0,24,30
0,24,121
0,24,148
0,25,91
0,25,98
0,25,132
0,26,76
0,26,105
0,26,129
0,27,48
0,27,129
0,28,46
0,28,63
0,28,90
0,29,38
0,29,56
0,29,125
0,30,61
0,30,100
0,31,50
0,31,128
0,32,73
0,32,133
0,32,147
0,33,54
0,33,132
0,34,65
0,34,127
0,35,108
0,35,112
0,36,45
0,36,64
0,36,143
0,37,41
0,37,61
0,37,121
0,38,56
0,38,92
0,39,54
0,39,133
0,39,140
0,40,92
0,40,100
0,41,131
0,42,75
0,42,101
0,42,133
0,43,75
0,43,132
0,43,142
0,44,77
0,44,85
0,44,146
0,45,80
0,45,107
0,46,80
0,47,84
0,47,99
0,47,122
0,48,145
0,49,71
0,49,109
0,50,72
0,50,140
0,51,90
0,51,106
0,52,83
0,52,96
0,53,55
0,54,149
0,55,118
0,55,120
0,56,86
0,57,62
0,57,134
0,57,144
0,58,110
0,58,117
0,58,147
0,59,108
0,59,129
0,60,87
0,60,139
0,61,123
0,63,81
0,64,97
0,64,128
0,65,73
0,65,149
0,66,99
0,66,135
0,67,103
0,67,119
0,68,88
0,68,98
0,68,99
0,69,88
0,69,98
0,69,139
0,70,78
0,70,82
0,70,145
0,71,112
0,72,84
0,73,105
0,74,142
0,74,145
0,75,84
0,76,114
0,76,146
0,77,79
0,78,100
0,78,140
0,79,119
0,81,106
0,82,85
0,82,135
0,85,141
0,87,137
0,88,93
0,89,124
0,91,116
0,92,137
0,93,126
0,94,136
0,95,125
0,96,108
0,96,126
0,97,138
0,101,115
0,102,103
0,102,107
0,103,104
0,106,146
0,109,110
0,109,141
0,110,130
0,111,137
0,111,143
0,112,130
0,113,134
0,113,139
0,114,124
0,114,147
0,115,127
0,116,117
0,118,143
0,118,144
0,120,126
0,121,130
0,122,123
0,122,138
0,124,127
0,131,142
0,148,149
1,0,41
1,0,79
1,0,81
1,1,97
1,1,137
1,1,141
1,2,24
1,2,37
1,2,128
1,3,27
1,3,44
1,3,141
1,4,104
1,4,135
1,4,145
1,5,30
1,5,76
1,5,148
1,6,32
1,6,107
1,6,137
1,7,34
1,7,47
1,7,134
1,8,64
1,8,78
1,8,135
1,9,55
1,9,72
1,9,118
1,10,17
1,10,39
1,10,138
1,11,56
1,11,84
1,11,134
1,12,37
1,12,48
1,12,112
1,13,55
1,13,60
1,13,119
1,14,54
1,14,94
1,14,118
1,15,25
1,15,43
1,15,111
1,16,51
1,16,79
1,16,106
1,17,53
1,17,85
1,18,21
1,18,28
1,18,63
1,19,80
1,19,123
1,19,131
1,20,97
1,20,101
1,20,109
1,21,48
1,21,94
1,22,53
1,22,122
1,22,146
1,23,35
1,23,104
1,23,135
1,24,73
1,24,149
1,25,49
1,25,77
1,26,108
1,26,125
1,26,147
1,27,32
1,27,89
1,28,69
1,28,144
1,29,45
1,29,65
1,29,105
1,30,34
1,30,122
1,31,86
1,31,96
1,31,117
1,32,56
1,33,91
1,33,100
1,33,112
1,34,105
1,35,54
1,35,102
1,36,113
1,36,132
1,36,133
1,37,144
1,38,57
1,38,72
1,38,92
1,39,64
1,39,145
1,40,116
1,40,124
1,40,139
1,41,59
1,41,107
1,42,110
1,42,112
1,42,129
1,43,99
1,43,143
1,44,50
1,44,99
1,45,58
1,45,85
1,46,59
1,46,99
1,46,110
1,47,108
1,47,127
1,48,111
1,49,66
1,49,71
1,50,52
1,50,110
1,51,103
1,51,144
1,52,77
1,52,104
1,53,107
1,54,63
1,55,64
1,56,68
1,57,72
1,57,82
1,58,125
1,58,126
1,59,68
1,60,67
1,60,147
1,61,98
1,61,113
1,61,132
1,62,121
1,62,125
1,62,131
1,63,84
1,65,69
1,65,96
1,66,117
1,66,127
1,67,83
1,67,147
1,68,97
1,69,106
1,70,75
1,70,78
1,70,115
1,71,74
1,71,77
1,73,126
1,73,133
1,74,102
1,74,130
1,75,131
1,75,136
1,76,100
1,76,141
1,78,89
1,79,87
1,80,87
1,80,117
1,81,103
1,81,106
1,82,86
1,82,94
1,83,109
1,83,123
1,84,121
1,85,119
1,86,146
1,87,129
1,88,90
1,88,124
1,88,136
1,89,90
1,90,119
1,91,118
1,91,139
1,92,93
1,92,109
1,93,96
1,93,142
1,95,101
1,95,116
1,95,134
1,98,115
1,98,138
1,100,120
1,101,113
1,102,115
1,103,108
1,105,114
1,111,122
1,114,133
1,114,148
1,116,138
1,120,130
1,120,142
1,121,149
1,123,140
1,124,149
1,126,143
1,127,130
1,128,129
1,128,139
1,132,148
1,136,137
1,140,143
1,140,145
1,142,146
2,0,25
2,0,92
2,0,105
2,1,45
2,1,137
2,1,149
2,2,34
2,2,99
2,2,102
2,3,12
2,3,45
2,3,144
2,4,73
2,4,128
2,4,141
2,5,43
2,5,55
2,5,72
2,6,30
2,6,121
2,6,145
2,7,20
2,7,30
2,7,135
2,8,48
2,8,84
2,8,91
2,9,11
2,9,12
2,9,132
2,10,28
2,10,40
2,10,70
2,11,48
2,11,131
2,12,129
2,13,22
2,13,42
2,13,67
2,14,38
2,14,117
2,14,138
2,15,62
2,15,93
2,15,123
2,16,35
2,16,93
2,16,139
2,17,90
2,17,111
2,17,120
2,18,80
2,18,112
2,18,144
2,19,23
2,19,58
2,19,109
2,20,111
2,20,120
2,21,69
2,21,101
2,21,143
2,22,77
2,22,99
2,23,34
2,23,113
2,24,39
2,24,46
2,24,126
2,25,63
2,25,88
2,26,27
2,26,68
2,26,121
2,27,37
2,27,112
2,28,54
2,28,125
2,29,32
2,29,76
2,29,112
2,30,68
2,31,97
2,31,108
2,31,109
2,32,64
2,32,132
2,33,44
2,33,47
2,33,148
2,34,114
2,35,127
2,35,141
2,36,44
2,36,129
2,36,142
2,37,43
2,37,146
2,38,91
2,38,110
2,39,61
2,39,71
2,40,61
2,40,98
2,41,78
2,41,94
2,41,134
2,42,87
2,42,135
2,43,148
2,44,123
2,45,59
2,46,72
2,46,107
2,47,138
2,47,143
2,48,74
2,49,81
2,49,92
2,49,106
2,50,120
2,50,142
2,50,147
2,51,88
2,51,137
2,51,139
2,52,74
2,52,113
2,52,116
2,53,57
2,53,65
2,53,113
2,54,73
2,54,100
2,55,79
2,55,142
2,56,100
2,56,122
2,56,137
2,57,73
2,57,89
2,58,130
2,58,143
2,59,71
2,59,127
2,60,78
2,60,83
2,60,124
2,61,100
2,62,66
2,62,94
2,63,89
2,63,116
2,64,77
2,64,140
2,65,81
2,65,116
2,66,87
2,66,106
2,67,79
2,67,115
2,68,140
2,69,81
2,69,134
2,70,95
2,70,105
2,71,124
2,72,99
2,74,122
2,75,86
2,75,91
2,75,132
2,76,89
2,76,119
2,77,149
2,78,148
2,79,86
2,80,90
2,80,97
2,82,104
2,82,108
2,82,149
2,83,96
2,83,126
2,84,125
2,84,133
2,85,104
2,85,126
2,85,136
2,86,96
2,87,134
2,88,110
2,90,114
2,92,104
2,93,118
2,94,136
2,95,98
2,95,146
2,96,145
2,97,115
2,98,118
2,101,103
2,101,130
2,102,117
2,102,131
2,103,108
2,103,127
2,105,138
2,106,122
2,107,124
2,107,135
2,109,115
2,110,146
2,111,118
2,114,140
2,117,147
2,119,128
2,119,144
2,121,123
2,125,131
2,128,133
2,129,136
2,130,139
2,133,141
2,145,147
3,0,6
3,0,61
3,0,124
3,1,41
3,1,43
3,1,90
3,2,35
3,2,60
3,2,108
3,3,11
3,3,43
3,3,131
3,4,11
3,4,55
3,4,112
3,5,19
3,5,77
3,5,138
3,6,37
3,6,79
3,7,54
3,7,134
3,7,145
3,8,21
3,8,132
3,8,149
3,9,32
3,9,83
3,9,108
3,10,64
3,10,99
3,10,126
3,11,126
3,12,58
3,12,86
3,12,104
3,13,17
3,13,28
3,13,130
3,14,78
3,14,95
3,14,102
3,15,27
3,15,73
3,15,101
3,16,51
3,16,55
3,16,92
3,17,96
3,17,117
3,18,37
3,18,47
3,18,116
3,19,45
3,19,146
3,20,26
3,20,53
3,20,140
3,21,36
3,21,105
3,22,82
3,22,91
3,22,100
3,23,62
3,23,79
3,23,131
3,24,63
3,24,116
3,24,122
3,25,41
3,25,75
3,25,122
3,26,139
3,26,140
3,27,96
3,27,120
3,28,99
3,28,148
3,29,34
3,29,36
3,29,142
3,30,119
3,30,122
3,30,133
3,31,42
3,31,123
3,31,128
3,32,110
3,32,114
3,33,60
3,33,66
3,33,118
3,34,100
3,34,138
3,35,117
3,35,143
3,36,40
3,37,68
3,38,120
3,38,136
3,38,148
3,39,50
3,39,97
3,39,123
3,40,78
3,40,93
3,41,56
3,42,60
3,42,69
3,43,142
3,44,100
3,44,125
3,44,129
3,45,110
3,45,115
3,46,81
3,46,105
3,46,113
3,47,59
3,47,109
3,48,49
3,48,67
3,48,103
3,49,106
3,49,141
3,50,98
3,50,144
3,51,85
3,51,113
3,52,95
3,52,138
3,52,146
3,53,72
3,53,143
3,54,76
3,54,128
3,55,102
3,56,81
3,56,132
3,57,83
3,57,104
3,57,119
3,58,94
3,58,144
3,59,83
3,59,84
3,61,63
3,61,135
3,62,92
3,62,136
3,63,105
3,64,76
3,64,125
3,65,103
3,65,106
3,65,121
3,66,80
3,66,107
3,67,102
3,67,140
3,68,89
3,68,114
3,69,97
3,69,107
3,70,123
3,70,130
3,70,149
3,71,79
3,71,88
3,71,124
3,72,73
3,72,118
3,73,146
3,74,87
3,74,111
3,74,137
3,75,101
3,75,104
3,76,127
3,77,130
3,77,144
3,78,80
3,80,94
3,81,82
3,82,139
3,84,90
3,84,132
3,85,109
3,85,141
3,86,106
3,86,113
3,87,111
3,87,112
3,88,131
3,88,135
3,89,117
3,89,127
3,90,99
3,91,127
3,91,139
3,92,95
3,93,134
3,93,142
3,94,111
3,96,133
3,97,147
3,98,129
3,98,136
3,101,147
3,103,125
3,107,120
3,108,134
3,109,137
3,110,135
3,112,141
3,114,128
3,115,126
3,115,147
3,116,124
3,118,137
3,119,145
3,121,133
3,121,148
3,129,149
3,143,145
4,0,26
4,0,64
4,0,75
4,1,63
4,1,83
4,1,147
4,2,4
4,2,50
4,2,93
4,3,74
4,3,96
4,3,135
4,4,54
4,4,110
4,5,84
4,5,109
4,5,124
4,6,37
4,6,69
4,6,107
4,7,10
4,7,73
4,7,91
4,8,76
4,8,123
4,8,134
4,9,45
4,9,59
4,9,99
4,10,14
4,10,133
4,11,28
4,11,44
4,11,113
4,12,33
4,12,56
4,12,60
4,13,19
4,13,49
4,13,62
4,14,143
4,14,146
4,15,40
4,15,63
4,15,97
4,16,22
4,16,94
4,16,121
4,17,33
4,17,52
4,17,136
4,18,32
4,18,46
4,18,129
4,19,56
4,19,69
4,20,22
4,20,36
4,20,85
4,21,40
4,21,70
4,21,134
4,22,90
4,23,96
4,23,114
4,23,142
4,24,40
4,24,45
4,24,81
4,25,84
4,25,86
4,25,111
4,26,28
4,26,145
4,27,54
4,27,70
4,27,128
4,28,104
4,29,66
4,29,101
4,29,148
4,30,44
4,30,110
4,30,137
4,31,55
4,31,80
4,31,125
4,32,48
4,32,121
4,33,131
4,34,68
4,34,79
4,34,81
4,35,46
4,35,87
4,35,147
4,36,79
4,36,86
4,37,60
4,37,71
4,38,84
4,38,115
4,38,126
4,39,52
4,39,53
4,39,92
4,41,115
4,41,127
4,41,149
4,42,77
4,42,93
4,42,113
4,43,107
4,43,137
4,43,140
4,44,80
4,45,127
4,46,88
4,47,51
4,47,106
4,47,147
4,48,50
4,48,103
4,49,136
4,49,141
4,50,58
4,51,122
4,51,145
4,52,128
4,53,104
4,53,126
4,54,117
4,55,112
4,55,129
4,56,135
4,57,61
4,57,67
4,57,95
4,58,61
4,58,128
4,59,68
4,59,83
4,60,100
4,61,143
4,62,103
4,62,117
4,63,87
4,64,109
4,64,114
4,65,72
4,65,99
4,65,102
4,66,82
4,66,149
4,67,116
4,67,131
4,68,140
4,69,77
4,70,119
4,71,125
4,71,133
4,72,99
4,72,107
4,73,95
4,73,136
4,74,87
4,74,109
4,75,82
4,75,103
4,76,82
4,76,125
4,77,129
4,78,98
4,78,119
4,78,145
4,79,88
4,80,132
4,81,100
4,83,141
4,85,91
4,85,105
4,86,89
4,88,111
4,89,92
4,89,110
4,90,98
4,90,130
4,91,133
4,92,130
4,93,149
4,94,122
4,94,140
4,95,146
4,96,144
4,97,118
4,97,132
4,98,144
4,100,142
4,101,126
4,101,127
4,102,105
4,102,123
4,104,105
4,106,108
4,106,120
4,108,122
4,108,139
4,111,138
4,112,116
4,112,138
4,113,124
4,114,116
4,115,132
4,117,124
4,118,120
4,118,130
4,119,121
4,120,144
4,123,142
4,131,143
4,134,137
4,135,148
4,138,146
4,139,141
4,139,148
5,0,28
5,0,54
5,0,106
5,1,77
5,1,94
5,1,139
5,2,60
5,2,75
5,2,100
5,3,93
5,3,128
5,3,148
5,4,35
5,4,45
5,4,85
5,5,36
5,5,91
5,5,104
5,6,22
5,6,63
5,6,119
5,7,33
5,7,42
5,7,146
5,8,13
5,8,95
5,8,106
5,9,26
5,9,66
5,9,93
5,10,55
5,10,89
5,10,108
5,11,67
5,11,94
5,11,119
5,12,18
5,12,68
5,12,103
5,13,100
5,13,105
5,14,23
5,14,83
5,14,112
5,15,77
5,15,80
5,15,95
5,16,30
5,16,44
5,16,141
5,17,22
5,17,37
5,17,38
5,18,21
5,18,104
5,19,32
5,19,65
5,19,99
5,20,58
5,20,124
5,20,147
5,21,53
5,21,92
5,22,144
5,23,47
5,23,69
5,24,51
5,24,64
5,24,105
5,25,70
5,25,90
5,25,109
5,26,111
5,26,149
5,27,48
5,27,66
5,27,91
5,28,114
5,28,149
5,29,131
5,29,135
5,29,143
5,30,44
5,30,141
5,31,73
5,31,99
5,31,124
5,32,122
5,32,143
5,33,85
5,33,137
5,34,71
5,34,144
5,34,148
5,35,46
5,35,107
5,36,67
5,36,142
5,37,87
5,37,107
5,38,93
5,38,146
5,39,74
5,39,78
5,39,98
5,40,64
5,40,73
5,40,136
5,41,61
5,41,62
5,41,124
5,42,74
5,42,107
5,43,63
5,43,106
5,43,130
5,44,130
5,45,76
5,45,83
5,46,118
5,46,129
5,47,70
5,47,134
5,48,56
5,48,84
5,49,51
5,49,69
5,49,128
5,50,98
5,50,104
5,50,147
5,51,88
5,52,56
5,52,84
5,52,95
5,53,131
5,53,144
5,54,123
5,54,141
5,55,138
5,55,145
5,56,142
5,57,115
5,57,122
5,57,142
5,58,88
5,58,146
5,59,81
5,59,101
5,59,120
5,60,127
5,60,133
5,61,131
5,61,134
5,62,115
5,62,147
5,63,96
5,64,118
5,65,111
5,65,121
5,66,136
5,67,105
5,68,109
5,68,130
5,69,123
5,70,112
5,71,87
5,71,90
5,72,80
5,72,118
5,72,128
5,73,99
5,74,76
5,75,76
5,75,116
5,77,97
5,78,132
5,78,140
5,79,110
5,79,135
5,79,137
5,80,98
5,81,120
5,81,148
5,82,87
5,82,133
5,82,145
5,83,140
5,84,129
5,85,136
5,86,103
5,86,110
5,86,125
5,88,127
5,89,97
5,89,117
5,90,126
5,91,113
5,92,109
5,92,149
5,94,125
5,96,114
5,96,132
5,97,102
5,100,111
5,101,123
5,101,143
5,102,108
5,102,132
5,103,119
5,108,138
5,110,116
5,112,126
5,113,115
5,113,117
5,114,140
5,116,121
5,117,137
5,120,134
5,121,129
5,122,139
5,125,139
5,126,127
5,133,138
5,135,145
6,0,42
6,0,63
6,0,75
6,1,20
6,1,47
6,1,103
6,2,4
6,2,23
6,2,106
6,3,13
6,3,103
6,3,133
6,4,32
6,4,67
6,5,24
6,5,89
6,5,123
6,6,95
6,6,132
6,6,145
6,7,33
6,7,62
6,7,139
6,8,16
6,8,29
6,8,88
6,9,51
6,9,87
6,9,96
6,10,30
6,10,43
6,10,115
6,11,12
6,11,28
6,11,80
6,12,42
6,12,79
6,13,19
6,13,129
6,14,63
6,14,77
6,14,82
6,15,66
6,15,81
6,15,112
6,16,54
6,16,59
6,17,38
6,17,56
6,17,123
6,18,74
6,18,104
6,18,105
6,19,99
6,19,105
6,20,33
6,20,112
6,21,37
6,21,45
6,21,110
6,22,36
6,22,44
6,22,85
6,23,56
6,23,144
6,24,58
6,24,134
6,25,37
6,25,72
6,25,116
6,26,71
6,26,124
6,26,125
6,27,46
6,27,64
6,27,128
6,28,41
6,28,134
6,29,61
6,29,63
6,30,84
6,30,138
6,31,122
6,31,128
6,31,146
6,32,60
6,32,92
6,33,148
6,34,72
6,34,75
6,34,115
6,35,45
6,35,137
6,35,139
6,36,85
6,36,90
6,37,117
6,38,110
6,38,142
6,39,61
6,39,66
6,39,121
6,40,73
6,40,100
6,40,110
6,41,61
6,41,117
6,42,126
6,43,68
6,43,71
6,44,82
6,44,91
6,45,127
6,46,90
6,46,91
6,47,89
6,47,106
6,48,89
6,48,99
6,48,133
6,49,98
6,49,114
6,49,145
6,50,54
6,50,127
6,50,136
6,51,86
6,51,90
6,52,113
6,52,137
6,52,143
6,53,91
6,53,119
6,53,121
6,54,67
6,55,70
6,55,108
6,55,138
6,56,96
6,57,68
6,57,76
6,57,146
6,58,62
6,58,111
6,59,79
6,59,149
6,60,71
6,60,108
6,62,77
6,64,65
6,64,94
6,65,81
6,65,124
6,66,94
6,67,73
6,68,122
6,69,87
6,69,93
6,69,126
6,70,140
6,70,145
6,72,114
6,73,141
6,74,103
6,74,148
6,75,92
6,76,102
6,76,123
6,77,117
6,78,105
6,78,111
6,78,143
6,79,135
6,80,131
6,80,143
6,81,127
6,82,139
6,83,107
6,83,124
6,83,126
6,84,131
6,84,132
6,85,101
6,86,140
6,86,149
6,87,147
6,88,97
6,88,98
6,92,96
6,93,131
6,93,136
6,94,133
6,95,129
6,95,135
6,97,128
6,97,130
6,98,114
6,99,148
6,100,118
6,100,121
6,101,106
6,101,144
6,102,142
6,102,146
6,104,130
6,104,135
6,107,125
6,107,134
6,108,141
6,109,113
6,109,115
6,109,130
6,111,120
6,112,116
6,113,147
6,116,141
6,118,129
6,118,140
6,119,132
6,119,144
6,120,136
6,120,147
6,122,125
6,137,138
6,142,149
7,0,52
7,0,89
7,0,133
7,1,37
7,1,72
7,1,146
7,2,11
7,2,39
7,2,41
7,3,67
7,3,68
7,3,129
7,4,22
7,4,47
7,4,84
7,5,7
7,5,96
7,5,116
7,6,54
7,6,114
7,6,124
7,7,20
7,7,28
7,8,66
7,8,83
7,8,121
7,9,17
7,9,18
7,9,46
7,10,54
7,10,74
7,10,126
7,11,122
7,11,130
7,12,57
7,12,108
7,12,148
7,13,51
7,13,62
7,13,122
7,14,27
7,14,42
7,14,116
7,15,19
7,15,26
7,15,103
7,16,33
7,16,86
7,16,127
7,17,92
7,17,101
7,18,75
7,18,94
7,19,30
7,19,87
7,20,21
7,20,123
7,21,49
7,21,88
7,22,53
7,22,135
7,23,80
7,23,108
7,23,140
7,24,45
7,24,114
7,24,149
7,25,115
7,25,128
7,25,142
7,26,46
7,26,97
7,27,82
7,27,117
7,28,37
7,28,106
7,29,32
7,29,66
7,29,85
7,30,134
7,30,135
7,31,109
7,31,119
7,31,147
7,32,55
7,32,74
7,33,102
7,33,137
7,34,57
7,34,68
7,34,75
7,35,48
7,35,124
7,35,143
7,36,70
7,36,89
7,36,110
7,37,63
7,38,52
7,38,131
7,38,139
7,39,44
7,39,84
7,40,60
7,40,63
7,40,77
7,41,103
7,41,112
7,42,101
7,42,139
7,43,56
7,43,107
7,43,126
7,44,83
7,44,128
7,45,94
7,45,130
7,46,149
7,47,51
7,47,144
7,48,50
7,48,141
7,49,105
7,49,142
7,50,108
7,50,109
7,51,119
7,52,78
7,53,61
7,53,141
7,54,123
7,55,96
7,55,148
7,56,73
7,56,101
7,57,79
7,58,73
7,58,113
7,58,121
7,59,84
7,59,86
7,59,147
7,60,82
7,60,125
7,61,79
7,61,125
7,62,90
7,62,144
7,63,120
7,64,76
7,64,95
7,64,136
7,65,69
7,65,72
7,65,148
7,66,124
7,67,87
7,67,145
7,68,70
7,69,106
7,69,133
7,70,142
7,71,99
7,71,131
7,71,134
7,72,81
7,73,111
7,74,107
7,75,95
7,76,91
7,76,149
7,77,96
7,77,125
7,78,80
7,78,81
7,79,93
7,80,87
7,81,143
7,82,138
7,83,130
7,85,88
7,85,110
7,86,100
7,88,115
7,89,93
7,90,111
7,90,116
7,91,97
7,91,99
7,92,109
7,92,126
7,93,137
7,94,98
7,95,106
7,97,140
7,98,110
7,98,141
7,99,120
7,100,102
7,100,118
7,102,132
7,103,129
7,104,136
7,104,145
7,104,146
7,105,107
7,105,129
7,111,134
7,112,136
7,112,139
7,113,131
7,113,140
7,114,147
7,115,135
7,117,121
7,117,146
7,118,119
7,118,132
7,120,127
7,122,123
7,127,128
7,132,144
7,133,143
7,137,138
7,138,145
8,0,35
8,0,53
8,0,97
8,1,113
8,1,143
8,1,147
8,2,7
8,2,102
8,2,141
8,3,73
8,3,90
8,3,92
8,4,42
8,4,44
8,4,48
8,5,60
8,5,137
8,5,145
8,6,43
8,6,88
8,6,135
8,7,19
8,7,33
8,8,50
8,8,73
8,8,130
8,9,57
8,9,83
8,9,144
8,10,68
8,10,69
8,10,100
8,11,28
8,11,64
8,11,129
8,12,72
8,12,80
8,12,84
8,13,35
8,13,67
8,13,81
8,14,75
8,14,107
8,14,142
8,15,19
8,15,71
8,15,104
8,16,34
8,16,50
8,16,123
8,17,65
8,17,113
8,17,122
8,18,53
8,18,78
8,18,85
8,19,135
8,20,24
8,20,41
8,20,76
8,21,39
8,21,79
8,21,121
8,22,26
8,22,32
8,22,82
8,23,129
8,23,138
8,23,146
8,24,79
8,24,114
8,25,49
8,25,121
8,25,125
8,26,99
8,26,107
8,27,55
8,27,104
8,27,124
8,28,34
8,28,127
8,29,83
8,29,111
8,29,125
8,30,53
8,30,106
8,30,121
8,31,38
8,31,52
8,31,101
8,32,38
8,32,114
8,33,44
8,33,49
8,34,135
8,35,138
8,36,64
8,36,84
8,36,149
8,37,70
8,37,116
8,37,118
8,38,97
8,39,59
8,39,116
8,40,56
8,40,106
8,40,112
8,41,119
8,41,145
8,42,92
8,42,142
8,43,67
8,43,140
8,44,59
8,45,81
8,45,86
8,45,146
8,46,130
8,46,141
8,46,142
8,47,76
8,47,78
8,47,105
8,48,60
8,48,101
8,49,73
8,50,93
8,51,54
8,51,62
8,51,74
8,52,98
8,52,117
8,54,96
8,54,99
8,55,95
8,55,122
8,56,67
8,56,71
8,57,82
8,57,93
8,58,115
8,58,132
8,58,138
8,59,109
8,60,64
8,61,108
8,61,134
8,61,139
8,62,74
8,62,136
8,63,69
8,63,87
8,63,110
8,65,69
8,65,136
8,66,112
8,66,129
8,66,134
8,68,85
8,68,131
8,70,90
8,70,94
8,71,149
8,72,75
8,72,128
8,74,148
8,75,125
8,76,146
8,77,110
8,77,126
8,77,140
8,78,94
8,79,143
8,80,108
8,80,133
8,81,109
8,82,139
8,83,123
8,84,145
8,85,96
8,86,91
8,86,103
8,87,91
8,87,108
8,88,107
8,88,115
8,89,111
8,89,117
8,89,130
8,90,143
8,91,120
8,92,139
8,93,148
8,94,120
8,95,133
8,95,147
8,96,144
8,97,98
8,98,127
8,99,110
8,100,111
8,100,124
8,101,148
8,102,106
8,102,137
8,103,119
8,103,132
8,104,149
8,105,118
8,105,141
8,109,134
8,112,123
8,113,119
8,114,126
8,115,144
8,116,132
8,117,140
8,118,131
8,120,128
8,122,127
8,124,136
8,126,131
8,128,133
8,137,147
9,0,21
9,0,57
9,0,105
9,1,4
9,1,39
9,1,114
9,2,21
9,2,31
9,2,56
9,3,39
9,3,104
9,3,129
9,4,16
9,4,95
9,5,11
9,5,62
9,5,74
9,6,53
9,6,111
9,6,148
9,7,55
9,7,67
9,7,81
9,8,122
9,8,129
9,8,147
9,9,12
9,9,85
9,9,97
9,10,37
9,10,38
9,10,61
9,11,102
9,11,119
9,12,22
9,12,46
9,13,45
9,13,71
9,13,114
9,14,59
9,14,63
9,14,110
9,15,59
9,15,92
9,15,123
9,16,17
9,16,122
9,17,18
9,17,102
9,18,36
9,18,136
9,19,25
9,19,140
9,19,148
9,20,68
9,20,115
9,20,134
9,21,80
9,22,68
9,22,107
9,23,63
9,23,73
9,23,123
9,24,81
9,24,97
9,24,109
9,25,87
9,25,94
9,26,73
9,26,89
9,26,127
9,27,80
9,27,91
9,27,92
9,28,53
9,28,88
9,28,101
9,29,58
9,29,83
9,29,149
9,30,32
9,30,35
9,30,141
9,31,56
9,31,149
9,32,101
9,32,130
9,33,75
9,33,100
9,33,128
9,34,49
9,34,53
9,34,106
9,35,40
9,35,41
9,36,70
9,36,128
9,37,109
9,37,120
9,38,130
9,38,140
9,39,146
9,40,66
9,40,91
9,41,89
9,41,146
9,42,57
9,42,97
9,42,108
9,43,74
9,43,116
9,43,135
9,44,78
9,44,131
9,44,133
9,45,113
9,45,144
9,46,69
9,46,106
9,47,77
9,47,90
9,47,118
9,48,66
9,48,76
9,48,133
9,49,77
9,49,85
9,50,54
9,50,115
9,50,147
9,51,56
9,51,60
9,51,134
9,52,58
9,52,84
9,52,137
9,54,86
9,54,146
9,55,79
9,55,94
9,57,124
9,58,131
9,59,121
9,60,64
9,60,98
9,61,93
9,61,116
9,62,139
9,62,142
9,63,99
9,64,87
9,64,100
9,65,93
9,65,131
9,65,132
9,66,117
9,67,79
9,67,109
9,68,124
9,69,88
9,69,95
9,70,84
9,70,94
9,71,96
9,71,98
9,72,90
9,72,108
9,72,133
9,73,147
9,74,104
9,75,113
9,75,115
9,76,88
9,76,145
9,77,135
9,78,99
9,78,137
9,79,84
9,80,141
9,81,110
9,82,121
9,82,142
9,82,144
9,83,107
9,83,119
9,85,122
9,86,103
9,86,138
9,87,89
9,90,92
9,91,143
9,93,111
9,95,107
9,96,111
9,96,118
9,98,112
9,99,126
9,100,102
9,101,104
9,103,117
9,103,145
9,105,134
9,105,145
9,106,149
9,108,119
9,110,143
9,112,139
9,112,141
9,113,116
9,114,139
9,117,125
9,118,127
9,120,125
9,120,126
9,121,137
9,123,148
9,124,136
9,125,142
9,126,127
9,128,136
9,129,140
9,130,138
9,132,135
9,132,144
9,138,143
10,0,52
10,0,105
10,0,139
10,1,43
10,1,117
10,1,122
10,2,8
10,2,76
10,2,125
10,3,34
10,3,110
10,3,113
10,4,16
10,4,22
10,4,113
10,5,6
10,5,69
10,5,102
10,6,25
10,6,138
10,7,87
10,7,96
10,7,100
10,8,65
10,8,114
10,9,79
10,9,96
10,9,125
10,10,61
10,10,118
10,10,132
10,11,41
10,11,94
10,11,141
10,12,17
10,12,34
10,12,39
10,13,72
10,13,103
10,13,133
10,14,56
10,14,140
10,14,147
10,15,31
10,15,92
10,15,137
10,16,73
10,16,74
10,17,29
10,17,65
10,18,82
10,18,125
10,18,128
10,19,51
10,19,126
10,19,140
10,20,84
10,20,108
10,20,122
10,21,48
10,21,53
10,21,54
10,22,38
10,22,69
10,23,55
10,23,87
10,23,136
10,24,77
10,24,121
10,24,127
10,25,62
10,25,131
10,26,36
10,26,142
10,26,144
10,27,45
10,27,98
10,27,105
10,28,50
10,28,84
10,28,101
10,29,82
10,29,95
10,30,92
10,30,130
10,30,148
10,31,65
10,31,90
10,32,40
10,32,112
10,32,114
10,33,48
10,33,99
10,33,146
10,34,105
10,35,45
10,35,59
10,35,81
10,36,61
10,36,138
10,37,53
10,37,59
10,37,149
10,38,104
10,38,109
10,39,77
10,39,148
10,40,86
10,40,104
10,41,78
10,41,95
10,42,80
10,42,85
10,42,97
10,43,130
10,43,147
10,44,57
10,44,60
10,44,70
10,45,79
10,46,51
10,46,128
10,46,149
10,47,73
10,47,90
10,47,118
10,48,84
10,49,67
10,49,108
10,49,132
10,50,133
10,50,137
10,51,97
10,52,73
10,52,109
10,53,92
10,54,55
10,54,116
10,55,112
10,56,94
10,56,100
10,57,93
10,57,121
10,58,82
10,58,99
10,58,110
10,59,127
10,60,71
10,60,118
10,61,64
10,62,102
10,62,119
10,63,69
10,63,78
10,63,144
10,64,120
10,64,135
10,66,80
10,66,91
10,66,147
10,67,74
10,67,126
10,68,85
10,68,104
10,68,144
10,70,107
10,70,143
10,71,76
10,71,140
10,72,109
10,72,136
10,74,132
10,75,97
10,75,122
10,75,126
10,76,121
10,77,129
10,78,112
10,79,106
10,80,119
10,81,108
10,81,137
10,83,100
10,83,127
10,83,148
10,85,123
10,86,88
10,86,146
10,87,107
10,88,94
10,88,128
10,89,91
10,89,124
10,89,149
10,90,117
10,91,141
10,93,114
10,93,116
10,95,139
10,96,136
10,98,120
10,98,131
10,99,124
10,101,120
10,101,124
10,102,106
10,103,123
10,103,138
10,106,131
10,107,135
10,110,123
10,111,135
10,111,139
10,111,145
10,113,143
10,115,119
10,115,134
10,115,145
10,116,142
10,117,134
10,129,134
10,129,145
10,130,143
10,133,142
10,141,146
11,0,77
11,0,99
11,0,110
11,1,54
11,1,82
11,1,111
11,2,15
11,2,30
11,2,35
11,3,64
11,3,103
11,3,123
11,4,12
11,4,44
11,4,89
11,5,25
11,5,30
11,5,113
11,6,20
11,6,37
11,6,141
11,7,97
11,7,120
11,7,138
11,8,16
11,8,24
11,8,112
11,9,45
11,9,80
11,9,108
11,10,83
11,10,100
11,10,109
11,11,98
11,11,102
11,11,131
11,12,36
11,12,108
11,13,14
11,13,59
11,13,114
11,14,33
11,14,95
11,15,44
11,15,126
11,16,34
11,16,50
11,17,23
11,17,35
11,17,101
11,18,63
11,18,85
11,18,146
11,19,42
11,19,87
11,19,140
11,20,55
11,20,127
11,21,56
11,21,91
11,21,121
11,22,24
11,22,88
11,22,105
11,23,101
11,23,140
11,24,137
11,25,26
11,25,113
11,26,37
11,26,117
11,27,39
11,27,126
11,27,139
11,28,34
11,28,41
11,28,79
11,29,62
11,29,94
11,29,100
11,30,145
11,31,57
11,31,73
11,31,126
11,32,35
11,32,119
11,32,142
11,33,37
11,33,111
11,34,42
11,36,139
11,36,144
11,38,72
11,38,94
11,38,97
11,39,69
11,39,77
11,40,61
11,40,96
11,40,145
11,41,118
11,41,145
11,42,125
11,43,68
11,43,122
11,43,125
11,44,138
11,45,46
11,45,104
11,46,81
11,46,115
11,47,66
11,47,70
11,47,78
11,48,58
11,48,79
11,48,112
11,49,107
11,49,122
11,49,127
11,50,76
11,50,81
11,51,74
11,51,83
11,51,133
11,52,67
11,52,121
11,52,132
11,53,94
11,53,101
11,53,106
11,54,95
11,54,136
11,55,110
11,55,120
11,56,84
11,56,104
11,57,106
11,57,142
11,58,90
11,58,137
11,59,69
11,59,110
11,60,91
11,60,103
11,60,140
11,61,84
11,61,135
11,62,114
11,62,130
11,63,124
11,63,146
11,64,92
11,64,135
11,65,84
11,65,88
11,65,116
11,66,93
11,66,113
11,67,124
11,67,139
11,68,103
11,68,142
11,69,100
11,70,82
11,70,105
11,71,93
11,71,109
11,71,131
11,72,85
11,72,147
11,73,88
11,73,99
11,74,144
11,74,149
11,75,99
11,75,115
11,75,132
11,76,91
11,76,116
11,77,127
11,78,129
11,78,147
11,79,143
11,80,93
11,80,132
11,81,86
11,82,146
11,83,148
11,85,130
11,86,128
11,86,133
11,87,105
11,87,136
11,89,119
11,89,148
11,90,108
11,90,143
11,92,102
11,92,128
11,95,147
11,96,134
11,96,141
11,97,120
11,98,107
11,98,144
11,102,124
11,104,129
11,106,134
11,107,123
11,109,148
11,111,114
11,112,149
11,115,118
11,116,149
11,117,135
11,117,137
11,118,122
11,119,133
11,121,141
11,123,128
11,125,136
11,129,131
11,130,134
11,138,143
12,0,84
12,0,118
12,0,133
12,1,7
12,1,93
12,1,115
12,2,59
12,2,72
12,2,96
12,3,23
12,3,107
12,3,144
12,4,27
12,4,83
12,4,109
12,5,44
12,5,103
12,5,111
12,6,34
12,6,73
12,6,110
12,7,28
12,7,82
12,8,28
12,8,72
12,8,115
12,9,18
12,9,71
12,9,112
12,10,34
12,10,76
12,10,108
12,11,14
12,11,46
12,11,55
12,12,22
12,12,24
12,12,115
12,13,19
12,13,57
12,13,91
12,14,87
12,14,104
12,15,48
12,15,69
12,15,99
12,16,118
12,16,122
12,16,147
12,17,32
12,17,35
12,17,105
12,18,88
12,18,137
12,19,36
12,19,54
12,20,61
12,20,76
12,20,92
12,21,104
12,21,121
12,21,148
12,22,47
12,22,117
12,23,87
12,23,98
12,24,101
12,24,106
12,25,36
12,25,48
12,25,83
12,26,43
12,26,51
12,26,113
12,27,78
12,27,99
12,28,42
12,29,31
12,29,116
12,29,130
12,30,89
12,30,109
12,30,125
12,31,40
12,31,66
12,32,52
12,32,68
12,33,45
12,33,100
12,33,109
12,34,126
12,35,46
12,35,64
12,36,142
12,37,50
12,37,106
12,37,108
12,38,100
12,38,127
12,38,139
12,39,62
12,39,74
12,39,113
12,40,124
12,40,127
12,41,86
12,41,94
12,41,136
12,42,86
12,42,141
12,43,133
12,43,134
12,44,73
12,44,76
12,45,87
12,45,146
12,46,69
12,47,85
12,47,133
12,48,99
12,49,71
12,49,132
12,49,142
12,50,75
12,50,120
12,51,58
12,51,83
12,52,55
12,52,95
12,53,65
12,53,122
12,53,142
12,54,144
12,54,145
12,55,58
12,56,82
12,56,125
12,56,129
12,57,59
12,57,86
12,58,147
12,59,149
12,60,67
12,60,121
12,60,126
12,61,91
12,61,139
12,62,80
12,62,127
12,63,72
12,63,89
12,63,97
12,64,105
12,64,123
12,65,119
12,65,125
12,66,114
12,66,130
12,67,70
12,67,135
12,68,81
12,68,97
12,69,138
12,70,78
12,70,106
12,71,95
12,73,104
12,74,111
12,74,131
12,75,90
12,75,129
12,77,88
12,77,117
12,77,136
12,78,137
12,79,111
12,79,140
12,79,143
12,80,103
12,80,123
12,81,102
12,81,135
12,82,94
12,84,134
12,84,141
12,85,139
12,85,140
12,88,138
12,89,146
12,90,92
12,90,93
12,91,119
12,92,123
12,93,98
12,94,103
12,95,131
12,96,134
12,96,135
12,97,145
12,98,114
12,100,107
12,101,119
12,101,138
12,102,143
12,102,146
12,105,128
12,107,121
12,108,148
12,110,124
12,110,140
12,112,116
12,112,137
12,113,116
12,114,141
12,117,144
12,118,132
12,120,124
12,120,149
12,122,129
12,126,149
12,128,131
12,128,136
12,130,132
12,143,147
12,145,148
13,0,5
13,0,35
13,0,74
13,1,34
13,1,64
13,1,138
13,2,66
13,2,86
13,2,147
13,3,60
13,3,61
13,3,122
13,4,19
13,4,89
13,4,104
13,5,79
13,5,133
13,6,47
13,6,84
13,6,85
13,7,8
13,7,64
13,7,132
13,8,36
13,8,109
13,9,32
13,9,86
13,9,117
13,10,17
13,10,131
13,10,132
13,11,20
13,11,105
13,11,112
13,12,22
13,12,95
13,12,136
13,13,84
13,13,106
13,13,137
13,14,21
13,14,59
13,14,128
13,15,28
13,15,69
13,15,121
13,16,36
13,16,87
13,16,142
13,17,72
13,17,77
13,18,98
13,18,106
13,18,128
13,19,48
13,19,57
13,20,82
13,20,146
13,21,33
13,21,95
13,22,145
13,22,149
13,23,50
13,23,59
13,23,65
13,24,62
13,24,102
13,24,130
13,25,41
13,25,67
13,25,127
13,26,29
13,26,54
13,26,112
13,27,98
13,27,146
13,27,149
13,28,48
13,28,79
13,29,137
13,29,142
13,30,39
13,30,42
13,30,58
13,31,108
13,31,119
13,31,125
13,32,63
13,32,97
13,33,84
13,33,125
13,34,78
13,34,147
13,35,68
13,35,105
13,36,145
13,37,47
13,37,56
13,37,105
13,38,44
13,38,107
13,38,149
13,39,41
13,39,137
13,40,81
13,40,113
13,40,122
13,41,76
13,42,73
13,42,90
13,43,56
13,43,86
13,43,123
13,44,89
13,44,120
13,45,47
13,45,117
13,45,118
13,46,79
13,46,87
13,46,111
13,48,125
13,49,52
13,49,109
13,49,134
13,50,71
13,50,93
13,51,63
13,51,92
13,51,116
13,52,57
13,52,121
13,53,72
13,53,80
13,53,104
13,54,87
13,54,135
13,55,92
13,55,140
13,55,141
13,56,100
13,57,118
13,58,78
13,58,115
13,59,69
13,60,91
13,60,129
13,61,76
13,61,90
13,62,116
13,62,135
13,63,119
13,64,143
13,65,68
13,65,102
13,66,115
13,66,130
13,67,114
13,67,124
13,68,73
13,69,96
13,70,75
13,70,94
13,70,98
13,71,95
13,71,131
13,72,88
13,73,136
13,74,106
13,74,119
13,75,120
13,75,148
13,76,139
13,77,91
13,77,96
13,78,141
13,80,97
13,80,122
13,81,112
13,81,144
13,82,97
13,82,143
13,83,111
13,83,140
13,83,142
13,85,107
13,85,126
13,88,110
13,88,139
13,89,94
13,90,130
13,91,103
13,92,103
13,93,127
13,93,133
13,94,148
13,96,138
13,99,100
13,99,114
13,99,123
13,100,124
13,101,128
13,101,129
13,101,131
13,102,141
13,103,124
13,104,121
13,107,147
13,108,133
13,108,140
13,109,127
13,110,113
13,110,148
13,111,138
13,113,146
13,114,134
13,115,129
13,116,143
13,117,123
13,118,145
13,120,126
13,126,144
13,132,134
13,135,136
13,139,144
14,0,39
14,0,135
14,0,141
14,1,27
14,1,43
14,1,96
14,2,41
14,2,63
14,2,101
14,3,44
14,3,90
14,3,99
14,4,71
14,4,114
14,4,123
14,5,12
14,5,33
14,5,74
14,6,61
14,6,102
14,6,103
14,7,35
14,7,103
14,7,125
14,8,42
14,8,50
14,8,57
14,9,38
14,9,89
14,9,128
14,10,64
14,10,67
14,10,105
14,11,27
14,11,42
14,11,89
14,12,35
14,12,86
14,13,53
14,13,123
14,13,146
14,14,71
14,14,76
14,14,145
14,15,52
14,15,64
14,15,146
14,16,17
14,16,47
14,16,110
14,17,21
14,17,28
14,18,22
14,18,51
14,18,96
14,19,36
14,19,71
14,19,147
14,20,57
14,20,66
14,20,133
14,21,24
14,21,65
14,22,93
14,22,131
14,23,38
14,23,116
14,23,117
14,24,58
14,24,102
14,25,81
14,25,142
14,25,149
14,26,30
14,26,111
14,26,149
14,27,148
14,28,68
14,28,77
14,29,85
14,29,132
14,29,139
14,30,75
14,30,111
14,31,107
14,31,125
14,31,146
14,32,100
14,32,118
14,32,137
14,33,109
14,33,147
14,34,82
14,34,91
14,34,99
14,35,144
14,36,44
14,36,60
14,37,80
14,37,95
14,37,139
14,38,52
14,39,74
14,39,81
14,40,47
14,40,75
14,40,112
14,41,83
14,41,140
14,42,80
14,43,52
14,43,65
14,44,82
14,45,72
14,45,77
14,45,124
14,46,64
14,46,86
14,46,97
14,47,85
14,48,58
14,48,92
14,48,148
14,49,55
14,49,63
14,49,97
14,50,84
14,50,89
14,51,81
14,51,83
14,53,101
14,53,122
14,54,115
14,54,120
14,54,137
14,55,105
14,55,135
14,56,88
14,56,106
14,56,133
14,57,127
14,58,76
14,59,62
14,59,68
14,59,86
14,60,91
14,60,145
14,61,67
14,61,138
14,62,95
14,62,121
14,63,87
14,65,108
14,66,79
14,66,92
14,67,94
14,68,136
14,69,100
14,69,125
14,69,137
14,70,113
14,70,117
14,70,143
14,72,128
14,72,129
14,73,90
14,73,115
14,73,116
14,74,88
14,75,78
14,76,129
14,77,132
14,78,112
14,78,143
14,79,84
14,79,103
14,80,96
14,82,112
14,83,130
14,84,135
14,85,123
14,87,121
14,87,126
14,88,119
14,90,147
14,91,104
14,92,104
14,93,97
14,93,149
14,94,101
14,94,138
14,95,114
14,98,126
14,98,131
14,98,134
14,99,133
14,100,119
14,102,131
14,104,114
14,105,130
14,106,127
14,106,143
14,107,108
14,107,122
14,108,118
14,109,129
14,109,130
14,110,118
14,110,122
14,111,138
14,113,124
14,113,132
14,115,136
14,116,124
14,117,134
14,119,141
14,120,140
14,120,148
14,121,144
14,126,142
14,127,139
14,128,141
14,134,145
14,136,144
14,140,142
15,0,25
15,0,57
15,0,69
15,1,26
15,1,60
15,1,65
15,2,67
15,2,102
15,2,140
15,3,29
15,3,51
15,3,66
15,4,94
15,4,97
15,4,134
15,5,63
15,5,77
15,5,82
15,6,85
15,6,125
15,6,145
15,7,113
15,7,116
15,7,119
15,8,12
15,8,96
15,8,101
15,9,23
15,9,43
15,9,57
15,10,57
15,10,61
15,10,141
15,11,38
15,11,61
15,11,123
15,12,39
15,12,87
15,13,36
15,13,104
15,13,105
15,14,43
15,14,90
15,14,124
15,15,25
15,15,48
15,15,93
15,16,49
15,16,92
15,16,108
15,17,72
15,17,102
15,17,138
15,18,63
15,18,106
15,18,138
15,19,42
15,19,63
15,19,68
15,20,27
15,20,58
15,20,114
15,21,31
15,21,81
15,21,137
15,22,39
15,22,79
15,22,131
15,23,84
15,23,111
15,24,32
15,24,93
15,24,145
15,25,82
15,26,46
15,26,67
15,27,70
15,27,118
15,28,36
15,28,110
15,28,127
15,29,91
15,29,98
15,30,56
15,30,123
15,30,148
15,31,38
15,31,103
15,32,91
15,32,102
15,33,64
15,33,76
15,33,87
15,34,61
15,34,90
15,34,100
15,35,59
15,35,71
15,35,97
15,36,149
15,37,41
15,37,47
15,37,59
15,38,51
15,39,105
15,40,89
15,40,106
15,40,132
15,41,45
15,41,143
15,42,105
15,42,147
15,43,126
15,44,74
15,44,75
15,44,117
15,45,69
15,45,145
15,46,68
15,46,89
15,47,51
15,47,103
15,48,76
15,48,90
15,49,79
15,49,122
15,50,114
15,50,142
15,50,147
15,52,58
15,52,111
15,52,131
15,53,59
15,53,81
15,53,146
15,54,60
15,54,67
15,54,79
15,55,84
15,55,121
15,55,146
15,56,111
15,56,120
15,58,101
15,60,66
15,62,107
15,62,137
15,62,141
15,64,107
15,64,148
15,65,78
15,65,130
15,66,110
15,68,73
15,69,133
15,70,109
15,70,135
15,71,135
15,71,144
15,72,76
15,72,122
15,73,133
15,73,141
15,74,128
15,74,136
15,75,108
15,75,117
15,77,98
15,77,113
15,78,100
15,78,126
15,80,99
15,80,128
15,80,139
15,81,139
15,82,146
15,83,100
15,83,132
15,83,140
15,84,127
15,85,92
15,85,148
15,86,101
15,86,118
15,86,119
15,87,126
15,88,99
15,88,112
15,88,130
15,89,115
15,91,131
15,92,95
15,93,103
15,94,114
15,94,135
15,95,115
15,95,149
15,96,120
15,96,124
15,97,116
15,98,134
15,99,130
15,104,112
15,104,136
15,106,110
15,107,109
15,108,133
15,109,115
15,112,124
15,113,149
15,116,129
15,117,140
15,118,138
15,119,129
15,120,142
15,121,132
15,121,147
15,122,142
15,123,129
15,125,134
15,125,136
15,127,143
15,128,144
15,137,143
15,139,144
16,0,78
16,0,121
16,0,137
16,1,32
16,1,112
16,1,139
16,2,16
16,2,56
16,2,98
16,3,17
16,3,80
16,3,100
16,4,40
16,4,87
16,4,149
16,5,14
16,5,42
16,5,118
16,6,47
16,6,107
16,6,135
16,7,47
16,7,72
16,7,139
16,8,29
16,8,74
16,8,143
16,9,55
16,9,83
16,9,116
16,10,27
16,10,35
16,10,46
16,11,12
16,11,22
16,11,146
16,12,35
16,12,38
16,13,52
16,13,92
16,13,117
16,14,41
16,14,54
16,15,58
16,15,101
16,15,116
16,16,107
16,16,134
16,17,132
16,17,139
16,18,39
16,18,86
16,18,89
16,19,45
16,19,96
16,19,126
16,20,36
16,20,121
16,20,124
16,21,50
16,21,71
16,21,148
16,22,25
16,22,133
16,23,30
16,23,49
16,23,138
16,24,33
16,24,39
16,24,83
16,25,53
16,25,141
16,26,67
16,26,105
16,26,141
16,27,85
16,27,91
16,28,31
16,28,40
16,28,52
16,29,91
16,29,103
16,30,56
16,30,111
16,31,50
16,31,148
16,32,112
16,32,145
16,33,69
16,33,134
16,34,59
16,34,75
16,34,104
16,35,140
16,36,62
16,36,78
16,37,95
16,37,113
16,37,119
16,38,63
16,38,119
16,39,48
16,40,102
16,41,44
16,41,84
16,42,109
16,42,141
16,43,95
16,43,131
16,43,144
16,44,88
16,44,146
16,45,85
16,45,120
16,46,105
16,46,130
16,47,127
16,48,108
16,48,109
16,49,110
16,49,136
16,50,122
16,51,90
16,51,115
16,51,136
16,52,103
16,53,87
16,53,97
16,54,66
16,54,115
16,55,76
16,55,87
16,56,144
16,57,69
16,57,109
16,57,115
16,58,66
16,58,99
16,59,60
16,59,140
16,60,98
16,60,130
16,61,86
16,61,122
16,61,140
16,62,68
16,62,100
16,63,112
16,63,118
16,64,89
16,64,114
16,64,116
16,65,76
16,65,78
16,65,133
16,66,145
16,67,99
16,67,117
16,68,135
16,68,147
16,69,126
16,70,113
16,70,132
16,70,147
16,71,93
16,71,96
16,72,81
16,72,120
16,73,83
16,73,94
16,73,101
16,74,76
16,74,79
16,75,93
16,75,126
16,77,90
16,77,142
16,77,143
16,79,99
16,79,125
16,80,111
16,80,131
16,81,101
16,81,143
16,82,123
16,82,142
16,82,144
16,84,100
16,84,149
16,85,133
16,86,138
16,88,127
16,88,138
16,89,128
16,90,97
16,91,111
16,92,103
16,92,110
16,93,96
16,94,95
16,94,135
16,97,132
16,98,147
16,102,105
16,102,129
16,104,108
16,104,128
16,106,124
16,106,131
16,106,146
16,107,122
16,108,134
16,110,119
16,113,128
16,114,145
16,114,148
16,117,125
16,118,149
16,120,125
16,121,137
16,123,129
16,123,130
16,124,127
16,129,136
16,137,142
17,0,17
17,0,89
17,0,107
17,1,27
17,1,66
17,1,92
17,2,15
17,2,84
17,2,105
17,3,83
17,3,124
17,3,146
17,4,57
17,4,73
17,4,143
17,5,30
17,5,80
17,5,89
17,6,66
17,6,137
17,6,141
17,7,58
17,7,80
17,7,102
17,8,71
17,8,75
17,8,135
17,9,16
17,9,48
17,9,73
17,10,47
17,10,109
17,10,140
17,11,12
17,11,52
17,11,98
17,12,94
17,12,136
17,13,48
17,13,63
17,13,91
17,14,32
17,14,33
17,14,131
17,15,33
17,15,70
17,16,38
17,16,134
17,17,76
17,17,114
17,18,68
17,18,110
17,18,138
17,19,130
17,19,140
17,19,148
17,20,23
17,20,63
17,20,149
17,21,22
17,21,39
17,21,107
17,22,62
17,22,93
17,23,87
17,23,121
17,24,41
17,24,44
17,24,67
17,25,44
17,25,132
17,25,146
17,26,30
17,26,50
17,26,96
17,27,61
17,27,130
17,28,95
17,28,104
17,28,133
17,29,32
17,29,82
17,29,88
17,30,95
17,31,55
17,31,90
17,31,149
17,32,55
17,33,102
17,34,39
17,34,40
17,34,125
17,35,43
17,35,101
17,35,147
17,36,49
17,36,53
17,36,119
17,37,92
17,37,118
17,37,131
17,38,99
17,38,100
17,39,49
17,40,49
17,40,60
17,41,75
17,41,87
17,42,61
17,42,119
17,42,124
17,43,88
17,43,96
17,44,62
17,45,57
17,45,81
17,45,125
17,46,135
17,46,138
17,46,147
17,47,85
17,47,92
17,48,104
17,50,93
17,50,104
17,51,65
17,51,90
17,51,137
17,52,91
17,52,98
17,53,70
17,53,144
17,54,83
17,54,126
17,54,148
17,55,69
17,56,103
17,56,113
17,56,117
17,57,111
17,58,129
17,58,130
17,59,93
17,59,117
17,59,120
17,60,79
17,60,82
17,61,109
17,62,108
17,63,141
17,64,71
17,64,91
17,64,101
17,65,76
17,65,133
17,66,100
17,67,74
17,67,97
17,68,73
17,68,148
17,69,114
17,69,126
17,70,133
17,71,128
17,72,111
17,72,134
17,72,136
17,74,83
17,74,124
17,75,96
17,76,110
17,77,78
17,77,122
17,77,143
17,78,87
17,78,102
17,79,94
17,79,95
17,80,123
17,81,135
17,81,139
17,82,105
17,84,121
17,84,128
17,85,127
17,85,142
17,86,97
17,86,120
17,86,145
17,88,120
17,89,106
17,90,100
17,94,116
17,97,127
17,98,129
17,99,112
17,99,116
17,101,137
17,103,115
17,103,144
17,105,145
17,106,118
17,106,128
17,107,126
17,108,116
17,108,143
17,109,138
17,110,117
17,111,113
17,112,114
17,112,139
17,113,142
17,115,131
17,115,145
17,118,149
17,119,127
17,121,140
17,122,123
17,122,141
17,123,144
17,125,142
17,129,132
17,132,139
17,134,146
17,136,147
18,0,15
18,0,83
18,0,139
18,1,12
18,1,39
18,1,52
18,2,42
18,2,44
18,2,106
18,3,20
18,3,30
18,3,131
18,4,29
18,4,85
18,4,109
18,5,52
18,5,111
18,5,139
18,6,17
18,6,38
18,6,90
18,7,24
18,7,50
18,7,59
18,8,51
18,8,62
18,8,82
18,9,12
18,9,19
18,9,146
18,10,87
18,10,119
18,10,128
18,11,17
18,11,138
18,11,140
18,12,148
18,13,35
18,13,100
18,13,103
18,14,81
18,14,98
18,14,108
18,15,115
18,15,147
18,16,35
18,16,38
18,16,125
18,17,105
18,18,22
18,18,98
18,18,122
18,19,114
18,19,139
18,20,102
18,20,118
18,21,73
18,21,92
18,21,131
18,22,89
18,22,102
18,23,60
18,23,62
18,23,76
18,24,113
18,24,134
18,25,78
18,25,83
18,25,97
18,26,34
18,26,55
18,26,126
18,27,31
18,27,60
18,27,144
18,28,43
18,28,127
18,28,130
18,29,47
18,29,136
18,30,82
18,30,91
18,31,110
18,31,128
18,32,55
18,32,99
18,32,129
18,33,91
18,33,114
18,33,125
18,34,41
18,34,149
18,35,67
18,36,85
18,36,93
18,36,134
18,37,70
18,37,94
18,37,141
18,38,77
18,39,90
18,39,105
18,40,49
18,40,57
18,40,65
18,41,53
18,41,117
18,42,49
18,42,86
18,43,74
18,43,132
18,44,61
18,44,135
18,45,56
18,45,142
18,45,147
18,46,120
18,46,138
18,46,145
18,47,51
18,47,110
18,48,89
18,48,94
18,48,145
18,49,111
18,50,73
18,50,95
18,51,147
18,52,114
18,53,110
18,53,137
18,54,127
18,54,129
18,54,133
18,55,143
18,56,71
18,56,124
18,57,98
18,57,101
18,58,71
18,58,107
18,58,142
18,59,67
18,59,121
18,60,80
18,61,84
18,61,90
18,62,127
18,63,74
18,63,87
18,63,132
18,64,65
18,64,117
18,64,125
18,65,138
18,66,72
18,66,116
18,66,117
18,67,143
18,68,73
18,68,97
18,68,141
18,69,123
18,69,130
18,69,142
18,70,96
18,70,113
18,71,123
18,72,108
18,72,123
18,74,140
18,75,100
18,75,109
18,75,133
18,76,95
18,76,121
18,77,96
18,77,119
18,78,92
18,78,112
18,79,81
18,79,84
18,79,146
18,80,93
18,80,141
18,81,148
18,82,86
18,83,116
18,84,99
18,85,128
18,86,106
18,87,92
18,88,126
18,88,130
18,88,145
18,89,101
18,91,119
18,93,108
18,94,111
18,95,126
18,96,135
18,97,148
18,99,118
18,100,103
18,101,122
18,102,124
18,103,106
18,104,115
18,104,121
18,104,135
18,105,122
18,107,120
18,107,136
18,109,144
18,112,116
18,112,144
18,113,132
18,115,129
18,118,137
18,120,140
18,124,143
18,131,136
18,133,149
18,134,149
18,137,146
19,0,20
19,0,38
19,0,134
19,1,5
19,1,21
19,1,136
19,2,87
19,2,126
19,2,142
19,3,24
19,3,42
19,3,92
19,4,22
19,4,52
19,4,117
19,5,95
19,5,103
19,6,51
19,6,77
19,6,90
19,7,59
19,7,95
19,7,103
19,8,64
19,8,139
19,8,140
19,9,60
19,9,75
19,9,109
19,10,96
19,10,119
19,10,124
19,11,39
19,11,44
19,11,136
19,12,73
19,12,78
19,12,91
19,13,16
19,13,94
19,13,149
19,14,68
19,14,72
19,14,145
19,15,72
19,15,136
19,15,145
19,16,45
19,16,114
19,17,86
19,17,90
19,17,129
19,18,97
19,18,126
19,18,145
19,19,65
19,19,91
19,19,121
19,20,25
19,20,41
19,21,29
19,21,118
19,22,75
19,22,94
19,23,58
19,23,114
19,23,118
19,24,43
19,24,76
19,25,79
19,25,142
19,26,29
19,26,36
19,26,130
19,27,53
19,27,102
19,27,105
19,28,33
19,28,46
19,28,119
19,29,134
19,30,66
19,30,82
19,30,133
19,31,49
19,31,127
19,31,139
19,32,62
19,32,67
19,32,120
19,33,124
19,33,135
19,34,43
19,34,45
19,34,56
19,35,81
19,35,114
19,35,129
19,36,138
19,36,143
19,37,83
19,37,98
19,37,116
19,38,130
19,38,141
19,39,71
19,39,106
19,40,120
19,40,121
19,40,149
19,41,73
19,41,148
19,42,79
19,42,100
19,43,123
19,44,84
19,44,101
19,45,65
19,46,89
19,46,94
19,47,50
19,47,110
19,47,120
19,48,80
19,48,106
19,48,142
19,49,106
19,49,111
19,50,88
19,50,108
19,51,66
19,51,115
19,52,69
19,52,84
19,53,57
19,53,91
19,54,62
19,54,140
19,54,144
19,55,59
19,55,65
19,55,87
19,56,57
19,56,100
19,57,118
19,58,72
19,58,99
19,59,104
19,60,132
19,60,147
19,61,66
19,61,110
19,61,116
19,62,134
19,63,67
19,63,127
19,63,149
19,64,86
19,64,100
19,67,97
19,68,99
19,68,146
19,69,113
19,69,119
19,70,105
19,70,128
19,70,148
19,71,85
19,71,143
19,73,102
19,74,80
19,74,93
19,74,141
19,75,92
19,76,89
19,76,132
19,77,131
19,77,143
19,78,105
19,78,148
19,79,113
19,80,107
19,81,84
19,81,88
19,82,86
19,82,117
19,83,85
19,83,122
19,85,107
19,87,107
19,88,131
19,89,125
19,90,123
19,92,133
19,93,98
19,93,115
19,95,144
19,96,129
19,96,141
19,97,131
19,98,112
19,99,125
19,101,130
19,101,135
19,102,133
19,103,122
19,104,137
19,104,146
19,108,126
19,108,128
19,109,110
19,109,137
19,111,117
19,111,146
19,112,124
19,112,128
19,113,127
19,115,138
19,116,137
19,121,147
19,122,140
19,123,138
19,125,139
19,132,135
19,144,147
