analysis_scope,graph_family_id,budget_label,N,instance,solver_canonical,source_datasets,K_exact,Edges,Graph_Seed,Unique_strict,Strict_occurrences,Families_complete_linkage,zero_yield
budget_n150_ba_m2,budget_n150_ba_m2,QA-Base 10k,150,0,QA-Base,qa_base_budget10k_n150,59.0,296.0,150042.0,2842,8994.0,72,False
budget_n150_ba_m2,budget_n150_ba_m2,QA-Base 10k,150,1,QA-Base,qa_base_budget10k_n150,64.0,296.0,150043.0,508,987.0,25,False
budget_n150_ba_m2,budget_n150_ba_m2,QA-Base 10k,150,2,QA-Base,qa_base_budget10k_n150,60.0,296.0,150044.0,1298,7916.0,26,False
budget_n150_ba_m2,budget_n150_ba_m2,QA-Base 10k,150,3,QA-Base,qa_base_budget10k_n150,60.0,296.0,150045.0,422,5371.0,11,False
budget_n150_ba_m2,budget_n150_ba_m2,QA-Base 10k,150,4,QA-Base,qa_base_budget10k_n150,61.0,296.0,150046.0,466,2448.0,14,False
budget_n150_ba_m2,budget_n150_ba_m2,QA-Base 10k,150,5,QA-Base,qa_base_budget10k_n150,58.0,296.0,150047.0,686,8838.0,17,False
budget_n150_ba_m2,budget_n150_ba_m2,QA-Base 10k,150,6,QA-Base,qa_base_budget10k_n150,64.0,296.0,150048.0,2105,7913.0,76,False
budget_n150_ba_m2,budget_n150_ba_m2,QA-Base 10k,150,7,QA-Base,qa_base_budget10k_n150,70.0,296.0,150049.0,651,767.0,74,False
budget_n150_ba_m2,budget_n150_ba_m2,QA-Base 10k,150,8,QA-Base,qa_base_budget10k_n150,67.0,296.0,150050.0,5615,9141.0,314,False
budget_n150_ba_m2,budget_n150_ba_m2,QA-Base 10k,150,9,QA-Base,qa_base_budget10k_n150,65.0,296.0,150051.0,60,66.0,7,False
budget_n150_ba_m2,budget_n150_ba_m2,QA-Base 10k,150,10,QA-Base,qa_base_budget10k_n150,61.0,296.0,150052.0,629,2085.0,21,False
budget_n150_ba_m2,budget_n150_ba_m2,QA-Base 10k,150,11,QA-Base,qa_base_budget10k_n150,62.0,296.0,150053.0,246,358.0,17,False
budget_n150_ba_m2,budget_n150_ba_m2,QA-Base 10k,150,12,QA-Base,qa_base_budget10k_n150,69.0,296.0,150054.0,137,221.0,15,False
budget_n150_ba_m2,budget_n150_ba_m2,QA-Base 10k,150,13,QA-Base,qa_base_budget10k_n150,66.0,296.0,150055.0,25,29.0,2,False
budget_n150_ba_m2,budget_n150_ba_m2,QA-Base 10k,150,14,QA-Base,qa_base_budget10k_n150,60.0,296.0,150056.0,1351,6567.0,34,False
budget_n150_ba_m2,budget_n150_ba_m2,QA-Base 10k,150,15,QA-Base,qa_base_budget10k_n150,66.0,296.0,150057.0,15,16.0,3,False
budget_n150_ba_m2,budget_n150_ba_m2,QA-Base 10k,150,16,QA-Base,qa_base_budget10k_n150,67.0,296.0,150058.0,1883,5388.0,93,False
budget_n150_ba_m2,budget_n150_ba_m2,QA-Base 10k,150,17,QA-Base,qa_base_budget10k_n150,65.0,296.0,150059.0,685,3920.0,18,False
budget_n150_ba_m2,budget_n150_ba_m2,QA-Base 10k,150,18,QA-Base,qa_base_budget10k_n150,68.0,296.0,150060.0,242,7832.0,3,False
budget_n150_ba_m2,budget_n150_ba_m2,QA-Base 10k,150,19,QA-Base,qa_base_budget10k_n150,62.0,296.0,150061.0,3091,7452.0,145,False
budget_n150_ba_m2,budget_n150_ba_m2,QA-Base 50k,150,0,QA-Base,"qa_base_budget10k_n150,qa_base_budget50k_n150_ext_0_4,qa_base_budget50k_n150_ext_5_9,qa_base_budget50k_n150_ext_10_14,qa_base_budget50k_n150_ext_15_19",59.0,296.0,150042.0,5895,45741.0,186,False
budget_n150_ba_m2,budget_n150_ba_m2,QA-Base 50k,150,1,QA-Base,"qa_base_budget10k_n150,qa_base_budget50k_n150_ext_0_4,qa_base_budget50k_n150_ext_5_9,qa_base_budget50k_n150_ext_10_14,qa_base_budget50k_n150_ext_15_19",64.0,296.0,150043.0,1005,3700.0,42,False
budget_n150_ba_m2,budget_n150_ba_m2,QA-Base 50k,150,2,QA-Base,"qa_base_budget10k_n150,qa_base_budget50k_n150_ext_0_4,qa_base_budget50k_n150_ext_5_9,qa_base_budget50k_n150_ext_10_14,qa_base_budget50k_n150_ext_15_19",60.0,296.0,150044.0,2055,40852.0,52,False
budget_n150_ba_m2,budget_n150_ba_m2,QA-Base 50k,150,3,QA-Base,"qa_base_budget10k_n150,qa_base_budget50k_n150_ext_0_4,qa_base_budget50k_n150_ext_5_9,qa_base_budget50k_n150_ext_10_14,qa_base_budget50k_n150_ext_15_19",60.0,296.0,150045.0,600,26396.0,17,False
budget_n150_ba_m2,budget_n150_ba_m2,QA-Base 50k,150,4,QA-Base,"qa_base_budget10k_n150,qa_base_budget50k_n150_ext_0_4,qa_base_budget50k_n150_ext_5_9,qa_base_budget50k_n150_ext_10_14,qa_base_budget50k_n150_ext_15_19",61.0,296.0,150046.0,796,12000.0,28,False
budget_n150_ba_m2,budget_n150_ba_m2,QA-Base 50k,150,5,QA-Base,"qa_base_budget10k_n150,qa_base_budget50k_n150_ext_0_4,qa_base_budget50k_n150_ext_5_9,qa_base_budget50k_n150_ext_10_14,qa_base_budget50k_n150_ext_15_19",58.0,296.0,150047.0,1202,44209.0,35,False
budget_n150_ba_m2,budget_n150_ba_m2,QA-Base 50k,150,6,QA-Base,"qa_base_budget10k_n150,qa_base_budget50k_n150_ext_0_4,qa_base_budget50k_n150_ext_5_9,qa_base_budget50k_n150_ext_10_14,qa_base_budget50k_n150_ext_15_19",64.0,296.0,150048.0,4647,41251.0,170,False
budget_n150_ba_m2,budget_n150_ba_m2,QA-Base 50k,150,7,QA-Base,"qa_base_budget10k_n150,qa_base_budget50k_n150_ext_0_4,qa_base_budget50k_n150_ext_5_9,qa_base_budget50k_n150_ext_10_14,qa_base_budget50k_n150_ext_15_19",70.0,296.0,150049.0,2166,3481.0,163,False
budget_n150_ba_m2,budget_n150_ba_m2,QA-Base 50k,150,8,QA-Base,"qa_base_budget10k_n150,qa_base_budget50k_n150_ext_0_4,qa_base_budget50k_n150_ext_5_9,qa_base_budget50k_n150_ext_10_14,qa_base_budget50k_n150_ext_15_19",67.0,296.0,150050.0,17017,46061.0,851,False
budget_n150_ba_m2,budget_n150_ba_m2,QA-Base 50k,150,9,QA-Base,"qa_base_budget10k_n150,qa_base_budget50k_n150_ext_0_4,qa_base_budget50k_n150_ext_5_9,qa_base_budget50k_n150_ext_10_14,qa_base_budget50k_n150_ext_15_19",65.0,296.0,150051.0,324,438.0,25,False
budget_n150_ba_m2,budget_n150_ba_m2,QA-Base 50k,150,10,QA-Base,"qa_base_budget10k_n150,qa_base_budget50k_n150_ext_0_4,qa_base_budget50k_n150_ext_5_9,qa_base_budget50k_n150_ext_10_14,qa_base_budget50k_n150_ext_15_19",61.0,296.0,150052.0,1676,11346.0,63,False
budget_n150_ba_m2,budget_n150_ba_m2,QA-Base 50k,150,11,QA-Base,"qa_base_budget10k_n150,qa_base_budget50k_n150_ext_0_4,qa_base_budget50k_n150_ext_5_9,qa_base_budget50k_n150_ext_10_14,qa_base_budget50k_n150_ext_15_19",62.0,296.0,150053.0,651,1404.0,36,False
budget_n150_ba_m2,budget_n150_ba_m2,QA-Base 50k,150,12,QA-Base,"qa_base_budget10k_n150,qa_base_budget50k_n150_ext_0_4,qa_base_budget50k_n150_ext_5_9,qa_base_budget50k_n150_ext_10_14,qa_base_budget50k_n150_ext_15_19",69.0,296.0,150054.0,410,974.0,26,False
budget_n150_ba_m2,budget_n150_ba_m2,QA-Base 50k,150,13,QA-Base,"qa_base_budget10k_n150,qa_base_budget50k_n150_ext_0_4,qa_base_budget50k_n150_ext_5_9,qa_base_budget50k_n150_ext_10_14,qa_base_budget50k_n150_ext_15_19",66.0,296.0,150055.0,120,195.0,5,False
budget_n150_ba_m2,budget_n150_ba_m2,QA-Base 50k,150,14,QA-Base,"qa_base_budget10k_n150,qa_base_budget50k_n150_ext_0_4,qa_base_budget50k_n150_ext_5_9,qa_base_budget50k_n150_ext_10_14,qa_base_budget50k_n150_ext_15_19",60.0,296.0,150056.0,2959,31735.0,85,False
budget_n150_ba_m2,budget_n150_ba_m2,QA-Base 50k,150,15,QA-Base,"qa_base_budget10k_n150,qa_base_budget50k_n150_ext_0_4,qa_base_budget50k_n150_ext_5_9,qa_base_budget50k_n150_ext_10_14,qa_base_budget50k_n150_ext_15_19",66.0,296.0,150057.0,48,61.0,6,False
budget_n150_ba_m2,budget_n150_ba_m2,QA-Base 50k,150,16,QA-Base,"qa_base_budget10k_n150,qa_base_budget50k_n150_ext_0_4,qa_base_budget50k_n150_ext_5_9,qa_base_budget50k_n150_ext_10_14,qa_base_budget50k_n150_ext_15_19",67.0,296.0,150058.0,4149,23808.0,183,False
budget_n150_ba_m2,budget_n150_ba_m2,QA-Base 50k,150,17,QA-Base,"qa_base_budget10k_n150,qa_base_budget50k_n150_ext_0_4,qa_base_budget50k_n150_ext_5_9,qa_base_budget50k_n150_ext_10_14,qa_base_budget50k_n150_ext_15_19",65.0,296.0,150059.0,1329,20155.0,42,False
budget_n150_ba_m2,budget_n150_ba_m2,QA-Base 50k,150,18,QA-Base,"qa_base_budget10k_n150,qa_base_budget50k_n150_ext_0_4,qa_base_budget50k_n150_ext_5_9,qa_base_budget50k_n150_ext_10_14,qa_base_budget50k_n150_ext_15_19",68.0,296.0,150060.0,436,39933.0,14,False
budget_n150_ba_m2,budget_n150_ba_m2,QA-Base 50k,150,19,QA-Base,"qa_base_budget10k_n150,qa_base_budget50k_n150_ext_0_4,qa_base_budget50k_n150_ext_5_9,qa_base_budget50k_n150_ext_10_14,qa_base_budget50k_n150_ext_15_19",62.0,296.0,150061.0,8759,36835.0,396,False
budget_n150_ba_m2,budget_n150_ba_m2,DC-OSQA 10k,150,0,DC-OSQA,qa_budget10k_n150,59.0,296.0,150042.0,6263,7915.0,331,False
budget_n150_ba_m2,budget_n150_ba_m2,DC-OSQA 10k,150,1,DC-OSQA,qa_budget10k_n150,64.0,296.0,150043.0,26,26.0,6,False
budget_n150_ba_m2,budget_n150_ba_m2,DC-OSQA 10k,150,2,DC-OSQA,qa_budget10k_n150,60.0,296.0,150044.0,4134,9078.0,160,False
budget_n150_ba_m2,budget_n150_ba_m2,DC-OSQA 10k,150,3,DC-OSQA,qa_budget10k_n150,60.0,296.0,150045.0,1179,8692.0,40,False
budget_n150_ba_m2,budget_n150_ba_m2,DC-OSQA 10k,150,4,DC-OSQA,qa_budget10k_n150,61.0,296.0,150046.0,2054,9243.0,87,False
budget_n150_ba_m2,budget_n150_ba_m2,DC-OSQA 10k,150,5,DC-OSQA,qa_budget10k_n150,58.0,296.0,150047.0,4332,7300.0,209,False
budget_n150_ba_m2,budget_n150_ba_m2,DC-OSQA 10k,150,6,DC-OSQA,qa_budget10k_n150,64.0,296.0,150048.0,7972,8406.0,907,False
budget_n150_ba_m2,budget_n150_ba_m2,DC-OSQA 10k,150,7,DC-OSQA,qa_budget10k_n150,70.0,296.0,150049.0,7929,8028.0,1708,False
budget_n150_ba_m2,budget_n150_ba_m2,DC-OSQA 10k,150,8,DC-OSQA,qa_budget10k_n150,67.0,296.0,150050.0,9546,9658.0,1744,False
budget_n150_ba_m2,budget_n150_ba_m2,DC-OSQA 10k,150,9,DC-OSQA,qa_budget10k_n150,65.0,296.0,150051.0,4836,5293.0,384,False
budget_n150_ba_m2,budget_n150_ba_m2,DC-OSQA 10k,150,10,DC-OSQA,qa_budget10k_n150,61.0,296.0,150052.0,3806,7276.0,179,False
budget_n150_ba_m2,budget_n150_ba_m2,DC-OSQA 10k,150,11,DC-OSQA,qa_budget10k_n150,62.0,296.0,150053.0,5919,9152.0,346,False
budget_n150_ba_m2,budget_n150_ba_m2,DC-OSQA 10k,150,12,DC-OSQA,qa_budget10k_n150,69.0,296.0,150054.0,661,688.0,87,False
budget_n150_ba_m2,budget_n150_ba_m2,DC-OSQA 10k,150,13,DC-OSQA,qa_budget10k_n150,66.0,296.0,150055.0,2427,5135.0,116,False
budget_n150_ba_m2,budget_n150_ba_m2,DC-OSQA 10k,150,14,DC-OSQA,qa_budget10k_n150,60.0,296.0,150056.0,4844,9094.0,224,False
budget_n150_ba_m2,budget_n150_ba_m2,DC-OSQA 10k,150,15,DC-OSQA,qa_budget10k_n150,66.0,296.0,150057.0,846,858.0,150,False
budget_n150_ba_m2,budget_n150_ba_m2,DC-OSQA 10k,150,16,DC-OSQA,qa_budget10k_n150,67.0,296.0,150058.0,7258,7600.0,972,False
budget_n150_ba_m2,budget_n150_ba_m2,DC-OSQA 10k,150,17,DC-OSQA,qa_budget10k_n150,65.0,296.0,150059.0,1075,4012.0,49,False
budget_n150_ba_m2,budget_n150_ba_m2,DC-OSQA 10k,150,18,DC-OSQA,qa_budget10k_n150,68.0,296.0,150060.0,1061,2844.0,53,False
budget_n150_ba_m2,budget_n150_ba_m2,DC-OSQA 10k,150,19,DC-OSQA,qa_budget10k_n150,62.0,296.0,150061.0,9661,9776.0,1503,False
